# Blender v2.93.6 OBJ File: ''
# www.blender.org
mtllib doublegun.mtl
o FlatSkin_EngineerMonkey_DoubleGun
v 1.004879 4.154143 0.611619
v 1.953182 5.676243 1.059221
v 1.931639 4.479562 0.601640
v -0.000000 5.537891 1.825026
v -0.000000 6.818665 1.826514
v 1.926333 6.812156 0.977082
v -1.007823 4.154146 0.611619
v 1.508538 8.864919 0.724146
v -1.953183 5.676243 1.059221
v -1.934583 4.479562 0.601640
v -1.926333 6.812157 0.977082
v -1.508539 8.864919 0.724147
v -0.000000 8.956484 1.228186
v 1.734179 10.479048 0.520087
v -1.734181 10.479048 0.520088
v -0.000001 11.449041 0.901726
v 1.926333 6.812156 0.977082
v 1.508538 8.864919 0.724146
v 1.403985 8.785998 -0.908504
v 2.211912 6.775225 -0.507725
v 1.953182 5.676243 1.059221
v 2.311343 5.669472 -0.473629
v 1.999253 4.439718 -0.366018
v 1.931639 4.479562 0.601640
v 1.054473 4.106002 -0.351696
v 1.467280 5.500197 -1.653038
v 1.406382 6.719157 -1.657220
v -1.467280 5.500198 -1.653038
v -1.089131 4.106005 -0.351696
v 1.004879 4.154143 0.611619
v -1.007823 4.154146 0.611619
v -1.406383 6.719158 -1.657220
v -1.403987 8.785998 -0.908504
v -1.711393 10.566669 -0.674325
v 1.711392 10.566669 -0.674325
v -0.000001 11.441869 -0.586000
v 1.734179 10.479048 0.520087
v -0.000001 11.449041 0.901726
v -1.926333 6.812157 0.977082
v -1.403987 8.785998 -0.908504
v -1.508539 8.864919 0.724147
v -2.211913 6.775225 -0.507724
v -1.406383 6.719158 -1.657220
v -1.467280 5.500198 -1.653038
v -1.953183 5.676243 1.059221
v -2.311343 5.669473 -0.473629
v -1.089131 4.106005 -0.351696
v -2.017804 4.439717 -0.366018
v -1.934583 4.479562 0.601640
v -1.734181 10.479048 0.520088
v -1.711393 10.566669 -0.674325
v -0.000001 11.441869 -0.586000
v -0.000001 11.449041 0.901726
v 6.971264 8.661275 0.876606
v 7.093644 8.654361 -1.033015
v 5.052250 8.818398 -1.032094
v 4.411499 8.883145 0.901464
v 3.784885 8.883006 -0.923595
v 1.508538 8.864919 0.724146
v 1.403985 8.785998 -0.908504
v 1.734179 10.479048 0.520087
v 4.308282 10.504743 0.721230
v 7.079549 10.539928 0.725700
v 1.711392 10.566669 -0.674325
v 4.981140 10.493113 -0.943407
v 7.256696 10.519542 -1.135008
v 3.734967 10.430966 -0.745187
v 1.403985 8.785998 -0.908504
v 3.784885 8.883006 -0.923595
v 5.052250 8.818398 -1.032094
v 7.093644 8.654361 -1.033015
v -2.932490 0.035427 1.985219
v -1.866331 0.035427 2.814411
v -0.749331 0.035427 2.443045
v -0.622294 0.035428 -0.773545
v -2.037526 0.035427 -1.112225
v 0.743444 0.035429 2.443043
v 1.860801 0.035429 2.814334
v 2.926604 0.035429 1.985218
v 0.616407 0.035429 -0.773545
v 2.031640 0.035429 -1.112225
v -6.971263 8.661274 0.876607
v -5.052250 8.818398 -1.032093
v -7.093644 8.654360 -1.033014
v -4.411500 8.883145 0.901465
v -3.784887 8.883006 -0.923595
v -1.508539 8.864919 0.724147
v -1.403987 8.785998 -0.908504
v -1.734181 10.479048 0.520088
v -4.308284 10.504744 0.721231
v -7.079549 10.539927 0.725701
v -1.711393 10.566669 -0.674325
v -4.981142 10.493114 -0.943406
v -7.256697 10.519541 -1.135007
v -3.734969 10.430966 -0.745187
v -1.403987 8.785998 -0.908504
v -3.784887 8.883006 -0.923595
v -5.052250 8.818398 -1.032093
v -7.093644 8.654360 -1.033014
v -1.037704 1.302636 0.508544
v -1.047713 1.377992 -0.241445
v -0.707378 0.472757 -0.809012
v -1.885920 1.327557 -0.269905
v -0.807005 0.698485 2.360187
v -1.886575 1.328372 0.546966
v -2.874759 0.703632 2.001611
v -2.007206 0.462670 -1.085648
v -2.037526 0.035427 -1.112225
v -0.622294 0.035428 -0.773545
v -2.932490 0.035427 1.985219
v -0.749331 0.035427 2.443045
v -1.866331 0.035427 2.814411
v -1.874177 0.460341 2.780734
v 1.031817 1.302637 0.508544
v 0.701492 0.472758 -0.809012
v 1.041826 1.377993 -0.241446
v 0.801118 0.698486 2.360186
v 1.880688 1.328373 0.546966
v 1.880033 1.327558 -0.269906
v 2.868872 0.703634 2.001610
v 2.001318 0.462671 -1.085648
v 2.031640 0.035429 -1.112225
v 0.616407 0.035429 -0.773545
v 2.926604 0.035429 1.985218
v 0.743444 0.035429 2.443043
v 1.860801 0.035429 2.814334
v 1.848487 0.460293 2.784167
v -1.921579 2.353259 0.666623
v -1.037704 1.302636 0.508544
v -1.886575 1.328372 0.546966
v -1.885920 1.327557 -0.269905
v -1.131765 2.321149 0.660442
v -1.047713 1.377992 -0.241445
v -1.124311 2.709438 -0.171243
v -1.087731 3.225867 0.717336
v -1.089131 4.106005 -0.351696
v -1.007823 4.154146 0.611619
v -1.934583 4.479562 0.601640
v -1.970953 3.285102 0.689813
v -2.017804 4.439717 -0.366018
v -1.977781 2.733995 -0.192422
v -1.047713 1.377992 -0.241445
v -1.089131 4.106005 -0.351696
v -1.124311 2.709438 -0.171243
v 1.915692 2.353260 0.666623
v 1.880688 1.328373 0.546966
v 1.031817 1.302637 0.508544
v 1.880033 1.327558 -0.269906
v 1.125877 2.321149 0.660443
v 1.041826 1.377993 -0.241446
v 1.118423 2.709439 -0.171243
v 1.081844 3.225868 0.717337
v 1.054473 4.106002 -0.351696
v 1.004879 4.154143 0.611619
v 1.931639 4.479562 0.601640
v 1.965065 3.285101 0.689813
v 1.999253 4.439718 -0.366018
v 1.971893 2.733995 -0.192422
v 1.041826 1.377993 -0.241446
v 1.054473 4.106002 -0.351696
v 1.118423 2.709439 -0.171243
v -10.904675 10.352527 0.115938
v -11.429661 10.149661 0.151820
v -11.637396 10.043998 -0.226518
v -9.547352 8.987514 1.005907
v -8.847230 9.804168 1.293725
v -9.700178 8.541170 1.600985
v -10.971881 10.382507 0.985545
v -10.692463 9.079235 0.865354
v -11.069180 9.052345 0.249074
v -11.303059 10.214054 0.437243
v -11.469987 9.023734 -0.406610
v -11.429661 10.149661 0.151820
v -11.637396 10.043998 -0.226518
v -10.997191 9.070361 -1.065367
v -11.365076 10.137397 -0.744751
v -10.581102 9.111395 -1.645119
v -11.180692 10.180748 -1.062092
v -10.785139 10.299191 -1.642479
v -9.181918 8.881817 -1.769236
v 11.637396 10.044000 -0.226520
v 11.429661 10.149663 0.151818
v 10.904675 10.352529 0.115936
v 9.547352 8.987516 1.005905
v 9.700178 8.541173 1.600984
v 8.847230 9.804171 1.293724
v 10.971881 10.382511 0.985544
v 10.692463 9.079239 0.865352
v 11.069180 9.052347 0.249072
v 11.303059 10.214058 0.437241
v 11.469987 9.023738 -0.406612
v 11.429661 10.149663 0.151818
v 11.637396 10.044000 -0.226520
v 10.997191 9.070363 -1.065368
v 11.365076 10.137401 -0.744753
v 10.581102 9.111397 -1.645121
v 11.180692 10.180750 -1.062094
v 10.785139 10.299195 -1.642481
v 9.181918 8.881820 -1.769237
v -11.069180 9.052345 0.249074
v -10.997191 9.070361 -1.065367
v -11.469987 9.023734 -0.406610
v -10.692463 9.079235 0.865354
v -10.581102 9.111395 -1.645119
v -9.181918 8.881817 -1.769236
v -9.547352 8.987514 1.005907
v -9.089767 8.038456 1.109241
v -9.700178 8.541170 1.600985
v -9.770773 8.088920 1.642319
v -8.047440 7.917381 1.372578
v -9.394748 8.508188 1.995539
v -9.401588 7.898130 1.993672
v -8.181377 9.309048 1.684595
v -8.047440 7.917381 1.372578
v -9.401588 7.898130 1.993672
v -9.394748 8.508188 1.995539
v -9.181918 8.881817 -1.769236
v -9.814731 10.585939 -1.701982
v -10.785139 10.299191 -1.642479
v -9.907071 10.650655 -0.836652
v -10.840795 10.324022 -1.009936
v -11.180692 10.180748 -1.062092
v -7.017638 10.708794 -1.441622
v -9.167791 10.777106 -1.741652
v -9.181918 8.881817 -1.769236
v -6.821139 8.347251 -1.295590
v -9.167791 10.777106 -1.741652
v -7.017638 10.708794 -1.441622
v -7.000481 10.734883 0.948610
v -9.415629 10.826225 1.164960
v -6.821139 8.347251 -1.295590
v -9.181918 8.881817 -1.769236
v -9.547352 8.987514 1.005907
v -9.089767 8.038456 1.109241
v -8.047440 7.917381 1.372578
v -6.879336 8.204408 1.151651
v -8.181377 9.309048 1.684595
v -7.000481 10.734883 0.948610
v -6.879336 8.204408 1.151651
v -8.047440 7.917381 1.372578
v -7.000481 10.734883 0.948610
v -9.547352 8.987514 1.005907
v -9.415629 10.826225 1.164960
v -8.847230 9.804168 1.293725
v -8.181377 9.309048 1.684595
v -11.303059 10.214054 0.437243
v -10.922901 10.360657 0.400464
v -10.971881 10.382507 0.985545
v -9.994334 10.684679 0.112046
v -10.038131 10.648740 1.093194
v -9.547352 8.987514 1.005907
v -6.821139 8.347251 -1.295590
v -6.879336 8.204408 1.151651
v -6.104179 8.191950 1.268305
v -6.065860 8.182706 -1.032023
v -7.017638 10.708794 -1.441622
v -6.248602 10.807148 -1.439712
v -6.230684 10.834391 1.056281
v -7.000481 10.734883 0.948610
v -6.879336 8.204408 1.151651
v -7.000481 10.734883 0.948610
v -6.230684 10.834391 1.056281
v -6.104179 8.191950 1.268305
v -11.637396 10.043998 -0.226518
v -11.365076 10.137397 -0.744751
v -10.856846 10.331185 -0.703760
v -10.904675 10.352527 0.115938
v -9.907071 10.650655 -0.836652
v -10.904675 10.352527 0.115938
v -9.994334 10.684679 0.112046
v -10.904675 10.352527 0.115938
v -9.994334 10.684679 0.112046
v -10.922901 10.360657 0.400464
v -11.429661 10.149661 0.151820
v -11.303059 10.214054 0.437243
v -11.069180 9.052345 0.249074
v -10.840795 10.324022 -1.009936
v -9.907071 10.650655 -0.836652
v -10.856846 10.331185 -0.703760
v -11.180692 10.180748 -1.062092
v -11.365076 10.137397 -0.744751
v -10.997191 9.070361 -1.065367
v -8.847230 9.804168 1.293725
v -8.181377 9.309048 1.684595
v -9.394748 8.508188 1.995539
v -9.700178 8.541170 1.600985
v -9.415629 10.826225 1.164960
v -9.547352 8.987514 1.005907
v -10.038131 10.648740 1.093194
v -9.994334 10.684679 0.112046
v -9.907071 10.650655 -0.836652
v -9.167791 10.777106 -1.741652
v -9.814731 10.585939 -1.701982
v -9.181918 8.881817 -1.769236
v 11.069180 9.052347 0.249072
v 11.469987 9.023738 -0.406612
v 10.997191 9.070363 -1.065368
v 10.692463 9.079239 0.865352
v 10.581102 9.111397 -1.645121
v 9.181918 8.881820 -1.769237
v 9.547352 8.987516 1.005905
v 9.089767 8.038459 1.109239
v 9.700178 8.541173 1.600984
v 9.770773 8.088923 1.642317
v 8.047441 7.917384 1.372577
v 9.394748 8.508191 1.995538
v 9.401588 7.898133 1.993670
v 8.181378 9.309051 1.684593
v 9.394748 8.508191 1.995538
v 9.401588 7.898133 1.993670
v 8.047441 7.917384 1.372577
v 9.181918 8.881820 -1.769237
v 10.785139 10.299195 -1.642481
v 9.814731 10.585943 -1.701984
v 9.907071 10.650657 -0.836654
v 10.840795 10.324024 -1.009938
v 11.180692 10.180750 -1.062094
v 7.017639 10.708796 -1.441624
v 6.821140 8.347253 -1.295591
v 9.181918 8.881820 -1.769237
v 9.167791 10.777109 -1.741653
v 9.167791 10.777109 -1.741653
v 9.415629 10.826227 1.164958
v 7.000482 10.734885 0.948609
v 7.017639 10.708796 -1.441624
v 6.821140 8.347253 -1.295591
v 9.547352 8.987516 1.005905
v 9.181918 8.881820 -1.769237
v 9.089767 8.038459 1.109239
v 8.047441 7.917384 1.372577
v 6.879337 8.204410 1.151650
v 8.181378 9.309051 1.684593
v 8.047441 7.917384 1.372577
v 6.879337 8.204410 1.151650
v 7.000482 10.734885 0.948609
v 7.000482 10.734885 0.948609
v 9.415629 10.826227 1.164958
v 9.547352 8.987516 1.005905
v 8.847230 9.804171 1.293724
v 8.181378 9.309051 1.684593
v 11.303059 10.214058 0.437241
v 10.971881 10.382511 0.985544
v 10.922901 10.360661 0.400462
v 9.994334 10.684681 0.112044
v 10.038131 10.648744 1.093192
v 9.547352 8.987516 1.005905
v 6.821140 8.347253 -1.295591
v 6.104180 8.191952 1.268304
v 6.879337 8.204410 1.151650
v 6.065861 8.182708 -1.032025
v 7.017639 10.708796 -1.441624
v 6.248603 10.807150 -1.439714
v 6.230685 10.834393 1.056280
v 7.000482 10.734885 0.948609
v 6.879337 8.204410 1.151650
v 6.104180 8.191952 1.268304
v 6.230685 10.834393 1.056280
v 7.000482 10.734885 0.948609
v 10.856846 10.331189 -0.703762
v 11.365076 10.137401 -0.744753
v 11.637396 10.044000 -0.226520
v 10.904675 10.352529 0.115936
v 9.907071 10.650657 -0.836654
v 10.904675 10.352529 0.115936
v 9.994334 10.684681 0.112044
v 10.904675 10.352529 0.115936
v 10.922901 10.360661 0.400462
v 9.994334 10.684681 0.112044
v 11.429661 10.149663 0.151818
v 11.303059 10.214058 0.437241
v 11.069180 9.052347 0.249072
v 10.840795 10.324024 -1.009938
v 10.856846 10.331189 -0.703762
v 9.907071 10.650657 -0.836654
v 11.180692 10.180750 -1.062094
v 11.365076 10.137401 -0.744753
v 10.997191 9.070363 -1.065368
v 8.847230 9.804171 1.293724
v 9.700178 8.541173 1.600984
v 9.394748 8.508191 1.995538
v 8.181378 9.309051 1.684593
v 9.415629 10.826227 1.164958
v 10.038131 10.648744 1.093192
v 9.547352 8.987516 1.005905
v 9.994334 10.684681 0.112044
v 9.907071 10.650657 -0.836654
v 9.167791 10.777109 -1.741653
v 9.814731 10.585943 -1.701984
v 9.181918 8.881820 -1.769237
v 8.818398 9.954218 4.183341
v 11.541687 9.937252 4.160407
v 11.541676 8.856319 4.160407
v 8.818387 8.838960 4.183342
v 9.124860 8.673974 2.973179
v 9.124874 10.119622 2.973180
v 9.149468 8.645336 3.931075
v 11.541676 8.856319 4.160407
v 11.716306 8.626247 3.885975
v 8.818387 8.838960 4.183342
v 9.124860 8.673974 2.973179
v 11.716322 10.167333 3.885976
v 11.541687 9.937252 4.160407
v 8.818398 9.954218 4.183341
v 9.149483 10.147733 3.931075
v 9.124874 10.119622 2.973180
v 10.509908 8.706562 -1.195237
v 10.283355 8.706532 1.637813
v 10.283368 10.087093 1.637813
v 10.509924 10.087123 -1.195237
v 9.335557 8.706532 1.637813
v 9.182992 8.706562 -1.195237
v 9.183006 10.087123 -1.195237
v 9.335571 10.087094 1.637813
v 10.509924 10.087123 -1.195237
v 10.283368 10.087093 1.637813
v 9.335571 10.087094 1.637813
v 9.183006 10.087123 -1.195237
v 9.182992 8.706562 -1.195237
v 9.335557 8.706532 1.637813
v 10.283355 8.706532 1.637813
v 10.509908 8.706562 -1.195237
v 10.509924 10.087123 -1.195237
v 10.951118 8.138093 -1.665562
v 10.509908 8.706562 -1.195237
v 10.951144 10.655600 -1.665562
v 11.065281 8.032155 -2.015217
v 11.065310 10.761551 -2.015216
v 9.183006 10.087123 -1.195237
v 10.951144 10.655600 -1.665562
v 10.509924 10.087123 -1.195237
v 8.767531 10.655600 -1.665561
v 11.065310 10.761551 -2.015216
v 8.653369 10.761551 -2.015216
v 9.182992 8.706562 -1.195237
v 8.767531 10.655600 -1.665561
v 9.183006 10.087123 -1.195237
v 8.767507 8.138093 -1.665562
v 8.653369 10.761551 -2.015216
v 8.653340 8.032155 -2.015216
v 10.509908 8.706562 -1.195237
v 8.767507 8.138093 -1.665562
v 9.182992 8.706562 -1.195237
v 10.951118 8.138093 -1.665562
v 8.653340 8.032155 -2.015216
v 11.065281 8.032155 -2.015217
v 11.065310 10.761551 -2.015216
v 11.065310 10.761558 -2.734933
v 11.065281 8.032162 -2.734933
v 11.065281 8.032155 -2.015217
v 8.653369 10.761551 -2.015216
v 8.653369 10.761558 -2.734932
v 11.065310 10.761558 -2.734933
v 11.065310 10.761551 -2.015216
v 8.653340 8.032155 -2.015216
v 8.653340 8.032162 -2.734932
v 8.653369 10.761558 -2.734932
v 8.653369 10.761551 -2.015216
v 11.065281 8.032155 -2.015217
v 11.065281 8.032162 -2.734933
v 8.653340 8.032162 -2.734932
v 8.653340 8.032155 -2.015216
v 11.065310 10.761558 -2.734933
v 8.653369 10.761558 -2.734932
v 8.653340 8.032162 -2.734932
v 11.065281 8.032162 -2.734933
v 12.560350 7.956014 1.410998
v 11.771284 7.987813 3.015553
v 12.560351 7.986524 3.014863
v 11.771282 7.942635 1.410309
v 12.560356 8.619205 0.535349
v 11.771290 8.650788 0.535349
v 12.560373 10.174443 0.535349
v 11.771290 8.650788 0.535349
v 11.771306 10.142756 0.535350
v 12.560379 10.837617 1.410998
v 11.771313 10.850994 1.410309
v 11.771306 10.142756 0.535350
v 12.560373 10.174443 0.535349
v 12.560379 10.807071 3.014864
v 11.771313 10.805782 3.015553
v 11.771313 10.850994 1.410309
v 12.560379 10.837617 1.410998
v 14.178904 8.258117 3.715605
v 14.178907 8.676102 4.068741
v 14.178923 10.117474 4.068741
v 14.178926 10.535466 3.715605
v 14.178900 8.002022 3.014863
v 14.178931 10.791574 3.014864
v 14.178929 10.837617 1.410998
v 14.178899 7.956013 1.410998
v 14.178906 8.619205 0.535349
v 14.178923 10.174443 0.535349
v 8.991557 7.943018 1.407746
v 8.991565 8.768229 0.535350
v 8.991578 10.024935 0.535350
v 8.991586 10.850613 1.407747
v 8.991557 8.008038 3.018117
v 8.991586 10.785561 3.018116
v 8.991583 10.527075 3.716148
v 8.991559 8.265862 3.716050
v 8.991566 8.682586 4.068742
v 8.991579 10.110411 4.068742
v 12.560354 8.258117 3.715605
v 11.771285 8.259758 3.715700
v 11.771291 8.677475 4.068741
v 12.560359 8.676103 4.068741
v 12.560373 10.117474 4.068741
v 11.771307 10.115977 4.068741
v 11.771312 10.533687 3.715720
v 12.560375 10.535465 3.715605
v 11.771285 8.259758 3.715700
v 12.560354 8.258117 3.715605
v 12.560351 7.986524 3.014863
v 11.771284 7.987813 3.015553
v 11.771313 10.805782 3.015553
v 12.560379 10.807071 3.014864
v 12.560375 10.535465 3.715605
v 11.771312 10.533687 3.715720
v 14.227590 10.305233 2.766682
v 14.227593 10.307143 1.763299
v 14.227584 9.876963 1.343516
v 14.227590 9.876944 3.186464
v 14.227574 8.916669 1.343516
v 14.227579 8.916649 3.186464
v 14.227571 8.488367 2.766682
v 14.227579 8.916649 3.186464
v 14.227574 8.916669 1.343516
v 14.227574 8.486481 1.763299
v 13.458587 10.535465 3.715605
v 14.178926 10.535466 3.715605
v 14.178923 10.117474 4.068741
v 13.458583 10.117474 4.068741
v 14.178907 8.676102 4.068741
v 13.458567 8.676102 4.068741
v 14.178904 8.258117 3.715605
v 13.458563 8.258117 3.715605
v 13.458589 10.798470 3.014864
v 14.178926 10.535466 3.715605
v 13.458587 10.535465 3.715605
v 14.178931 10.791574 3.014864
v 13.458589 10.837617 1.410998
v 14.178929 10.837617 1.410998
v 13.458583 10.174443 0.535349
v 14.178923 10.174443 0.535349
v 13.458566 8.619205 0.535349
v 14.178906 8.619205 0.535349
v 13.458558 7.956013 1.410998
v 14.178899 7.956013 1.410998
v 13.458559 7.995124 3.014863
v 14.178900 8.002022 3.014863
v 13.458563 8.258117 3.715605
v 14.178904 8.258117 3.715605
v 11.771282 7.942635 1.410309
v 8.991557 8.008038 3.018117
v 11.771284 7.987813 3.015553
v 8.991557 7.943018 1.407746
v 11.771290 8.650788 0.535349
v 8.991565 8.768229 0.535350
v 11.771306 10.142756 0.535350
v 8.991578 10.024935 0.535350
v 11.771313 10.850994 1.410309
v 8.991586 10.850613 1.407747
v 11.771313 10.805782 3.015553
v 8.991586 10.785561 3.018116
v 8.991583 10.527075 3.716148
v 8.991586 10.785561 3.018116
v 11.771313 10.805782 3.015553
v 11.771312 10.533687 3.715720
v 11.771307 10.115977 4.068741
v 8.991583 10.527075 3.716148
v 11.771312 10.533687 3.715720
v 8.991579 10.110411 4.068742
v 11.771291 8.677475 4.068741
v 8.991566 8.682586 4.068742
v 11.771285 8.259758 3.715700
v 8.991559 8.265862 3.716050
v 8.991557 8.008038 3.018117
v 8.991559 8.265862 3.716050
v 11.771285 8.259758 3.715700
v 11.771284 7.987813 3.015553
v 11.541687 9.937252 4.160407
v 11.716322 10.167333 3.885976
v 11.716306 8.626247 3.885975
v 11.541676 8.856319 4.160407
v 12.560354 8.258117 3.715605
v 13.458563 8.258117 3.715605
v 13.458559 7.995124 3.014863
v 12.560351 7.986524 3.014863
v 13.458558 7.956013 1.410998
v 12.560350 7.956014 1.410998
v 13.458566 8.619205 0.535349
v 12.560356 8.619205 0.535349
v 13.458583 10.174443 0.535349
v 12.560373 10.174443 0.535349
v 13.458589 10.837617 1.410998
v 12.560379 10.837617 1.410998
v 13.458589 10.798470 3.014864
v 12.560379 10.807071 3.014864
v 13.458587 10.535465 3.715605
v 12.560375 10.535465 3.715605
v 12.560375 10.535465 3.715605
v 13.458587 10.535465 3.715605
v 13.458583 10.117474 4.068741
v 12.560373 10.117474 4.068741
v 13.458567 8.676102 4.068741
v 12.560359 8.676103 4.068741
v 13.458563 8.258117 3.715605
v 12.560354 8.258117 3.715605
v -9.439411 8.839366 4.183350
v -12.162700 8.856330 4.160415
v -12.162688 9.937263 4.160415
v -9.439400 9.954623 4.183350
v -9.745872 10.119608 2.973186
v -9.745889 8.673961 2.973186
v -9.770482 10.148249 3.931082
v -12.162688 9.937263 4.160415
v -12.337320 10.167336 3.885983
v -9.439400 9.954623 4.183350
v -9.745872 10.119608 2.973186
v -12.337337 8.626252 3.885983
v -12.162700 8.856330 4.160415
v -9.439411 8.839366 4.183350
v -9.770497 8.645851 3.931082
v -9.745889 8.673961 2.973186
v -11.130923 10.087021 -1.195233
v -10.904370 10.087050 1.637819
v -10.904385 8.706491 1.637819
v -11.130939 8.706461 -1.195233
v -9.956573 10.087050 1.637819
v -9.804008 10.087021 -1.195233
v -9.804023 8.706461 -1.195233
v -9.956586 8.706491 1.637819
v -11.130939 8.706461 -1.195233
v -10.904385 8.706491 1.637819
v -9.956586 8.706491 1.637819
v -9.804023 8.706461 -1.195233
v -9.804008 10.087021 -1.195233
v -9.956573 10.087050 1.637819
v -10.904370 10.087050 1.637819
v -11.130923 10.087021 -1.195233
v -11.130939 8.706461 -1.195233
v -11.572133 10.655488 -1.665558
v -11.130923 10.087021 -1.195233
v -11.572161 8.137981 -1.665558
v -11.686296 10.761430 -2.015213
v -11.686324 8.032034 -2.015213
v -9.804023 8.706461 -1.195233
v -11.572161 8.137981 -1.665558
v -11.130939 8.706461 -1.195233
v -9.388546 8.137981 -1.665559
v -11.686324 8.032034 -2.015213
v -9.274385 8.032034 -2.015213
v -9.804008 10.087021 -1.195233
v -9.388546 8.137981 -1.665559
v -9.804023 8.706461 -1.195233
v -9.388519 10.655488 -1.665558
v -9.274385 8.032034 -2.015213
v -9.274356 10.761430 -2.015213
v -11.130923 10.087021 -1.195233
v -9.388519 10.655488 -1.665558
v -9.804008 10.087021 -1.195233
v -11.572133 10.655488 -1.665558
v -9.274356 10.761430 -2.015213
v -11.686296 10.761430 -2.015213
v -11.686324 8.032034 -2.015213
v -11.686324 8.032025 -2.734930
v -11.686296 10.761421 -2.734930
v -11.686296 10.761430 -2.015213
v -9.274385 8.032034 -2.015213
v -9.274385 8.032025 -2.734930
v -11.686324 8.032025 -2.734930
v -11.686324 8.032034 -2.015213
v -9.274356 10.761430 -2.015213
v -9.274356 10.761421 -2.734930
v -9.274385 8.032025 -2.734930
v -9.274385 8.032034 -2.015213
v -11.686296 10.761430 -2.015213
v -11.686296 10.761421 -2.734930
v -9.274356 10.761421 -2.734930
v -9.274356 10.761430 -2.015213
v -11.686324 8.032025 -2.734930
v -9.274385 8.032025 -2.734930
v -9.274356 10.761421 -2.734930
v -11.686296 10.761421 -2.734930
v -13.181364 10.837569 1.411005
v -12.392297 10.805770 3.015560
v -13.181364 10.807058 3.014871
v -12.392297 10.850947 1.410315
v -13.181370 10.174376 0.535355
v -12.392304 10.142793 0.535355
v -13.181387 8.619143 0.535355
v -12.392304 10.142793 0.535355
v -12.392321 8.650828 0.535355
v -13.181394 7.955966 1.411005
v -12.392326 7.942588 1.410315
v -12.392321 8.650828 0.535355
v -13.181387 8.619143 0.535355
v -13.181394 7.986513 3.014871
v -12.392326 7.987803 3.015560
v -12.392326 7.942588 1.410315
v -13.181394 7.955966 1.411005
v -14.799916 10.535466 3.715614
v -14.799921 10.117481 4.068750
v -14.799936 8.676110 4.068750
v -14.799941 8.258119 3.715613
v -14.799914 10.791560 3.014871
v -14.799943 8.002009 3.014871
v -14.799943 7.955966 1.411005
v -14.799913 10.837568 1.411005
v -14.799921 10.174376 0.535356
v -14.799937 8.619142 0.535355
v -9.612570 10.850566 1.407752
v -9.612578 10.025352 0.535355
v -9.612591 8.768650 0.535355
v -9.612601 7.942971 1.407752
v -9.612570 10.785546 3.018124
v -9.612600 8.008025 3.018123
v -9.612597 8.266509 3.716154
v -9.612572 10.527719 3.716059
v -9.612576 10.110996 4.068749
v -9.612592 8.683172 4.068749
v -13.181366 10.535466 3.715614
v -12.392301 10.533825 3.715708
v -12.392304 10.116107 4.068749
v -13.181371 10.117481 4.068749
v -13.181385 8.676111 4.068749
v -12.392321 8.677608 4.068749
v -12.392324 8.259898 3.715728
v -13.181392 8.258119 3.715613
v -12.392301 10.533825 3.715708
v -13.181366 10.535466 3.715614
v -13.181364 10.807058 3.014871
v -12.392297 10.805770 3.015560
v -12.392326 7.987803 3.015560
v -13.181394 7.986513 3.014871
v -13.181392 8.258119 3.715613
v -12.392324 8.259898 3.715728
v -14.848603 8.488349 2.766690
v -14.848608 8.486441 1.763306
v -14.848599 8.916618 1.343522
v -14.848603 8.916640 3.186472
v -14.848588 9.876914 1.343523
v -14.848594 9.876934 3.186472
v -14.848583 10.305214 2.766690
v -14.848594 9.876934 3.186472
v -14.848588 9.876914 1.343523
v -14.848588 10.307100 1.763306
v -14.079599 8.258119 3.715613
v -14.799941 8.258119 3.715613
v -14.799936 8.676110 4.068750
v -14.079596 8.676110 4.068750
v -14.799921 10.117481 4.068750
v -14.079580 10.117481 4.068750
v -14.799916 10.535466 3.715614
v -14.079576 10.535466 3.715614
v -14.079602 7.995113 3.014871
v -14.799941 8.258119 3.715613
v -14.079599 8.258119 3.715613
v -14.799943 8.002009 3.014871
v -14.079603 7.955966 1.411005
v -14.799943 7.955966 1.411005
v -14.079597 8.619142 0.535355
v -14.799937 8.619142 0.535355
v -14.079580 10.174376 0.535355
v -14.799921 10.174376 0.535356
v -14.079573 10.837568 1.411005
v -14.799913 10.837568 1.411005
v -14.079574 10.798458 3.014871
v -14.799914 10.791560 3.014871
v -14.079576 10.535466 3.715614
v -14.799916 10.535466 3.715614
v -12.392297 10.850947 1.410315
v -9.612570 10.785546 3.018124
v -12.392297 10.805770 3.015560
v -9.612570 10.850566 1.407752
v -12.392304 10.142793 0.535355
v -9.612578 10.025352 0.535355
v -12.392321 8.650828 0.535355
v -9.612591 8.768650 0.535355
v -12.392326 7.942588 1.410315
v -9.612601 7.942971 1.407752
v -12.392326 7.987803 3.015560
v -9.612600 8.008025 3.018123
v -9.612597 8.266509 3.716154
v -9.612600 8.008025 3.018123
v -12.392326 7.987803 3.015560
v -12.392324 8.259898 3.715728
v -12.392321 8.677608 4.068749
v -9.612597 8.266509 3.716154
v -12.392324 8.259898 3.715728
v -9.612592 8.683172 4.068749
v -12.392304 10.116107 4.068749
v -9.612576 10.110996 4.068749
v -12.392301 10.533825 3.715708
v -9.612572 10.527719 3.716059
v -9.612570 10.785546 3.018124
v -9.612572 10.527719 3.716059
v -12.392301 10.533825 3.715708
v -12.392297 10.805770 3.015560
v -12.162700 8.856330 4.160415
v -12.337337 8.626252 3.885983
v -12.337320 10.167336 3.885983
v -12.162688 9.937263 4.160415
v -13.181366 10.535466 3.715614
v -14.079576 10.535466 3.715614
v -14.079574 10.798458 3.014871
v -13.181364 10.807058 3.014871
v -14.079573 10.837568 1.411005
v -13.181364 10.837569 1.411005
v -14.079580 10.174376 0.535355
v -13.181370 10.174376 0.535355
v -14.079597 8.619142 0.535355
v -13.181387 8.619143 0.535355
v -14.079603 7.955966 1.411005
v -13.181394 7.955966 1.411005
v -14.079602 7.995113 3.014871
v -13.181394 7.986513 3.014871
v -14.079599 8.258119 3.715613
v -13.181392 8.258119 3.715613
v -13.181392 8.258119 3.715613
v -14.079599 8.258119 3.715613
v -14.079596 8.676110 4.068750
v -13.181385 8.676111 4.068749
v -14.079580 10.117481 4.068750
v -13.181371 10.117481 4.068749
v -14.079576 10.535466 3.715614
v -13.181366 10.535466 3.715614
v -5.119350 17.435219 3.453561
v -4.200572 20.443605 2.830727
v -4.954219 17.472914 3.314008
v -4.237226 20.497946 3.083146
v -4.471953 20.482086 2.769379
v -5.289529 17.449747 2.932591
v -3.067720 21.564756 2.061982
v -3.094848 21.718727 2.298419
v -0.000001 22.892429 -0.261690
v -3.266437 21.707329 2.068939
v -0.136335 23.128763 -0.218382
v -0.000001 23.170691 -0.003049
v -2.184820 21.800196 -2.408293
v -0.000002 23.088821 -0.393770
v 3.094846 21.718727 2.298419
v 0.136332 23.128775 -0.218144
v -2.020485 21.705462 -2.426822
v -1.945547 21.792089 -2.571596
v 1.945544 21.792089 -2.571596
v -2.742051 20.389307 -3.895096
v -3.069682 20.400398 -3.671869
v -2.845817 20.342264 -3.590529
v -3.543032 17.242001 -4.069967
v -3.146909 17.253723 -4.210023
v 3.067718 21.564756 2.061981
v 3.266435 21.707329 2.068938
v 4.471951 20.482086 2.769378
v 2.184816 21.800196 -2.408293
v 4.237224 20.497946 3.083146
v 4.200570 20.443605 2.830726
v 5.289528 17.449747 2.932590
v 5.119349 17.435219 3.453561
v 4.954217 17.472914 3.314007
v 2.020482 21.705462 -2.426822
v 2.742047 20.389307 -3.895097
v 3.069678 20.400394 -3.671869
v 2.845815 20.342264 -3.590530
v 3.198581 17.194208 -4.243750
v 3.543029 17.242001 -4.069970
v -4.240955 20.263565 2.877533
v -5.127522 17.242001 3.479264
v -5.938591 17.276474 0.593797
v -5.311414 20.560579 0.269654
v -5.127523 17.107502 -2.252688
v -4.211255 20.580379 -2.067633
v -2.861125 20.580379 -3.581982
v -3.543032 17.242001 -4.069967
v -0.000002 17.242001 -5.187928
v -0.000002 20.580379 -4.226938
v 3.543029 17.242001 -4.069970
v 2.861122 20.580379 -3.581983
v 4.211251 20.580379 -2.067634
v 5.127521 17.142235 -2.232491
v 5.311410 20.560579 0.269652
v 5.938588 17.245291 0.604597
v 5.127521 17.242001 3.479263
v 4.240953 20.263561 2.877532
v -3.238121 17.242001 5.001655
v -5.127522 17.242001 3.479264
v -4.240955 20.263565 2.877533
v -2.711132 20.263561 4.155872
v -0.000000 17.323082 6.071628
v -0.000001 20.409800 4.901175
v 3.238121 17.242001 5.001653
v 2.711132 20.263561 4.155871
v 5.127521 17.242001 3.479263
v 4.240953 20.263561 2.877532
v -2.986087 21.696678 1.983785
v -2.711132 20.263561 4.155872
v -4.240955 20.263565 2.877533
v -1.958394 21.696678 2.912476
v -0.000001 23.051003 -0.052881
v -0.000001 21.696678 3.691552
v -0.000001 20.409800 4.901175
v 2.711132 20.263561 4.155871
v 1.958392 21.696678 2.912476
v 2.986084 21.696678 1.983785
v 4.240953 20.263561 2.877532
v 2.986084 21.696678 1.983785
v 5.311410 20.560579 0.269652
v 4.240953 20.263561 2.877532
v 3.691003 21.696674 -0.008774
v -0.000001 23.051003 -0.052881
v 4.211251 20.580379 -2.067634
v 2.986084 21.696674 -1.992132
v -0.000001 23.051003 -0.052881
v 1.979178 21.696674 -2.527083
v -0.000001 23.051003 -0.052881
v 2.861122 20.580379 -3.581983
v -0.000002 21.696674 -3.062033
v -0.000002 20.580379 -4.226938
v -1.979182 21.696674 -2.527081
v -2.861125 20.580379 -3.581982
v -0.000001 23.051003 -0.052881
v -4.211255 20.580379 -2.067633
v -2.986087 21.696674 -1.992131
v -5.311414 20.560579 0.269654
v -3.691006 21.696674 -0.008773
v -0.000001 23.051003 -0.052881
v -4.240955 20.263565 2.877533
v -2.986087 21.696678 1.983785
v -0.000001 23.051003 -0.052881
v 5.289528 17.297180 3.214878
v 4.585001 17.053829 4.981871
v 4.424323 17.444677 4.979410
v 3.119339 17.545712 6.395266
v 3.272104 17.185005 6.466902
v 1.086727 17.716042 7.329952
v 1.138843 17.247063 7.386801
v -1.119797 17.712463 7.305890
v -1.177453 17.244793 7.371164
v -3.136114 17.538567 6.347145
v -3.294545 17.180462 6.435634
v -4.432137 17.435776 4.928193
v -4.594528 17.047756 4.946940
v -5.289529 17.297180 3.214879
v -4.594528 17.047756 4.946940
v 5.289528 17.297180 3.214878
v -5.289529 17.297180 3.214879
v 4.585001 17.053829 4.981871
v -3.294545 17.180462 6.435634
v 3.272104 17.185005 6.466902
v 1.138843 17.247063 7.386801
v -1.177453 17.244793 7.371164
v -5.289529 17.297180 3.214879
v -4.286936 17.835716 4.322250
v -4.432137 17.435776 4.928193
v -3.136114 17.538567 6.347145
v -3.103183 18.209770 5.127974
v -0.791234 18.520792 6.008375
v -1.119797 17.712463 7.305890
v 0.751889 18.525108 6.026156
v 1.086727 17.716042 7.329952
v 3.069307 18.218410 5.163534
v 3.119339 17.545712 6.395266
v 4.424323 17.444677 4.979410
v 4.259622 17.845835 4.364242
v 5.289528 17.297180 3.214878
v -4.286936 17.835716 4.322250
v -5.289529 17.297180 3.214879
v 5.289528 17.297180 3.214878
v 4.259622 17.845835 4.364242
v 3.069307 18.218410 5.163534
v -3.103183 18.209770 5.127974
v -0.791234 18.520792 6.008375
v 0.751889 18.525108 6.026156
v -3.238121 17.242001 5.001655
v -0.000000 17.323082 6.071628
v 3.238121 17.242001 5.001653
v -0.000001 17.028587 -0.845874
v -5.127522 17.242001 3.479264
v 5.127521 17.242001 3.479263
v -5.938591 17.276474 0.593797
v 5.938588 17.245291 0.604597
v -5.127523 17.107502 -2.252688
v 5.127521 17.142235 -2.232491
v -3.543032 17.242001 -4.069967
v 3.543029 17.242001 -4.069970
v -0.000002 17.242001 -5.187928
v 5.436406 15.770866 -1.450672
v 6.711843 15.342099 -1.158870
v 6.711843 16.351048 1.256186
v 5.436406 16.878054 1.199525
v 6.013725 14.713193 3.244779
v 4.911314 15.023981 3.402426
v 4.911314 15.023981 3.402426
v 6.013725 14.713193 3.244779
v 5.315606 12.066390 2.818317
v 4.386220 12.062722 2.955132
v 5.315605 11.057441 0.403261
v 4.386219 10.955537 0.304935
v 6.013724 12.695294 -1.585332
v 4.911313 12.809610 -1.897967
v 4.911313 12.809610 -1.897967
v 6.711843 15.342099 -1.158870
v 5.436406 15.770866 -1.450672
v 4.911314 15.023981 3.402426
v 5.436406 15.770866 -1.450672
v 5.436406 16.878054 1.199525
v 6.711843 16.351048 1.256186
v 7.266425 14.063469 2.305465
v 6.013725 14.713193 3.244779
v 7.542689 15.038943 1.146465
v 6.711843 15.342099 -1.158870
v 7.427157 13.461247 0.918317
v 7.542690 14.456427 -0.247868
v 6.013724 12.695294 -1.585332
v 7.542690 14.456427 -0.247868
v 6.711843 15.342099 -1.158870
v 7.266425 12.898437 -0.483201
v 5.315605 11.057441 0.403261
v 7.427157 13.461247 0.918317
v 6.990160 11.922964 0.675799
v 5.315606 12.066390 2.818317
v 6.990160 12.505482 2.070132
v 7.266425 14.063469 2.305465
v 6.013725 14.713193 3.244779
v -5.436408 15.770866 -1.450674
v -6.711845 16.351048 1.256184
v -6.711845 15.342099 -1.158872
v -5.436408 16.878054 1.199523
v -6.013726 14.713193 3.244777
v -4.911314 15.023981 3.402424
v -4.911314 15.023981 3.402424
v -5.315607 12.066390 2.818314
v -6.013726 14.713193 3.244777
v -4.386220 12.062722 2.955129
v -5.315607 11.057441 0.403259
v -4.386221 10.955537 0.304932
v -6.013726 12.695294 -1.585334
v -4.911315 12.809610 -1.897969
v -4.911315 12.809610 -1.897969
v -6.711845 15.342099 -1.158872
v -5.436408 15.770866 -1.450674
v -4.911314 15.023981 3.402424
v -5.436408 15.770866 -1.450674
v -5.436408 16.878054 1.199523
v -6.711845 16.351048 1.256184
v -6.013726 14.713193 3.244777
v -7.266427 14.063469 2.305463
v -7.542692 15.038943 1.146463
v -6.711845 15.342099 -1.158872
v -7.427160 13.461247 0.918315
v -7.542692 14.456427 -0.247870
v -6.013726 12.695294 -1.585334
v -6.711845 15.342099 -1.158872
v -7.542692 14.456427 -0.247870
v -7.266427 12.898437 -0.483203
v -5.315607 11.057441 0.403259
v -7.427160 13.461247 0.918315
v -6.990161 11.922964 0.675797
v -5.315607 12.066390 2.818314
v -6.990161 12.505482 2.070130
v -7.266427 14.063469 2.305463
v -6.013726 14.713193 3.244777
v -0.009334 23.178192 -0.736898
v 0.552081 23.166615 -0.498587
v 0.036522 23.541016 -0.127948
v -0.516496 23.164383 -0.564668
v 0.761931 23.141350 -0.054666
v -0.782914 23.138197 -0.148118
v 0.493182 23.235235 0.393762
v -0.575395 23.233007 0.327680
v -0.013894 23.274509 0.563102
v 0.026334 22.502607 -1.014570
v 0.855737 22.402042 -0.839093
v 0.552081 23.166615 -0.498587
v -0.009334 23.178192 -0.736898
v 0.761931 23.141350 -0.054666
v -0.759421 22.398756 -0.936587
v 1.156062 22.153402 -0.036955
v -0.516496 23.164383 -0.564668
v 0.493182 23.235235 0.393762
v -1.161767 22.148754 -0.174832
v 0.753688 22.183685 0.716945
v -0.782914 23.138197 -0.148118
v -0.013894 23.274509 0.563102
v -0.861471 22.180391 0.619450
v -0.033284 22.193935 0.971713
v -0.575395 23.233007 0.327680
v -4.671602 17.621981 3.113137
v -5.631029 15.331917 1.096306
v -5.529591 17.611139 0.944065
v -4.744926 15.323831 3.158820
v -1.424973 17.579151 4.538937
v -4.295245 12.813071 3.144524
v -5.210264 12.841629 1.374951
v -1.413821 15.280489 4.454937
v 1.424971 17.579151 4.538937
v -1.231883 12.772804 4.271040
v 1.413820 15.280489 4.454937
v 4.671600 17.621981 3.113136
v -3.523667 11.539027 2.576477
v -3.110046 11.311865 0.425163
v 4.744925 15.323831 3.158819
v 5.529588 17.611139 0.944064
v 5.631027 15.331917 1.096305
v 1.231882 12.772804 4.271040
v 4.295244 12.813071 3.144523
v 5.210262 12.841629 1.374950
v -3.195305 11.908487 3.188873
v -1.390088 11.337822 3.746866
v 3.523667 11.539027 2.576477
v 3.110045 11.311865 0.425163
v -1.396413 10.898186 3.020662
v 3.195304 11.908487 3.188872
v 1.390087 11.337822 3.746866
v 1.396412 10.898186 3.020662
v -2.605416 11.850911 -1.025618
v -4.939589 13.342298 -1.274334
v -5.210264 12.841629 1.374951
v -5.364048 15.587521 -1.594082
v -5.631029 15.331917 1.096306
v -5.529591 17.611139 0.944065
v -5.186169 17.628241 -1.580250
v -4.015218 15.615344 -3.315272
v -4.010293 17.490746 -3.116432
v -3.645257 13.552568 -2.889715
v -1.520842 15.524138 -4.548435
v -1.448119 17.397312 -4.571738
v -1.467364 13.471546 -3.938184
v 2.605415 11.850911 -1.025619
v 1.520840 15.524138 -4.548435
v 1.448116 17.397312 -4.571738
v 1.467362 13.471546 -3.938184
v 4.939587 13.342298 -1.274335
v 5.210262 12.841629 1.374950
v 3.645256 13.552568 -2.889715
v 4.015215 15.615344 -3.315272
v 4.010290 17.490746 -3.116433
v 5.364046 15.587521 -1.594083
v 5.631027 15.331917 1.096305
v 5.186166 17.628241 -1.580251
v 5.529588 17.611139 0.944064
v -5.259740 16.533173 5.015315
v -4.267641 16.093725 5.045869
v -4.761819 14.772305 5.029844
v -3.087326 15.636755 5.112771
v -4.142026 13.814687 5.275100
v -4.267641 16.093725 5.045869
v -2.885684 13.043459 5.532001
v -1.679304 15.092785 5.140504
v -0.878095 14.755769 5.139708
v -1.959162 12.912095 5.508255
v -1.679304 15.092785 5.140504
v -2.885684 13.043459 5.532001
v -3.716407 13.456697 5.406914
v -2.421421 15.375707 5.121290
v -3.716407 13.456697 5.406914
v -4.142026 13.814687 5.275100
v -3.087326 15.636755 5.112771
v -2.421421 15.375707 5.121290
v 2.463295 15.448061 5.137557
v 1.217899 13.077494 5.354460
v 0.701407 13.326258 5.220774
v 1.568008 15.109075 5.161896
v 4.316559 16.177832 5.023027
v 2.885686 13.043715 5.532093
v 1.959162 12.917912 5.510345
v 3.338573 15.782657 5.124252
v 3.338573 15.782657 5.124252
v 1.959162 12.917912 5.510345
v 1.217899 13.077494 5.354460
v 2.463295 15.448061 5.137557
v 4.716330 14.728616 5.045940
v 4.316559 16.177832 5.023027
v 5.259740 16.580833 5.036533
v 2.885686 13.043715 5.532093
v 3.781753 13.478290 5.406697
v -0.404599 13.926575 5.287697
v -0.971881 13.140034 5.291266
v -1.959162 12.912095 5.508255
v -0.878095 14.755769 5.139708
v -0.044753 14.545877 5.138608
v -0.047923 14.192294 5.308589
v 0.283396 13.974703 5.288784
v 1.568008 15.109075 5.161896
v 0.701407 13.326258 5.220774
v -2.885684 13.043459 5.532001
v -1.987630 12.058681 5.430923
v -2.811389 12.599717 5.516671
v -1.959162 12.912095 5.508255
v -1.087157 12.169645 5.325437
v -0.971881 13.140034 5.291266
v -0.031460 12.971645 5.070590
v -0.404599 13.926575 5.287697
v -0.047923 14.192294 5.308589
v 0.283396 13.974703 5.288784
v 0.606287 12.453178 5.190640
v 0.701407 13.326258 5.220774
v 1.761693 12.058346 5.447454
v 1.217899 13.077494 5.354460
v 1.959162 12.917912 5.510345
v 2.733552 12.559916 5.499348
v 2.885686 13.043715 5.532093
v -4.267641 16.093725 5.045869
v -5.259740 16.533173 5.015315
v -5.065166 17.231840 5.134500
v -3.087326 15.636755 5.112771
v -2.516428 16.110752 5.071907
v -2.421421 15.375707 5.121290
v -1.679304 15.092785 5.140504
v -1.053411 15.473834 5.051161
v -0.878095 14.755769 5.139708
v -0.089162 15.132107 5.085076
v -0.044753 14.545877 5.138608
v 1.568008 15.109075 5.161896
v 2.709376 16.217091 5.052947
v 2.463295 15.448061 5.137557
v 3.338573 15.782657 5.124252
v 4.316559 16.177832 5.023027
v 5.016547 17.326660 5.121553
v 5.259740 16.580833 5.036533
v -4.142026 13.814687 5.275100
v -3.769594 12.847229 3.065825
v -4.518130 14.107257 2.778146
v -4.761819 14.772305 5.029844
v -3.716407 13.456697 5.406914
v -5.082582 16.297523 2.751930
v -3.471565 12.438667 3.194371
v -5.259740 16.533173 5.015315
v -2.885684 13.043459 5.532001
v -4.941590 17.053873 2.871655
v -2.864212 12.367915 3.277823
v -5.065166 17.231840 5.134500
v -2.811389 12.599717 5.516671
v -2.606192 15.591722 2.797382
v -2.987495 12.357305 3.247460
v -2.516428 16.110752 5.071907
v -1.987630 12.058681 5.430923
v -1.153015 14.702185 2.788819
v -2.292097 11.885898 3.175796
v -1.053411 15.473834 5.051161
v -1.087157 12.169645 5.325437
v -0.050342 14.307757 2.827784
v -1.675991 11.951169 3.121048
v -0.089162 15.132107 5.085076
v -0.031460 12.971645 5.070590
v 2.786883 15.634516 2.783171
v -0.062466 12.794428 2.910488
v 2.709376 16.217091 5.052947
v 0.606287 12.453178 5.190640
v 4.993283 17.083084 2.846004
v 1.316928 12.238436 3.006717
v 5.016547 17.326660 5.121553
v 1.761693 12.058346 5.447454
v 5.243845 16.274536 2.760390
v 2.158920 11.826474 3.211567
v 5.259740 16.580833 5.036533
v 2.733552 12.559916 5.499348
v 4.477575 14.074418 2.800879
v 2.826331 12.343524 3.225409
v 4.716330 14.728616 5.045940
v 2.885686 13.043715 5.532093
v 3.372147 12.728051 3.172946
v 2.768824 12.581565 3.261917
v 3.781753 13.478290 5.406697
v 5.618222 3.113418 -7.955452
v 5.657702 2.400026 -9.253612
v 4.487525 2.498484 -8.597256
v 3.835595 2.798954 -10.900242
v 3.344923 2.806268 -9.813380
v 2.102104 3.016510 -9.581325
v 5.720976 3.421568 -9.235147
v 5.618222 3.113418 -7.955452
v 1.697866 3.012491 -10.733768
v 1.021203 3.257290 -8.754656
v 3.999401 3.854881 -10.932875
v 0.139046 3.244606 -9.495510
v 0.083346 3.831624 -6.534012
v 1.795717 4.072347 -10.782657
v 3.483530 3.862544 -9.789484
v 4.555318 3.513214 -8.577273
v 5.618222 3.113418 -7.955452
v -1.053370 3.800775 -6.757711
v 0.019975 4.242454 -9.590569
v 2.049727 4.076375 -9.667921
v -0.890403 4.658706 -3.276389
v 0.224962 4.657075 -3.263969
v 0.512341 5.467210 -1.125536
v -0.751032 5.473874 -1.101536
v -1.094538 5.795862 -3.286315
v -0.682812 6.968593 -1.112512
v -1.024080 4.769018 -6.818729
v 0.114144 5.794825 -3.329235
v 0.581016 6.965305 -1.139784
v 0.814252 4.255138 -8.849728
v 2.102104 3.016510 -9.581325
v 3.344923 2.806268 -9.813380
v 4.487525 2.498484 -8.597256
v 5.618222 3.113418 -7.955452
v 1.021203 3.257290 -8.754656
v 0.083346 3.831624 -6.534012
v 0.111914 4.799868 -6.595057
v 0.224962 4.657075 -3.263969
v 0.512341 5.467210 -1.125536
vt 0.554199 0.166260
vt 0.554199 0.196899
vt 0.542969 0.158691
vt 0.530273 0.198120
vt 0.530273 0.228027
vt 0.554199 0.222900
vt 0.517578 0.158691
vt 0.549805 0.269287
vt 0.506348 0.196899
vt 0.506348 0.166260
vt 0.506348 0.222900
vt 0.510742 0.269287
vt 0.530273 0.274414
vt 0.552734 0.305664
vt 0.507324 0.305664
vt 0.530273 0.330566
vt 0.631348 0.116760
vt 0.640137 0.118347
vt 0.642578 0.096497
vt 0.634766 0.096069
vt 0.642578 0.084167
vt 0.634766 0.085388
vt 0.633789 0.072876
vt 0.639160 0.071960
vt 0.628906 0.066895
vt 0.627930 0.085327
vt 0.627930 0.096313
vt 0.627930 0.085327
vt 0.628906 0.066895
vt 0.629883 0.056854
vt 0.629883 0.056854
vt 0.627930 0.096313
vt 0.631348 0.116760
vt 0.634766 0.133423
vt 0.634766 0.133423
vt 0.627441 0.145874
vt 0.638672 0.143066
vt 0.632324 0.158325
vt 0.640137 0.118347
vt 0.631348 0.116760
vt 0.642578 0.096497
vt 0.634766 0.096069
vt 0.627930 0.096313
vt 0.627930 0.085327
vt 0.642578 0.084167
vt 0.634766 0.085388
vt 0.628906 0.066895
vt 0.633789 0.072876
vt 0.639160 0.071960
vt 0.627441 0.145874
vt 0.634766 0.133423
vt 0.638672 0.143066
vt 0.632324 0.158325
vt 0.638184 0.098877
vt 0.640137 0.039642
vt 0.635254 0.037018
vt 0.631348 0.099365
vt 0.637207 0.106567
vt 0.630859 0.127563
vt 0.636719 0.127563
vt 0.624023 0.127563
vt 0.624512 0.099182
vt 0.623047 0.037659
vt 0.619141 0.127563
vt 0.617676 0.094543
vt 0.616699 0.036835
vt 0.618164 0.106567
vt 0.611816 0.127563
vt 0.611816 0.106567
vt 0.611816 0.094543
vt 0.610840 0.038910
vt 0.515625 0.145142
vt 0.514648 0.141602
vt 0.515625 0.137695
vt 0.521484 0.142822
vt 0.521484 0.137939
vt 0.515625 0.145142
vt 0.514648 0.141602
vt 0.515625 0.137695
vt 0.521484 0.137939
vt 0.521484 0.142822
vt 0.640137 0.039642
vt 0.638184 0.098877
vt 0.635254 0.037018
vt 0.631348 0.099365
vt 0.637207 0.106567
vt 0.630859 0.127563
vt 0.636719 0.127563
vt 0.624023 0.127563
vt 0.624512 0.099182
vt 0.623047 0.037659
vt 0.619141 0.127563
vt 0.617676 0.094543
vt 0.616699 0.036835
vt 0.618164 0.106567
vt 0.611816 0.127563
vt 0.611816 0.106567
vt 0.611816 0.094543
vt 0.610840 0.038910
vt 0.525391 0.048950
vt 0.518555 0.058472
vt 0.519043 0.067017
vt 0.515137 0.058472
vt 0.525879 0.114441
vt 0.515137 0.067017
vt 0.505371 0.113953
vt 0.506348 0.047760
vt 0.502930 0.041595
vt 0.528809 0.042847
vt 0.502930 0.131348
vt 0.528320 0.131348
vt 0.515625 0.131348
vt 0.515625 0.124817
vt 0.518555 0.058472
vt 0.525391 0.048950
vt 0.519043 0.067017
vt 0.525879 0.114441
vt 0.515137 0.067017
vt 0.515137 0.058472
vt 0.505371 0.113953
vt 0.506348 0.047760
vt 0.502930 0.041595
vt 0.528809 0.042847
vt 0.502930 0.131348
vt 0.528320 0.131348
vt 0.515625 0.131348
vt 0.515625 0.124817
vt 0.536621 0.395752
vt 0.522949 0.393066
vt 0.535645 0.428223
vt 0.550781 0.394531
vt 0.523438 0.425781
vt 0.510254 0.392578
vt 0.508301 0.435059
vt 0.522461 0.454102
vt 0.503906 0.479736
vt 0.520508 0.483643
vt 0.535645 0.494141
vt 0.535645 0.456543
vt 0.552246 0.494385
vt 0.550781 0.439697
vt 0.563965 0.394775
vt 0.566895 0.481934
vt 0.564453 0.437256
vt 0.522949 0.393066
vt 0.536621 0.395752
vt 0.535645 0.428223
vt 0.550781 0.394531
vt 0.523438 0.425781
vt 0.510254 0.392578
vt 0.508301 0.435059
vt 0.522461 0.454102
vt 0.503906 0.479736
vt 0.520508 0.483643
vt 0.535645 0.494141
vt 0.535645 0.456543
vt 0.552246 0.494385
vt 0.550781 0.439697
vt 0.563965 0.394775
vt 0.566895 0.481934
vt 0.564453 0.437256
vt 0.902832 0.010750
vt 0.902832 0.010750
vt 0.902832 0.010750
vt 0.851074 0.014290
vt 0.851074 0.014290
vt 0.851074 0.014290
vt 0.851074 0.014290
vt 0.851074 0.014290
vt 0.851074 0.014290
vt 0.851074 0.014290
vt 0.851074 0.014290
vt 0.851074 0.014290
vt 0.851074 0.014290
vt 0.851074 0.014290
vt 0.851074 0.014290
vt 0.851074 0.014290
vt 0.851074 0.014290
vt 0.851074 0.014290
vt 0.851074 0.014290
vt 0.902832 0.010750
vt 0.902832 0.010750
vt 0.902832 0.010750
vt 0.851074 0.014290
vt 0.851074 0.014290
vt 0.851074 0.014290
vt 0.851074 0.014290
vt 0.851074 0.014290
vt 0.851074 0.014290
vt 0.851074 0.014290
vt 0.851074 0.014290
vt 0.851074 0.014290
vt 0.851074 0.014290
vt 0.851074 0.014290
vt 0.851074 0.014290
vt 0.851074 0.014290
vt 0.851074 0.014290
vt 0.851074 0.014290
vt 0.851074 0.014290
vt 0.848145 0.008186
vt 0.848145 0.008186
vt 0.848145 0.008186
vt 0.848145 0.008186
vt 0.848145 0.008186
vt 0.848145 0.008186
vt 0.848145 0.008186
vt 0.850586 0.017761
vt 0.848145 0.008186
vt 0.848145 0.008186
vt 0.848145 0.008186
vt 0.850586 0.017761
vt 0.848145 0.008186
vt 0.990234 0.348389
vt 0.990234 0.348389
vt 0.990234 0.348389
vt 0.990234 0.348389
vt 0.902832 0.010750
vt 0.902832 0.010750
vt 0.902832 0.010750
vt 0.902832 0.010750
vt 0.902832 0.010750
vt 0.902832 0.010750
vt 0.995117 0.013535
vt 0.995117 0.013535
vt 0.995117 0.013535
vt 0.995117 0.013535
vt 0.952637 0.011223
vt 0.952637 0.011223
vt 0.952637 0.011223
vt 0.952637 0.011223
vt 0.952637 0.011223
vt 0.952637 0.011223
vt 0.952637 0.011223
vt 0.952637 0.011223
vt 0.952637 0.011223
vt 0.952637 0.011223
vt 0.995117 0.013535
vt 0.995117 0.013535
vt 0.995117 0.013535
vt 0.995117 0.013535
vt 0.995117 0.013535
vt 0.995117 0.013535
vt 0.995117 0.013535
vt 0.995117 0.013535
vt 0.995117 0.013535
vt 0.902832 0.010750
vt 0.902832 0.010750
vt 0.902832 0.010750
vt 0.902832 0.010750
vt 0.902832 0.010750
vt 0.902832 0.010750
vt 0.886719 0.012093
vt 0.886719 0.011261
vt 0.888672 0.011597
vt 0.888184 0.012138
vt 0.888672 0.015549
vt 0.888184 0.014824
vt 0.886719 0.014641
vt 0.886719 0.015427
vt 0.990234 0.348389
vt 0.990234 0.348389
vt 0.990234 0.348389
vt 0.990234 0.348389
vt 0.902832 0.010750
vt 0.902832 0.010750
vt 0.902832 0.010750
vt 0.902832 0.010750
vt 0.902832 0.010750
vt 0.902832 0.010750
vt 0.902832 0.010750
vt 0.782715 0.118286
vt 0.782715 0.118286
vt 0.782715 0.118286
vt 0.782715 0.118286
vt 0.782715 0.118286
vt 0.782715 0.118286
vt 0.782715 0.118286
vt 0.782715 0.118286
vt 0.782715 0.118286
vt 0.782715 0.118286
vt 0.782715 0.118286
vt 0.782715 0.118286
vt 0.884766 0.005493
vt 0.884766 0.005493
vt 0.884766 0.005493
vt 0.884766 0.005493
vt 0.884766 0.005493
vt 0.884766 0.005493
vt 0.884766 0.005493
vt 0.884766 0.005493
vt 0.884766 0.005493
vt 0.884766 0.005493
vt 0.884766 0.005493
vt 0.884766 0.005493
vt 0.848145 0.008186
vt 0.848145 0.008186
vt 0.848145 0.008186
vt 0.848145 0.008186
vt 0.848145 0.008186
vt 0.848145 0.008186
vt 0.848145 0.008186
vt 0.850586 0.017761
vt 0.848145 0.008186
vt 0.848145 0.008186
vt 0.848145 0.008186
vt 0.850586 0.017761
vt 0.848145 0.008186
vt 0.990234 0.348389
vt 0.990234 0.348389
vt 0.990234 0.348389
vt 0.990234 0.348389
vt 0.902832 0.010750
vt 0.902832 0.010750
vt 0.902832 0.010750
vt 0.902832 0.010750
vt 0.902832 0.010750
vt 0.902832 0.010750
vt 0.995117 0.013535
vt 0.995117 0.013535
vt 0.995117 0.013535
vt 0.995117 0.013535
vt 0.952637 0.011223
vt 0.952637 0.011223
vt 0.952637 0.011223
vt 0.952637 0.011223
vt 0.952637 0.011223
vt 0.952637 0.011223
vt 0.952637 0.011223
vt 0.952637 0.011223
vt 0.952637 0.011223
vt 0.952637 0.011223
vt 0.995117 0.013535
vt 0.995117 0.013535
vt 0.995117 0.013535
vt 0.995117 0.013535
vt 0.995117 0.013535
vt 0.995117 0.013535
vt 0.995117 0.013535
vt 0.995117 0.013535
vt 0.995117 0.013535
vt 0.902832 0.010750
vt 0.902832 0.010750
vt 0.902832 0.010750
vt 0.902832 0.010750
vt 0.902832 0.010750
vt 0.902832 0.010750
vt 0.886719 0.011261
vt 0.886719 0.012093
vt 0.888672 0.011597
vt 0.888184 0.012138
vt 0.888672 0.015549
vt 0.888184 0.014824
vt 0.886719 0.014641
vt 0.886719 0.015427
vt 0.990234 0.348389
vt 0.990234 0.348389
vt 0.990234 0.348389
vt 0.990234 0.348389
vt 0.902832 0.010750
vt 0.902832 0.010750
vt 0.902832 0.010750
vt 0.902832 0.010750
vt 0.902832 0.010750
vt 0.902832 0.010750
vt 0.902832 0.010750
vt 0.782715 0.118286
vt 0.782715 0.118286
vt 0.782715 0.118286
vt 0.782715 0.118286
vt 0.782715 0.118286
vt 0.782715 0.118286
vt 0.782715 0.118286
vt 0.782715 0.118286
vt 0.782715 0.118286
vt 0.782715 0.118286
vt 0.782715 0.118286
vt 0.782715 0.118286
vt 0.884766 0.005493
vt 0.884766 0.005493
vt 0.884766 0.005493
vt 0.884766 0.005493
vt 0.884766 0.005493
vt 0.884766 0.005493
vt 0.884766 0.005493
vt 0.884766 0.005493
vt 0.884766 0.005493
vt 0.884766 0.005493
vt 0.884766 0.005493
vt 0.884766 0.005493
vt 0.957031 0.006176
vt 0.952637 0.006176
vt 0.952637 0.018768
vt 0.956543 0.018768
vt 0.956543 0.021530
vt 0.953125 0.021530
vt 0.965820 0.006443
vt 0.966309 0.006615
vt 0.965820 0.016373
vt 0.966309 0.016464
vt 0.966309 0.018112
vt 0.968750 0.016464
vt 0.968750 0.006615
vt 0.969238 0.006443
vt 0.969238 0.016373
vt 0.969238 0.018112
vt 0.969238 0.011848
vt 0.969238 0.011848
vt 0.969238 0.011848
vt 0.969238 0.011848
vt 0.957520 0.008202
vt 0.957520 0.008202
vt 0.957520 0.008202
vt 0.957520 0.008202
vt 0.994141 0.011246
vt 0.994141 0.011246
vt 0.994141 0.011246
vt 0.994141 0.011246
vt 0.994141 0.011246
vt 0.994141 0.011246
vt 0.994141 0.011246
vt 0.994141 0.011246
vt 0.900391 0.013275
vt 0.899902 0.011505
vt 0.901367 0.013275
vt 0.901855 0.011505
vt 0.899902 0.011192
vt 0.901855 0.011192
vt 0.887207 0.013954
vt 0.886230 0.011971
vt 0.889160 0.013954
vt 0.889648 0.011971
vt 0.886230 0.011269
vt 0.889648 0.011269
vt 0.900391 0.012352
vt 0.899902 0.010872
vt 0.901367 0.012352
vt 0.901855 0.010872
vt 0.899902 0.010414
vt 0.901855 0.010414
vt 0.888672 0.010132
vt 0.889160 0.011734
vt 0.887695 0.010132
vt 0.886719 0.011734
vt 0.889160 0.012299
vt 0.886719 0.012299
vt 0.969238 0.011848
vt 0.969238 0.011848
vt 0.969238 0.011848
vt 0.969238 0.011848
vt 0.994141 0.011246
vt 0.994141 0.011246
vt 0.994141 0.011246
vt 0.994141 0.011246
vt 0.957520 0.008202
vt 0.957520 0.008202
vt 0.957520 0.008202
vt 0.957520 0.008202
vt 0.994141 0.011246
vt 0.994141 0.011246
vt 0.994141 0.011246
vt 0.994141 0.011246
vt 0.966797 0.013145
vt 0.966797 0.013145
vt 0.966797 0.013145
vt 0.966797 0.013145
vt 0.994629 0.009964
vt 0.994629 0.009964
vt 0.994629 0.009964
vt 0.994629 0.009964
vt 0.994629 0.009964
vt 0.994629 0.009964
vt 0.994629 0.009964
vt 0.994629 0.009964
vt 0.994629 0.009964
vt 0.994629 0.009964
vt 0.994629 0.009964
vt 0.994629 0.009964
vt 0.994629 0.009964
vt 0.994629 0.009964
vt 0.994629 0.009964
vt 0.994629 0.009964
vt 0.994629 0.009964
vt 0.993652 0.191284
vt 0.993652 0.191284
vt 0.993652 0.191284
vt 0.993652 0.191284
vt 0.993652 0.191284
vt 0.993652 0.191284
vt 0.993652 0.191284
vt 0.993652 0.191284
vt 0.993652 0.191284
vt 0.993652 0.191284
vt 0.900879 0.011787
vt 0.900879 0.011787
vt 0.900879 0.011787
vt 0.900879 0.011787
vt 0.900879 0.011787
vt 0.900879 0.011787
vt 0.900879 0.011787
vt 0.900879 0.011787
vt 0.900879 0.011787
vt 0.900879 0.011787
vt 0.980957 0.010597
vt 0.980957 0.010597
vt 0.980957 0.010597
vt 0.980957 0.010597
vt 0.980957 0.010597
vt 0.980957 0.010597
vt 0.980957 0.010597
vt 0.980957 0.010597
vt 0.956543 0.018768
vt 0.956543 0.018768
vt 0.956543 0.018768
vt 0.956543 0.018768
vt 0.956543 0.018768
vt 0.956543 0.018768
vt 0.956543 0.018768
vt 0.956543 0.018768
vt 0.968262 0.013298
vt 0.968262 0.014374
vt 0.967285 0.014366
vt 0.966797 0.013283
vt 0.968262 0.013298
vt 0.966797 0.013283
vt 0.968262 0.013298
vt 0.966797 0.013283
vt 0.967285 0.014366
vt 0.968262 0.014374
vt 0.810059 0.067871
vt 0.810059 0.067871
vt 0.810059 0.067871
vt 0.810059 0.067871
vt 0.810059 0.067871
vt 0.810059 0.067871
vt 0.810059 0.067871
vt 0.810059 0.067871
vt 0.808594 0.040070
vt 0.808594 0.040070
vt 0.808594 0.040070
vt 0.808594 0.040070
vt 0.808594 0.040070
vt 0.808594 0.040070
vt 0.808594 0.040070
vt 0.808594 0.040070
vt 0.808594 0.040070
vt 0.808594 0.040070
vt 0.808594 0.040070
vt 0.808594 0.040070
vt 0.808594 0.040070
vt 0.808594 0.040070
vt 0.808594 0.040070
vt 0.808594 0.040070
vt 0.901855 0.010414
vt 0.901855 0.010414
vt 0.901855 0.010414
vt 0.901855 0.010414
vt 0.901855 0.010414
vt 0.901855 0.010414
vt 0.901855 0.010414
vt 0.901855 0.010414
vt 0.901855 0.010414
vt 0.901855 0.010414
vt 0.901855 0.010414
vt 0.901855 0.010414
vt 0.876953 0.012032
vt 0.876953 0.012032
vt 0.876953 0.012032
vt 0.876953 0.012032
vt 0.835449 0.014084
vt 0.835449 0.014084
vt 0.835449 0.014084
vt 0.835449 0.014084
vt 0.835449 0.014084
vt 0.835449 0.014084
vt 0.835449 0.014084
vt 0.835449 0.014084
vt 0.876953 0.012032
vt 0.876953 0.012032
vt 0.876953 0.012032
vt 0.876953 0.012032
vt 0.967285 0.014366
vt 0.967285 0.014366
vt 0.967285 0.014366
vt 0.967285 0.014366
vt 0.755371 0.116699
vt 0.755371 0.116699
vt 0.755371 0.116699
vt 0.755371 0.116699
vt 0.755371 0.116699
vt 0.755371 0.116699
vt 0.755371 0.116699
vt 0.755371 0.116699
vt 0.755371 0.116699
vt 0.755371 0.116699
vt 0.755371 0.116699
vt 0.755371 0.116699
vt 0.755371 0.116699
vt 0.755371 0.116699
vt 0.755371 0.116699
vt 0.755371 0.116699
vt 0.834961 0.039551
vt 0.834961 0.039551
vt 0.834961 0.039551
vt 0.834961 0.039551
vt 0.834961 0.039551
vt 0.834961 0.039551
vt 0.834961 0.039551
vt 0.834961 0.039551
vt 0.957031 0.006176
vt 0.952637 0.006176
vt 0.952637 0.018768
vt 0.956543 0.018768
vt 0.956543 0.021530
vt 0.953125 0.021530
vt 0.965820 0.006443
vt 0.966309 0.006615
vt 0.965820 0.016373
vt 0.966309 0.016464
vt 0.966309 0.018112
vt 0.968750 0.016464
vt 0.968750 0.006615
vt 0.969238 0.006443
vt 0.969238 0.016373
vt 0.969238 0.018112
vt 0.969238 0.011848
vt 0.969238 0.011848
vt 0.969238 0.011848
vt 0.969238 0.011848
vt 0.957520 0.008202
vt 0.957520 0.008202
vt 0.957520 0.008202
vt 0.957520 0.008202
vt 0.994141 0.011246
vt 0.994141 0.011246
vt 0.994141 0.011246
vt 0.994141 0.011246
vt 0.994141 0.011246
vt 0.994141 0.011246
vt 0.994141 0.011246
vt 0.994141 0.011246
vt 0.900391 0.013275
vt 0.899902 0.011505
vt 0.901367 0.013275
vt 0.901855 0.011505
vt 0.899902 0.011192
vt 0.901855 0.011192
vt 0.887207 0.013954
vt 0.886230 0.011971
vt 0.889160 0.013954
vt 0.889648 0.011971
vt 0.886230 0.011269
vt 0.889648 0.011269
vt 0.900391 0.012352
vt 0.899902 0.010872
vt 0.901367 0.012352
vt 0.901855 0.010872
vt 0.899902 0.010414
vt 0.901855 0.010414
vt 0.888672 0.010132
vt 0.889160 0.011734
vt 0.887695 0.010132
vt 0.886719 0.011734
vt 0.889160 0.012299
vt 0.886719 0.012299
vt 0.969238 0.011848
vt 0.969238 0.011848
vt 0.969238 0.011848
vt 0.969238 0.011848
vt 0.994141 0.011246
vt 0.994141 0.011246
vt 0.994141 0.011246
vt 0.994141 0.011246
vt 0.957520 0.008202
vt 0.957520 0.008202
vt 0.957520 0.008202
vt 0.957520 0.008202
vt 0.994141 0.011246
vt 0.994141 0.011246
vt 0.994141 0.011246
vt 0.994141 0.011246
vt 0.966797 0.013145
vt 0.966797 0.013145
vt 0.966797 0.013145
vt 0.966797 0.013145
vt 0.994629 0.009964
vt 0.994629 0.009964
vt 0.994629 0.009964
vt 0.994629 0.009964
vt 0.994629 0.009964
vt 0.994629 0.009964
vt 0.994629 0.009964
vt 0.994629 0.009964
vt 0.994629 0.009964
vt 0.994629 0.009964
vt 0.994629 0.009964
vt 0.994629 0.009964
vt 0.994629 0.009964
vt 0.994629 0.009964
vt 0.994629 0.009964
vt 0.994629 0.009964
vt 0.994629 0.009964
vt 0.993652 0.191284
vt 0.993652 0.191284
vt 0.993652 0.191284
vt 0.993652 0.191284
vt 0.993652 0.191284
vt 0.993652 0.191284
vt 0.993652 0.191284
vt 0.993652 0.191284
vt 0.993652 0.191284
vt 0.993652 0.191284
vt 0.900879 0.011787
vt 0.900879 0.011787
vt 0.900879 0.011787
vt 0.900879 0.011787
vt 0.900879 0.011787
vt 0.900879 0.011787
vt 0.900879 0.011787
vt 0.900879 0.011787
vt 0.900879 0.011787
vt 0.900879 0.011787
vt 0.980957 0.010597
vt 0.980957 0.010597
vt 0.980957 0.010597
vt 0.980957 0.010597
vt 0.980957 0.010597
vt 0.980957 0.010597
vt 0.980957 0.010597
vt 0.980957 0.010597
vt 0.956543 0.018768
vt 0.956543 0.018768
vt 0.956543 0.018768
vt 0.956543 0.018768
vt 0.956543 0.018768
vt 0.956543 0.018768
vt 0.956543 0.018768
vt 0.956543 0.018768
vt 0.968262 0.013298
vt 0.968262 0.014374
vt 0.967285 0.014366
vt 0.966797 0.013283
vt 0.968262 0.013298
vt 0.966797 0.013283
vt 0.968262 0.013298
vt 0.966797 0.013283
vt 0.967285 0.014366
vt 0.968262 0.014374
vt 0.810059 0.067871
vt 0.810059 0.067871
vt 0.810059 0.067871
vt 0.810059 0.067871
vt 0.810059 0.067871
vt 0.810059 0.067871
vt 0.810059 0.067871
vt 0.810059 0.067871
vt 0.808594 0.040070
vt 0.808594 0.040070
vt 0.808594 0.040070
vt 0.808594 0.040070
vt 0.808594 0.040070
vt 0.808594 0.040070
vt 0.808594 0.040070
vt 0.808594 0.040070
vt 0.808594 0.040070
vt 0.808594 0.040070
vt 0.808594 0.040070
vt 0.808594 0.040070
vt 0.808594 0.040070
vt 0.808594 0.040070
vt 0.808594 0.040070
vt 0.808594 0.040070
vt 0.901855 0.010414
vt 0.901855 0.010414
vt 0.901855 0.010414
vt 0.901855 0.010414
vt 0.901855 0.010414
vt 0.901855 0.010414
vt 0.901855 0.010414
vt 0.901855 0.010414
vt 0.901855 0.010414
vt 0.901855 0.010414
vt 0.901855 0.010414
vt 0.901855 0.010414
vt 0.877930 0.016083
vt 0.877930 0.016083
vt 0.877930 0.016083
vt 0.877930 0.016083
vt 0.835449 0.011246
vt 0.835449 0.011246
vt 0.835449 0.011246
vt 0.835449 0.011246
vt 0.835449 0.011246
vt 0.835449 0.011246
vt 0.835449 0.011246
vt 0.835449 0.011246
vt 0.877930 0.016083
vt 0.877930 0.016083
vt 0.877930 0.016083
vt 0.877930 0.016083
vt 0.967285 0.014366
vt 0.967285 0.014366
vt 0.967285 0.014366
vt 0.967285 0.014366
vt 0.755371 0.116699
vt 0.755371 0.116699
vt 0.755371 0.116699
vt 0.755371 0.116699
vt 0.755371 0.116699
vt 0.755371 0.116699
vt 0.755371 0.116699
vt 0.755371 0.116699
vt 0.755371 0.116699
vt 0.755371 0.116699
vt 0.755371 0.116699
vt 0.755371 0.116699
vt 0.755371 0.116699
vt 0.755371 0.116699
vt 0.755371 0.116699
vt 0.755371 0.116699
vt 0.834961 0.039551
vt 0.834961 0.039551
vt 0.834961 0.039551
vt 0.834961 0.039551
vt 0.834961 0.039551
vt 0.834961 0.039551
vt 0.834961 0.039551
vt 0.834961 0.039551
vt 0.917969 0.033020
vt 0.917969 0.033020
vt 0.917969 0.033020
vt 0.917969 0.033020
vt 0.917969 0.033020
vt 0.917969 0.033020
vt 0.917969 0.033020
vt 0.917969 0.033020
vt 0.917969 0.033020
vt 0.917969 0.033020
vt 0.917969 0.033020
vt 0.917969 0.033020
vt 0.917969 0.033020
vt 0.917969 0.033020
vt 0.917969 0.033020
vt 0.917969 0.033020
vt 0.917969 0.033020
vt 0.917969 0.033020
vt 0.917969 0.033020
vt 0.917969 0.033020
vt 0.917969 0.033020
vt 0.917969 0.033020
vt 0.917969 0.033020
vt 0.917969 0.033020
vt 0.917969 0.033020
vt 0.917969 0.033020
vt 0.917969 0.033020
vt 0.917969 0.033020
vt 0.917969 0.033020
vt 0.917969 0.033020
vt 0.917969 0.033020
vt 0.917969 0.033020
vt 0.917969 0.033020
vt 0.917969 0.033020
vt 0.917969 0.033020
vt 0.917969 0.033020
vt 0.917969 0.033020
vt 0.917969 0.033020
vt 0.917969 0.033020
vt 0.819824 0.036163
vt 0.819336 0.036163
vt 0.819336 0.037567
vt 0.819824 0.037567
vt 0.820801 0.036163
vt 0.820801 0.037567
vt 0.820801 0.037567
vt 0.820801 0.036163
vt 0.821777 0.036163
vt 0.821777 0.037567
vt 0.822266 0.036163
vt 0.822266 0.037567
vt 0.822754 0.037567
vt 0.822754 0.036163
vt 0.823242 0.037567
vt 0.823242 0.036163
vt 0.823730 0.036163
vt 0.823730 0.037567
vt 0.824707 0.038116
vt 0.824707 0.034912
vt 0.823730 0.034912
vt 0.823730 0.038116
vt 0.822266 0.034912
vt 0.822266 0.038116
vt 0.820801 0.034912
vt 0.820801 0.038116
vt 0.819824 0.034912
vt 0.819824 0.038116
vt 0.825684 0.060577
vt 0.824707 0.060577
vt 0.825684 0.063660
vt 0.824707 0.063660
vt 0.824707 0.069824
vt 0.822754 0.063660
vt 0.822754 0.060577
vt 0.821289 0.060577
vt 0.821289 0.063660
vt 0.820312 0.063660
vt 0.820312 0.060577
vt 0.826172 0.063843
vt 0.825195 0.063843
vt 0.826172 0.065369
vt 0.825195 0.065369
vt 0.825684 0.068481
vt 0.824219 0.063843
vt 0.824219 0.065369
vt 0.824707 0.068481
vt 0.823730 0.065369
vt 0.823730 0.068481
vt 0.823730 0.063843
vt 0.822754 0.065369
vt 0.822754 0.063843
vt 0.821777 0.065369
vt 0.821777 0.063843
vt 0.822754 0.068481
vt 0.821777 0.063843
vt 0.821777 0.065369
vt 0.820801 0.063843
vt 0.820801 0.065369
vt 0.821289 0.068481
vt 0.819824 0.063843
vt 0.819824 0.065369
vt 0.820312 0.068481
vt 0.925293 0.032623
vt 0.925293 0.032623
vt 0.925293 0.032623
vt 0.925293 0.032623
vt 0.925293 0.032623
vt 0.925293 0.032623
vt 0.925293 0.032623
vt 0.925293 0.032623
vt 0.925293 0.032623
vt 0.925293 0.032623
vt 0.925293 0.032623
vt 0.925293 0.032623
vt 0.925293 0.032623
vt 0.925293 0.032623
vt 0.967773 0.009590
vt 0.967773 0.009590
vt 0.967773 0.009590
vt 0.967773 0.009590
vt 0.967773 0.009590
vt 0.967773 0.009590
vt 0.967773 0.009590
vt 0.967773 0.009590
vt 0.920410 0.032898
vt 0.920410 0.033691
vt 0.920410 0.034241
vt 0.920410 0.031769
vt 0.920410 0.033295
vt 0.920410 0.032776
vt 0.920410 0.031082
vt 0.920410 0.032745
vt 0.920410 0.031067
vt 0.920410 0.033264
vt 0.920410 0.031738
vt 0.920410 0.032867
vt 0.920410 0.033661
vt 0.920410 0.034241
vt 0.820312 0.037323
vt 0.824707 0.037323
vt 0.824219 0.038422
vt 0.820801 0.038483
vt 0.821289 0.039093
vt 0.823730 0.039062
vt 0.823242 0.039642
vt 0.821777 0.039673
vt 0.851562 0.041870
vt 0.851074 0.041046
vt 0.851074 0.040070
vt 0.852051 0.040680
vt 0.851074 0.039429
vt 0.851562 0.042297
vt 0.851562 0.038879
vt 0.852051 0.042297
vt 0.852051 0.038879
vt 0.852539 0.041748
vt 0.852539 0.039246
vt 0.852539 0.041199
vt 0.853027 0.040131
vt 0.769531 0.063599
vt 0.769531 0.063599
vt 0.769531 0.063599
vt 0.769531 0.063599
vt 0.769531 0.063599
vt 0.769531 0.063599
vt 0.769531 0.038361
vt 0.769531 0.038361
vt 0.769531 0.038361
vt 0.769531 0.038361
vt 0.769531 0.038361
vt 0.769531 0.038361
vt 0.769531 0.038361
vt 0.769531 0.038361
vt 0.769531 0.038361
vt 0.769531 0.038361
vt 0.769531 0.038361
vt 0.769531 0.038361
vt 0.769531 0.038361
vt 0.769531 0.038361
vt 0.811035 0.063599
vt 0.811035 0.063599
vt 0.811035 0.063599
vt 0.811035 0.063599
vt 0.811035 0.063599
vt 0.811035 0.063599
vt 0.811035 0.063599
vt 0.811035 0.038361
vt 0.811035 0.038361
vt 0.811035 0.038361
vt 0.811035 0.038361
vt 0.811035 0.038361
vt 0.811035 0.038361
vt 0.811035 0.038361
vt 0.811035 0.038361
vt 0.811035 0.038361
vt 0.811035 0.038361
vt 0.811035 0.038361
vt 0.769531 0.063599
vt 0.769531 0.063599
vt 0.769531 0.063599
vt 0.769531 0.063599
vt 0.769531 0.063599
vt 0.769531 0.063599
vt 0.769531 0.038361
vt 0.769531 0.038361
vt 0.769531 0.038361
vt 0.769531 0.038361
vt 0.769531 0.038361
vt 0.769531 0.038361
vt 0.769531 0.038361
vt 0.769531 0.038361
vt 0.769531 0.038361
vt 0.769531 0.038361
vt 0.769531 0.038361
vt 0.769531 0.038361
vt 0.769531 0.038361
vt 0.769531 0.038361
vt 0.811035 0.063599
vt 0.811035 0.063599
vt 0.811035 0.063599
vt 0.811035 0.063599
vt 0.811035 0.063599
vt 0.811035 0.063599
vt 0.811035 0.063599
vt 0.811035 0.038361
vt 0.811035 0.038361
vt 0.811035 0.038361
vt 0.811035 0.038361
vt 0.811035 0.038361
vt 0.811035 0.038361
vt 0.811035 0.038361
vt 0.811035 0.038361
vt 0.811035 0.038361
vt 0.811035 0.038361
vt 0.811035 0.038361
vt 0.823730 0.040497
vt 0.823730 0.040497
vt 0.823730 0.040497
vt 0.823730 0.040497
vt 0.823730 0.040497
vt 0.823730 0.040497
vt 0.823730 0.040497
vt 0.823730 0.040497
vt 0.823730 0.040497
vt 0.925293 0.032623
vt 0.925293 0.032623
vt 0.925293 0.032623
vt 0.925293 0.032623
vt 0.925293 0.032623
vt 0.925293 0.032623
vt 0.925293 0.032623
vt 0.925293 0.032623
vt 0.925293 0.032623
vt 0.925293 0.032623
vt 0.925293 0.032623
vt 0.925293 0.032623
vt 0.925293 0.032623
vt 0.925293 0.032623
vt 0.925293 0.032623
vt 0.925293 0.032623
vt 0.573730 0.294678
vt 0.576660 0.254883
vt 0.587891 0.290039
vt 0.590332 0.259277
vt 0.614258 0.285645
vt 0.593262 0.225708
vt 0.579590 0.211426
vt 0.615234 0.257568
vt 0.635742 0.285889
vt 0.616211 0.225952
vt 0.634766 0.257568
vt 0.662109 0.290283
vt 0.598633 0.200195
vt 0.596680 0.163940
vt 0.659668 0.259521
vt 0.676270 0.294922
vt 0.673340 0.255127
vt 0.633789 0.226196
vt 0.656738 0.225708
vt 0.670410 0.211548
vt 0.601074 0.209717
vt 0.615234 0.204224
vt 0.651367 0.200317
vt 0.653320 0.164062
vt 0.614258 0.193604
vt 0.648926 0.209839
vt 0.634766 0.204956
vt 0.635742 0.194580
vt 0.604004 0.135986
vt 0.588379 0.117310
vt 0.574219 0.149902
vt 0.580566 0.092224
vt 0.562012 0.131226
vt 0.551270 0.108459
vt 0.573730 0.063904
vt 0.593262 0.072449
vt 0.588867 0.043091
vt 0.597656 0.098633
vt 0.612305 0.062469
vt 0.611816 0.031082
vt 0.612793 0.090942
vt 0.645996 0.136108
vt 0.637695 0.062561
vt 0.638184 0.031174
vt 0.637207 0.091003
vt 0.661621 0.117432
vt 0.675781 0.150024
vt 0.652344 0.098755
vt 0.656738 0.072510
vt 0.661133 0.043182
vt 0.669434 0.092346
vt 0.687988 0.131348
vt 0.676270 0.064026
vt 0.698730 0.108521
vt 0.889648 0.013916
vt 0.889648 0.013916
vt 0.889648 0.013916
vt 0.889648 0.013916
vt 0.889648 0.013916
vt 0.888184 0.014732
vt 0.808594 0.121460
vt 0.808594 0.121460
vt 0.808594 0.121460
vt 0.808594 0.121460
vt 0.889648 0.013916
vt 0.889648 0.013916
vt 0.888184 0.014732
vt 0.888184 0.014732
vt 0.808594 0.121460
vt 0.808594 0.121460
vt 0.808594 0.121460
vt 0.808594 0.121460
vt 0.808594 0.119141
vt 0.808594 0.119141
vt 0.808594 0.119141
vt 0.808594 0.119141
vt 0.808594 0.119141
vt 0.808594 0.119141
vt 0.808594 0.119141
vt 0.808594 0.119141
vt 0.889648 0.013916
vt 0.889648 0.013916
vt 0.889648 0.013916
vt 0.889648 0.013916
vt 0.889648 0.013916
vt 0.889648 0.013916
vt 0.889648 0.013916
vt 0.889648 0.013916
vt 0.889648 0.013916
vt 0.888184 0.014732
vt 0.888184 0.014732
vt 0.889160 0.014160
vt 0.889648 0.013916
vt 0.889648 0.013916
vt 0.889648 0.013916
vt 0.889648 0.013916
vt 0.889648 0.013916
vt 0.889648 0.013916
vt 0.994629 0.015930
vt 0.994629 0.015930
vt 0.994629 0.015930
vt 0.994629 0.015930
vt 0.994629 0.015930
vt 0.994629 0.015930
vt 0.994629 0.015930
vt 0.994629 0.015930
vt 0.994629 0.015930
vt 0.994629 0.015930
vt 0.994629 0.015930
vt 0.994629 0.015930
vt 0.994629 0.015930
vt 0.994629 0.015930
vt 0.994629 0.015930
vt 0.994629 0.015930
vt 0.994629 0.015930
vt 0.994629 0.015930
vt 0.994629 0.015930
vt 0.994629 0.015930
vt 0.994629 0.015930
vt 0.994629 0.015930
vt 0.994629 0.015930
vt 0.994629 0.015930
vt 0.994629 0.015930
vt 0.994629 0.015930
vt 0.994629 0.015930
vt 0.994629 0.015930
vt 0.994629 0.015930
vt 0.994629 0.015930
vt 0.994629 0.015930
vt 0.994629 0.015930
vt 0.994629 0.015930
vt 0.994629 0.015930
vt 0.994629 0.015930
vt 0.967773 0.011627
vt 0.967773 0.011627
vt 0.967773 0.011627
vt 0.967773 0.011627
vt 0.967773 0.011627
vt 0.967773 0.011627
vt 0.967773 0.011627
vt 0.967773 0.011627
vt 0.967773 0.011627
vt 0.967773 0.011627
vt 0.967773 0.011627
vt 0.967773 0.011627
vt 0.967773 0.011627
vt 0.967773 0.011627
vt 0.967773 0.011627
vt 0.967773 0.011627
vt 0.967773 0.011627
vt 0.967773 0.011627
vt 0.967773 0.011627
vt 0.967773 0.011627
vt 0.967773 0.011627
vt 0.967773 0.011627
vt 0.967773 0.011627
vt 0.967773 0.011627
vt 0.967773 0.011627
vt 0.967773 0.011627
vt 0.967773 0.011627
vt 0.967773 0.011627
vt 0.967773 0.011627
vt 0.967773 0.011627
vt 0.967773 0.011627
vt 0.967773 0.011627
vt 0.967773 0.011627
vt 0.967773 0.011627
vt 0.967773 0.011627
vt 0.967773 0.011627
vt 0.967773 0.011627
vt 0.967773 0.011627
vt 0.967773 0.011627
vt 0.967773 0.011627
vt 0.967773 0.011627
vt 0.967773 0.011627
vt 0.967773 0.011627
vt 0.967773 0.011627
vt 0.727051 0.161865
vt 0.732422 0.160156
vt 0.730469 0.176880
vt 0.731934 0.121277
vt 0.726562 0.123108
vt 0.726074 0.101562
vt 0.737305 0.157837
vt 0.734863 0.178345
vt 0.731445 0.099670
vt 0.725586 0.080505
vt 0.736816 0.121277
vt 0.731445 0.079163
vt 0.724609 0.049469
vt 0.736816 0.098206
vt 0.742188 0.122070
vt 0.743164 0.158081
vt 0.740234 0.176636
vt 0.730957 0.048676
vt 0.736816 0.076294
vt 0.742676 0.099121
vt 0.730469 0.028076
vt 0.724609 0.028793
vt 0.724121 0.007362
vt 0.729980 0.006695
vt 0.736328 0.022171
vt 0.735840 -0.000383
vt 0.736328 0.043915
vt 0.742188 0.022110
vt 0.741699 -0.000390
vt 0.742676 0.076721
vt 0.748047 0.101013
vt 0.747559 0.123413
vt 0.747559 0.164795
vt 0.745117 0.176147
vt 0.748047 0.079773
vt 0.748047 0.048492
vt 0.742188 0.043793
vt 0.748047 0.027802
vt 0.748047 0.006313
vn 0.8840 -0.1178 0.4523
vn 0.7136 -0.1008 0.6932
vn -0.1504 -0.7138 0.6840
vn -0.0006 -0.2123 0.9772
vn -0.0000 0.1587 0.9873
vn 0.7433 0.2050 0.6368
vn 0.1497 -0.7188 0.6789
vn 0.4755 -0.2205 0.8516
vn -0.7131 -0.0990 0.6941
vn -0.8818 -0.1142 0.4576
vn -0.7433 0.2050 0.6368
vn -0.4755 -0.2206 0.8516
vn 0.0000 0.1867 0.9824
vn 0.1075 0.6330 0.7667
vn -0.1075 0.6330 0.7667
vn -0.0000 0.6540 0.7565
vn 0.2232 -0.0164 -0.9746
vn 0.4975 -0.2170 0.8399
vn 0.7531 0.2075 0.6243
vn 0.9700 0.1932 -0.1472
vn 0.7209 -0.1048 0.6851
vn 0.9618 -0.1389 -0.2357
vn 0.8528 -0.2997 -0.4276
vn 0.8859 -0.1201 0.4480
vn -0.0481 -0.7248 -0.6873
vn 0.2237 -0.3965 -0.8904
vn 0.1989 0.2101 -0.9572
vn -0.2279 -0.3843 -0.8947
vn 0.0397 -0.7203 -0.6925
vn -0.1449 -0.7327 0.6650
vn 0.1447 -0.7374 0.6597
vn -0.2091 0.2115 -0.9548
vn -0.2302 -0.0200 -0.9729
vn -0.1142 0.5946 -0.7959
vn 0.1162 0.5995 -0.7919
vn 0.0028 0.9361 -0.3516
vn 0.1139 0.6396 0.7602
vn -0.0047 0.6665 0.7455
vn -0.4975 -0.2170 0.8399
vn -0.2308 -0.0206 -0.9728
vn -0.7531 0.2075 0.6243
vn -0.9699 0.1938 -0.1471
vn -0.1801 0.2118 -0.9606
vn -0.2008 -0.3867 -0.9001
vn -0.7203 -0.1030 0.6860
vn -0.9628 -0.1342 -0.2345
vn 0.0621 -0.7155 -0.6958
vn -0.8590 -0.2934 -0.4197
vn -0.8832 -0.1167 0.4542
vn -0.0012 0.9380 -0.3465
vn -0.1165 0.6034 -0.7889
vn -0.1139 0.6396 0.7602
vn 0.0047 0.6665 0.7455
vn -0.1071 -0.7283 -0.6768
vn -0.0936 -0.7619 -0.6409
vn -0.0590 -0.6997 0.7120
vn -0.0467 -0.5942 0.8030
vn -0.0314 -0.7363 -0.6760
vn 0.4950 -0.2174 0.8413
vn 0.2288 -0.0072 -0.9734
vn 0.1244 0.6318 0.7651
vn -0.0262 0.6371 0.7703
vn -0.0040 0.7767 0.6299
vn 0.1141 0.5978 -0.7935
vn -0.0579 0.7612 -0.6459
vn -0.0391 0.7546 -0.6551
vn -0.0323 0.6726 -0.7393
vn 0.2308 -0.0127 -0.9729
vn -0.0303 -0.7410 -0.6708
vn -0.1059 -0.7283 -0.6770
vn -0.0942 -0.7594 -0.6438
vn 0.3309 -0.9371 0.1114
vn -0.1539 -0.5855 0.7959
vn -0.3449 -0.9386 0.0090
vn 0.2913 -0.9545 -0.0641
vn -0.2499 -0.9550 -0.1599
vn 0.3454 -0.9384 0.0100
vn 0.1663 -0.5850 0.7938
vn -0.3308 -0.9373 0.1102
vn -0.2913 -0.9545 -0.0641
vn 0.2499 -0.9550 -0.1599
vn 0.0936 -0.7619 -0.6409
vn 0.1071 -0.7283 -0.6768
vn 0.0590 -0.6997 0.7120
vn 0.0451 -0.5943 0.8030
vn 0.0314 -0.7363 -0.6760
vn -0.4950 -0.2174 0.8413
vn -0.2288 -0.0072 -0.9734
vn -0.1244 0.6318 0.7651
vn 0.0261 0.6371 0.7703
vn 0.0040 0.7767 0.6299
vn -0.1141 0.5978 -0.7935
vn 0.0544 0.7601 -0.6475
vn 0.0391 0.7546 -0.6551
vn 0.0350 0.6722 -0.7396
vn -0.2308 -0.0127 -0.9729
vn 0.0303 -0.7410 -0.6708
vn 0.1059 -0.7283 -0.6770
vn 0.0942 -0.7594 -0.6438
vn 0.8422 0.3654 -0.3965
vn 0.7497 0.4130 -0.5171
vn 0.6834 0.6621 0.3075
vn -0.6591 0.4807 -0.5784
vn 0.6097 0.7049 0.3624
vn -0.5888 0.7711 0.2422
vn -0.6899 0.6976 0.1936
vn -0.7005 0.3772 -0.6058
vn -0.2525 -0.9538 -0.1631
vn 0.2886 -0.9554 -0.0631
vn -0.3340 -0.9425 0.0064
vn 0.3240 -0.9401 0.1063
vn -0.1546 -0.5840 0.7969
vn -0.1718 0.4934 0.8527
vn -0.7497 0.4130 -0.5171
vn -0.8416 0.3669 -0.3963
vn -0.6834 0.6621 0.3075
vn -0.6057 0.7079 0.3634
vn 0.5888 0.7711 0.2421
vn 0.6591 0.4807 -0.5784
vn 0.6906 0.6969 0.1936
vn 0.7005 0.3774 -0.6057
vn 0.2525 -0.9538 -0.1631
vn -0.2886 -0.9554 -0.0631
vn 0.3345 -0.9424 0.0073
vn -0.3236 -0.9403 0.1049
vn 0.1669 -0.5840 0.7944
vn 0.1638 0.4943 0.8537
vn -0.5864 0.7769 0.2294
vn 0.6786 0.6689 0.3034
vn -0.6989 -0.0983 0.7084
vn -0.6692 0.4868 -0.5615
vn 0.6670 -0.0357 0.7442
vn 0.7539 0.4259 -0.5003
vn 0.6028 -0.0293 -0.7973
vn 0.7185 -0.0153 0.6954
vn 0.0387 -0.7300 -0.6824
vn 0.1370 -0.7424 0.6558
vn -0.8820 -0.1275 0.4537
vn -0.7718 0.0180 0.6357
vn -0.8608 -0.2970 -0.4133
vn -0.6646 -0.0497 -0.7456
vn 0.7530 0.4241 -0.5031
vn 0.0425 -0.7290 -0.6832
vn 0.6030 -0.0289 -0.7972
vn -0.6786 0.6689 0.3034
vn 0.5864 0.7769 0.2294
vn 0.6989 -0.0983 0.7084
vn 0.6692 0.4868 -0.5615
vn -0.6670 -0.0356 0.7442
vn -0.7539 0.4259 -0.5003
vn -0.6003 -0.0327 -0.7991
vn -0.7130 -0.0220 0.7008
vn -0.0408 -0.7343 -0.6776
vn -0.1376 -0.7377 0.6610
vn 0.8845 -0.1310 0.4477
vn 0.7745 0.0201 0.6323
vn 0.8544 -0.3039 -0.4215
vn 0.6620 -0.0457 -0.7481
vn -0.7530 0.4241 -0.5031
vn -0.0430 -0.7335 -0.6783
vn -0.6003 -0.0324 -0.7991
vn -0.9990 0.0325 0.0308
vn -0.8949 0.0496 0.4436
vn -0.3444 0.9373 -0.0530
vn -0.8849 0.3281 0.3305
vn -0.1348 0.2849 0.9490
vn -0.3951 -0.9186 0.0058
vn -0.2767 -0.9156 0.2918
vn -0.3911 -0.9195 0.0402
vn -0.5842 0.3457 0.7343
vn -0.4930 -0.7973 0.3482
vn -0.8695 -0.0314 0.4929
vn -0.4942 -0.7978 0.3454
vn -0.8888 0.0477 0.4557
vn -0.8909 -0.4426 -0.1022
vn -0.9995 0.0321 0.0068
vn -0.5245 -0.7498 -0.4033
vn -0.8545 0.1559 -0.4955
vn -0.5227 -0.7496 -0.4061
vn -0.8365 0.0928 -0.5401
vn -0.2633 -0.9111 -0.3170
vn -0.5144 0.3908 -0.7633
vn -0.1308 -0.7064 -0.6956
vn 0.3444 0.9373 -0.0530
vn 0.8949 0.0496 0.4436
vn 0.9990 0.0325 0.0308
vn 0.1348 0.2849 0.9490
vn 0.8849 0.3281 0.3305
vn 0.3951 -0.9186 0.0058
vn 0.3911 -0.9195 0.0402
vn 0.2767 -0.9156 0.2918
vn 0.5842 0.3457 0.7343
vn 0.4930 -0.7973 0.3482
vn 0.8695 -0.0314 0.4929
vn 0.8888 0.0477 0.4557
vn 0.4942 -0.7978 0.3454
vn 0.8909 -0.4426 -0.1022
vn 0.9995 0.0321 0.0068
vn 0.5245 -0.7498 -0.4033
vn 0.8545 0.1559 -0.4955
vn 0.8365 0.0928 -0.5401
vn 0.5227 -0.7496 -0.4061
vn 0.2633 -0.9111 -0.3170
vn 0.5144 0.3908 -0.7633
vn 0.1308 -0.7064 -0.6956
vn -0.8923 -0.4391 -0.1044
vn -0.5224 -0.7501 -0.4055
vn -0.4920 -0.7997 0.3441
vn -0.2709 -0.9208 0.2807
vn -0.2584 -0.9154 -0.3087
vn -0.1294 -0.7078 -0.6945
vn -0.3905 -0.9200 0.0334
vn -0.8909 0.3163 0.3260
vn -0.3855 -0.9227 -0.0002
vn -0.2666 -0.9351 -0.2336
vn -0.6423 -0.7391 -0.2027
vn 0.2724 -0.8699 0.4112
vn 0.0843 0.1585 0.9838
vn 0.1586 -0.6392 0.7525
vn 0.1489 -0.6367 0.7566
vn 0.2697 -0.8606 0.4320
vn 0.2251 0.1509 0.9626
vn 0.0359 0.1597 0.9865
vn -0.5224 0.3903 -0.7581
vn -0.2112 0.5248 -0.8246
vn -0.1319 -0.7078 -0.6940
vn -0.2465 0.9675 -0.0557
vn -0.3190 0.9447 -0.0763
vn -0.8428 0.0906 -0.5306
vn -0.1427 -0.7058 -0.6938
vn 0.0961 0.7821 -0.6157
vn 0.1048 0.7695 -0.6300
vn -0.0487 -0.6613 -0.7485
vn 0.0070 0.9213 0.3887
vn 0.1078 0.7687 -0.6305
vn 0.0994 0.7822 -0.6150
vn -0.0144 0.9499 0.3121
vn -0.3796 -0.9250 0.0163
vn -0.1387 -0.7066 -0.6939
vn -0.0365 -0.6514 -0.7579
vn -0.2764 -0.9243 -0.2632
vn 0.2776 -0.8699 0.4077
vn 0.1215 -0.7880 0.6036
vn 0.1154 -0.7811 0.6136
vn -0.0060 0.9178 0.3970
vn 0.2258 0.1438 0.9635
vn 0.2743 -0.8593 0.4317
vn -0.0145 0.9516 0.3070
vn -0.3815 -0.9243 0.0091
vn 0.0163 0.9141 0.4052
vn -0.0880 0.3576 0.9297
vn 0.2532 0.1132 0.9608
vn -0.5898 0.3485 0.7284
vn -0.3191 0.9474 -0.0241
vn -0.8753 -0.0290 0.4827
vn -0.2477 0.9683 -0.0323
vn -0.2627 0.5515 0.7917
vn -0.3903 -0.9200 0.0368
vn 0.9339 -0.1983 0.2974
vn 0.1318 -0.7869 0.6029
vn -0.0590 -0.6631 -0.7462
vn 0.9438 -0.2620 -0.2016
vn 0.1076 0.7721 -0.6263
vn 0.9095 0.3012 -0.2864
vn 0.9061 0.3324 0.2618
vn 0.0116 0.9216 0.3880
vn 0.9087 0.3278 0.2586
vn 0.0124 0.9191 0.3939
vn 0.1335 -0.7876 0.6016
vn 0.9375 -0.1984 0.2860
vn -0.3416 0.9384 -0.0510
vn -0.8614 0.1555 -0.4836
vn -0.9995 0.0309 0.0012
vn -0.3445 0.9373 -0.0520
vn -0.3413 0.9386 -0.0511
vn -0.3441 0.9375 -0.0520
vn -0.2476 0.9674 -0.0526
vn -0.2492 0.9677 -0.0377
vn -0.3188 0.9475 -0.0231
vn -0.2492 0.9678 -0.0359
vn -0.3445 0.9373 -0.0521
vn -0.8922 0.0330 0.4504
vn -0.8735 -0.0242 0.4862
vn -0.4930 -0.7976 0.3474
vn -0.3417 0.9384 -0.0510
vn -0.2472 0.9676 -0.0518
vn -0.3188 0.9449 -0.0746
vn -0.8391 0.1005 -0.5346
vn -0.8606 0.1369 -0.4905
vn -0.5260 -0.7503 -0.4005
vn 0.0643 0.1354 0.9887
vn 0.2545 0.1141 0.9603
vn -0.1287 0.2694 0.9544
vn -0.8786 0.3249 0.3499
vn -0.2616 0.5460 0.7959
vn -0.3899 -0.9201 0.0368
vn -0.0036 0.9508 0.3099
vn -0.2505 0.9675 -0.0357
vn -0.2475 0.9674 -0.0531
vn 0.1054 0.7816 -0.6149
vn -0.2113 0.5248 -0.8246
vn -0.1320 -0.7078 -0.6940
vn 0.5224 -0.7501 -0.4055
vn 0.8924 -0.4391 -0.1044
vn 0.4920 -0.7997 0.3441
vn 0.2709 -0.9208 0.2807
vn 0.2584 -0.9154 -0.3087
vn 0.1294 -0.7078 -0.6945
vn 0.3905 -0.9200 0.0334
vn 0.3855 -0.9227 -0.0002
vn 0.8909 0.3163 0.3260
vn 0.2666 -0.9351 -0.2336
vn 0.6415 -0.7433 -0.1899
vn -0.2724 -0.8699 0.4112
vn -0.0843 0.1585 0.9838
vn -0.1586 -0.6392 0.7525
vn -0.1489 -0.6367 0.7566
vn -0.0359 0.1597 0.9865
vn -0.2251 0.1509 0.9626
vn -0.2697 -0.8606 0.4320
vn 0.2112 0.5248 -0.8246
vn 0.5224 0.3903 -0.7581
vn 0.1319 -0.7078 -0.6940
vn 0.2465 0.9675 -0.0557
vn 0.3190 0.9447 -0.0763
vn 0.8428 0.0906 -0.5306
vn 0.1427 -0.7058 -0.6938
vn 0.0487 -0.6613 -0.7485
vn -0.1048 0.7695 -0.6300
vn -0.0961 0.7821 -0.6157
vn -0.0070 0.9213 0.3887
vn 0.0144 0.9499 0.3121
vn -0.0994 0.7822 -0.6150
vn -0.1078 0.7687 -0.6305
vn 0.1387 -0.7066 -0.6939
vn 0.3796 -0.9250 0.0163
vn 0.0365 -0.6514 -0.7579
vn 0.2764 -0.9243 -0.2632
vn -0.2776 -0.8699 0.4077
vn -0.1215 -0.7880 0.6036
vn -0.1154 -0.7811 0.6136
vn -0.2743 -0.8593 0.4317
vn -0.2258 0.1438 0.9635
vn 0.0060 0.9178 0.3970
vn 0.3815 -0.9243 0.0091
vn 0.0145 0.9516 0.3070
vn -0.0163 0.9141 0.4052
vn 0.0880 0.3576 0.9297
vn -0.2532 0.1132 0.9608
vn 0.3191 0.9474 -0.0241
vn 0.5898 0.3485 0.7284
vn 0.8753 -0.0290 0.4827
vn 0.2477 0.9683 -0.0323
vn 0.2627 0.5515 0.7917
vn 0.3903 -0.9200 0.0368
vn -0.1318 -0.7869 0.6029
vn -0.9339 -0.1983 0.2974
vn 0.0590 -0.6631 -0.7462
vn -0.9435 -0.2582 -0.2079
vn -0.1076 0.7721 -0.6263
vn -0.9081 0.3213 -0.2686
vn -0.9061 0.3324 0.2618
vn -0.0116 0.9216 0.3880
vn -0.9087 0.3278 0.2586
vn -0.9375 -0.1984 0.2860
vn -0.1335 -0.7876 0.6016
vn -0.0124 0.9191 0.3939
vn 0.9995 0.0309 0.0012
vn 0.8614 0.1555 -0.4836
vn 0.3416 0.9384 -0.0510
vn 0.3445 0.9373 -0.0520
vn 0.3441 0.9375 -0.0520
vn 0.3413 0.9386 -0.0511
vn 0.2476 0.9674 -0.0526
vn 0.2492 0.9677 -0.0377
vn 0.2492 0.9678 -0.0359
vn 0.3188 0.9475 -0.0231
vn 0.3445 0.9373 -0.0521
vn 0.8922 0.0330 0.4504
vn 0.8735 -0.0242 0.4862
vn 0.4930 -0.7976 0.3474
vn 0.2472 0.9676 -0.0518
vn 0.3417 0.9384 -0.0510
vn 0.3188 0.9449 -0.0746
vn 0.8391 0.1005 -0.5346
vn 0.8606 0.1369 -0.4905
vn 0.5260 -0.7503 -0.4005
vn -0.0643 0.1354 0.9887
vn 0.8786 0.3249 0.3499
vn 0.1287 0.2694 0.9544
vn -0.2545 0.1141 0.9603
vn 0.3899 -0.9201 0.0368
vn 0.2616 0.5460 0.7959
vn 0.0036 0.9508 0.3099
vn 0.2505 0.9675 -0.0357
vn 0.2475 0.9674 -0.0531
vn -0.1054 0.7816 -0.6149
vn 0.2113 0.5248 -0.8246
vn 0.1320 -0.7078 -0.6940
vn 0.1197 -0.2151 0.9692
vn 0.1197 0.2152 0.9692
vn -0.4803 0.1202 0.8688
vn -0.4798 -0.1204 0.8691
vn -0.9699 -0.0246 -0.2423
vn -0.9699 0.0246 -0.2423
vn 0.2901 -0.6435 0.7084
vn 0.1263 -0.2163 0.9681
vn -0.0869 -0.8260 0.5569
vn -0.4827 -0.1040 0.8696
vn -0.9683 0.0050 -0.2497
vn -0.4829 0.1037 0.8695
vn 0.1264 0.2160 0.9682
vn 0.2904 0.6436 0.7082
vn -0.0873 0.8264 0.5563
vn -0.9683 -0.0050 -0.2497
vn 0.7313 0.6796 0.0585
vn 0.7313 -0.6796 0.0584
vn 0.6954 -0.5906 0.4094
vn 0.6954 0.5906 0.4094
vn -0.6999 0.6003 0.3869
vn -0.6999 -0.6003 0.3869
vn -0.7376 -0.6741 0.0397
vn -0.7376 0.6741 0.0397
vn -0.7375 0.6741 0.0406
vn 0.7312 0.6796 0.0599
vn 0.6949 0.5906 0.4103
vn -0.6996 0.6003 0.3876
vn 0.7312 -0.6796 0.0599
vn -0.7375 -0.6741 0.0406
vn -0.6996 -0.6003 0.3875
vn 0.6949 -0.5906 0.4103
vn 0.7010 -0.5934 0.3956
vn 0.5566 -0.5415 0.6301
vn 0.7011 0.5933 0.3956
vn 0.5564 0.5417 0.6301
vn 0.7270 -0.6776 0.1112
vn 0.7270 0.6776 0.1112
vn 0.6880 0.6040 0.4022
vn 0.5491 0.5479 0.6311
vn -0.6930 0.6135 0.3787
vn -0.5471 0.5550 0.6266
vn 0.7238 0.6800 0.1171
vn -0.7238 0.6800 0.1171
vn -0.7060 0.6029 0.3716
vn -0.5551 0.5484 0.6254
vn -0.7060 -0.6029 0.3716
vn -0.5548 -0.5486 0.6254
vn -0.7270 0.6776 0.1112
vn -0.7270 -0.6776 0.1112
vn -0.6930 -0.6135 0.3787
vn -0.5473 -0.5548 0.6266
vn 0.6880 -0.6040 0.4022
vn 0.5488 -0.5481 0.6311
vn -0.7238 -0.6800 0.1171
vn 0.7238 -0.6800 0.1171
vn 0.2602 -0.2462 -0.9336
vn 0.2602 0.2462 -0.9336
vn 0.7248 0.6774 0.1255
vn 0.7248 -0.6774 0.1255
vn 0.2602 0.2462 -0.9337
vn -0.2602 0.2462 -0.9337
vn -0.7248 0.6774 0.1256
vn 0.7248 0.6774 0.1256
vn -0.2602 0.2462 -0.9336
vn -0.2602 -0.2462 -0.9336
vn -0.7248 -0.6774 0.1255
vn -0.7248 0.6774 0.1255
vn -0.2602 -0.2461 -0.9337
vn 0.2602 -0.2461 -0.9337
vn -0.7248 -0.6774 0.1256
vn -0.2602 -0.2461 -0.9336
vn -0.2602 0.2461 -0.9336
vn 0.2602 0.2461 -0.9336
vn 0.2602 -0.2461 -0.9336
vn 0.0043 -0.9913 0.1313
vn -0.0019 -0.9907 0.1362
vn 0.0030 -0.9684 -0.2493
vn -0.0057 -0.9629 -0.2699
vn -0.0028 -0.3709 -0.9287
vn -0.0079 -0.3804 -0.9248
vn -0.0025 -0.3715 -0.9284
vn -0.0073 -0.3803 -0.9248
vn -0.0025 0.3716 -0.9284
vn -0.0073 0.3802 -0.9249
vn -0.0077 0.3811 -0.9245
vn -0.0056 0.9628 -0.2703
vn 0.0027 0.9682 -0.2500
vn -0.0031 0.3717 -0.9283
vn -0.0056 0.9627 -0.2706
vn -0.0020 0.9906 0.1365
vn 0.0044 0.9913 0.1315
vn 0.0030 0.9684 -0.2494
vn 0.5728 0.1529 0.8053
vn 0.5728 -0.1529 0.8053
vn 0.9311 -0.3067 0.1972
vn 0.9312 0.3067 0.1972
vn 0.9584 -0.2831 0.0372
vn 0.9584 0.2831 0.0372
vn 0.9435 0.3215 -0.0805
vn 0.9435 -0.3215 -0.0805
vn 0.8307 -0.2044 -0.5179
vn 0.8307 0.2044 -0.5179
vn -0.3683 0.3431 -0.8641
vn -0.3683 -0.3431 -0.8641
vn -0.5800 -0.7830 -0.2247
vn -0.5799 0.7830 -0.2248
vn -0.6597 -0.7444 0.1034
vn -0.6596 0.7445 0.1035
vn -0.5500 0.7006 0.4547
vn -0.5499 -0.7007 0.4546
vn -0.1776 -0.1841 0.9667
vn -0.1776 0.1841 0.9667
vn -0.0004 -0.1871 0.9823
vn -0.0026 -0.8386 0.5448
vn 0.0006 -0.8376 0.5462
vn -0.0006 -0.1868 0.9824
vn -0.0002 0.1866 0.9824
vn -0.0007 0.1873 0.9823
vn -0.0027 0.8385 0.5449
vn 0.0005 0.8376 0.5463
vn 0.0044 -0.9913 0.1313
vn 0.0006 -0.8376 0.5463
vn -0.0019 -0.9907 0.1363
vn 0.0006 0.8376 0.5463
vn 0.0044 0.9913 0.1313
vn -0.0020 0.9907 0.1364
vn -0.0027 0.8385 0.5450
vn 1.0000 -0.0000 -0.0000
vn 0.5735 0.1526 0.8049
vn 0.0025 0.8396 0.5432
vn -0.0000 0.1865 0.9825
vn 0.5732 -0.1528 0.8051
vn 0.0000 -0.1864 0.9825
vn 0.9312 -0.3067 0.1972
vn 0.0025 -0.8396 0.5432
vn 0.9312 0.3065 0.1971
vn 0.0050 0.9915 0.1299
vn 0.9586 0.2822 0.0370
vn 0.0028 0.9697 -0.2443
vn 0.9438 0.3205 -0.0804
vn -0.0000 0.3670 -0.9302
vn 0.8311 0.2041 -0.5173
vn 0.0000 -0.3671 -0.9302
vn 0.8313 -0.2039 -0.5170
vn 0.0028 -0.9697 -0.2443
vn 0.9437 -0.3209 -0.0803
vn 0.0050 -0.9915 0.1300
vn 0.9587 -0.2819 0.0369
vn 0.0026 -0.8397 0.5430
vn -0.0023 -0.9907 0.1363
vn -0.6598 -0.7443 0.1032
vn -0.0067 -0.9628 -0.2701
vn -0.5810 -0.7825 -0.2240
vn -0.0072 -0.3803 -0.9248
vn -0.3697 -0.3423 -0.8638
vn -0.0079 0.3808 -0.9246
vn -0.3692 0.3428 -0.8638
vn -0.0072 0.9626 -0.2708
vn -0.5807 0.7825 -0.2247
vn -0.0022 0.9906 0.1367
vn -0.6600 0.7441 0.1035
vn -0.0022 0.9907 0.1362
vn -0.6599 0.7442 0.1035
vn -0.5503 0.7002 0.4548
vn -0.0028 0.8384 0.5450
vn -0.5501 0.7005 0.4547
vn -0.0004 0.1873 0.9823
vn -0.1779 0.1838 0.9667
vn -0.0007 -0.1872 0.9823
vn -0.1778 -0.1840 0.9667
vn -0.5500 -0.7007 0.4545
vn -0.0029 -0.8387 0.5446
vn -0.5500 -0.7006 0.4546
vn -0.6598 -0.7443 0.1035
vn 0.3071 -0.6370 0.7070
vn 0.3071 0.6371 0.7069
vn 0.1489 0.2120 0.9659
vn 0.1489 -0.2120 0.9659
vn 0.0050 -0.9915 0.1301
vn 0.0008 -0.8377 0.5461
vn 0.0051 -0.9913 0.1313
vn 0.0028 -0.9697 -0.2444
vn 0.0019 -0.9684 -0.2493
vn 0.0001 -0.3670 -0.9302
vn -0.0018 -0.3715 -0.9284
vn -0.0019 0.3715 -0.9284
vn 0.0017 0.9684 -0.2493
vn 0.0050 0.9913 0.1312
vn 0.0026 0.8394 0.5434
vn 0.0007 0.8376 0.5463
vn -0.0001 0.1864 0.9825
vn -0.0001 -0.1866 0.9824
vn 0.0007 -0.8376 0.5463
vn -0.1197 0.2151 0.9692
vn -0.1197 -0.2152 0.9692
vn 0.4803 -0.1202 0.8688
vn 0.4798 0.1204 0.8691
vn 0.9699 0.0246 -0.2423
vn 0.9699 -0.0246 -0.2423
vn -0.2901 0.6434 0.7084
vn -0.1263 0.2163 0.9681
vn 0.0869 0.8260 0.5569
vn 0.4827 0.1040 0.8696
vn 0.9683 -0.0050 -0.2497
vn 0.4828 -0.1037 0.8695
vn -0.1264 -0.2160 0.9682
vn -0.2904 -0.6436 0.7082
vn 0.0873 -0.8264 0.5563
vn 0.9683 0.0050 -0.2497
vn -0.7313 -0.6796 0.0585
vn -0.7313 0.6796 0.0584
vn -0.6954 0.5906 0.4094
vn -0.6954 -0.5906 0.4094
vn 0.6999 -0.6003 0.3869
vn 0.6999 0.6003 0.3869
vn 0.7376 0.6741 0.0397
vn 0.7376 -0.6741 0.0397
vn 0.7375 -0.6741 0.0406
vn -0.7312 -0.6796 0.0599
vn -0.6949 -0.5906 0.4103
vn 0.6996 -0.6003 0.3876
vn -0.7312 0.6796 0.0599
vn 0.7375 0.6741 0.0406
vn 0.6996 0.6003 0.3875
vn -0.6949 0.5906 0.4103
vn -0.7011 0.5934 0.3956
vn -0.5566 0.5414 0.6301
vn -0.7011 -0.5933 0.3956
vn -0.5564 -0.5417 0.6301
vn -0.6880 -0.6040 0.4022
vn -0.5491 -0.5479 0.6311
vn 0.6930 -0.6135 0.3787
vn 0.5471 -0.5550 0.6266
vn 0.7060 -0.6029 0.3716
vn 0.5551 -0.5484 0.6254
vn 0.7060 0.6029 0.3716
vn 0.5548 0.5486 0.6254
vn 0.6930 0.6135 0.3787
vn 0.5473 0.5548 0.6266
vn -0.6880 0.6040 0.4022
vn -0.5488 0.5481 0.6311
vn -0.2602 -0.2462 -0.9337
vn 0.2602 -0.2462 -0.9337
vn 0.7248 -0.6774 0.1256
vn 0.2602 0.2461 -0.9337
vn -0.2602 0.2461 -0.9337
vn -0.0043 0.9913 0.1313
vn 0.0019 0.9907 0.1362
vn -0.0030 0.9684 -0.2493
vn 0.0057 0.9629 -0.2699
vn 0.0028 0.3709 -0.9287
vn 0.0079 0.3804 -0.9248
vn 0.0025 0.3715 -0.9284
vn 0.0073 0.3803 -0.9248
vn 0.0025 -0.3716 -0.9284
vn 0.0073 -0.3802 -0.9249
vn 0.0077 -0.3811 -0.9245
vn 0.0056 -0.9628 -0.2703
vn -0.0027 -0.9682 -0.2500
vn 0.0031 -0.3717 -0.9283
vn 0.0056 -0.9627 -0.2706
vn 0.0020 -0.9906 0.1365
vn -0.0044 -0.9913 0.1315
vn -0.0030 -0.9684 -0.2494
vn -0.5728 -0.1529 0.8053
vn -0.5728 0.1529 0.8053
vn -0.9311 0.3067 0.1972
vn -0.9312 -0.3067 0.1972
vn -0.9584 0.2831 0.0372
vn -0.9584 -0.2831 0.0372
vn -0.9435 -0.3215 -0.0805
vn -0.9435 0.3215 -0.0805
vn -0.8307 0.2044 -0.5179
vn -0.8307 -0.2044 -0.5179
vn 0.3683 -0.3431 -0.8641
vn 0.3683 0.3431 -0.8641
vn 0.5800 0.7830 -0.2247
vn 0.5799 -0.7830 -0.2248
vn 0.6597 0.7444 0.1034
vn 0.6596 -0.7445 0.1035
vn 0.5500 -0.7006 0.4547
vn 0.5499 0.7007 0.4546
vn 0.1776 0.1841 0.9667
vn 0.1776 -0.1841 0.9667
vn 0.0004 0.1871 0.9823
vn 0.0026 0.8386 0.5448
vn -0.0006 0.8376 0.5462
vn 0.0006 0.1868 0.9824
vn 0.0002 -0.1866 0.9824
vn 0.0007 -0.1873 0.9823
vn 0.0027 -0.8385 0.5449
vn -0.0005 -0.8376 0.5463
vn -0.0044 0.9913 0.1313
vn -0.0006 0.8376 0.5463
vn 0.0019 0.9907 0.1363
vn -0.0006 -0.8376 0.5463
vn -0.0044 -0.9913 0.1313
vn 0.0020 -0.9907 0.1364
vn 0.0027 -0.8385 0.5450
vn -1.0000 0.0000 -0.0000
vn -0.5735 -0.1526 0.8049
vn -0.0025 -0.8396 0.5432
vn 0.0000 -0.1865 0.9825
vn -0.5732 0.1528 0.8051
vn -0.0000 0.1864 0.9825
vn -0.9312 0.3067 0.1972
vn -0.0025 0.8396 0.5432
vn -0.9312 -0.3065 0.1971
vn -0.0050 -0.9915 0.1299
vn -0.9586 -0.2822 0.0370
vn -0.0028 -0.9697 -0.2443
vn -0.9438 -0.3206 -0.0801
vn 0.0000 -0.3670 -0.9302
vn -0.8311 -0.2041 -0.5173
vn -0.0000 0.3671 -0.9302
vn -0.8313 0.2042 -0.5169
vn -0.0028 0.9697 -0.2443
vn -0.9437 0.3209 -0.0803
vn -0.0050 0.9915 0.1300
vn -0.9587 0.2819 0.0369
vn -0.0026 0.8397 0.5431
vn 0.0023 0.9907 0.1363
vn 0.6598 0.7443 0.1032
vn 0.0067 0.9628 -0.2701
vn 0.5810 0.7825 -0.2240
vn 0.0072 0.3803 -0.9248
vn 0.3697 0.3423 -0.8638
vn 0.0079 -0.3808 -0.9246
vn 0.3692 -0.3428 -0.8638
vn 0.0072 -0.9626 -0.2708
vn 0.5807 -0.7825 -0.2246
vn 0.0022 -0.9906 0.1367
vn 0.6600 -0.7441 0.1035
vn 0.0022 -0.9907 0.1362
vn 0.6599 -0.7442 0.1035
vn 0.5503 -0.7002 0.4548
vn 0.0028 -0.8384 0.5450
vn 0.5501 -0.7005 0.4547
vn 0.0004 -0.1873 0.9823
vn 0.1779 -0.1838 0.9667
vn 0.0007 0.1872 0.9823
vn 0.1777 0.1839 0.9667
vn 0.5500 0.7007 0.4545
vn 0.0029 0.8387 0.5446
vn 0.5500 0.7006 0.4546
vn 0.6598 0.7443 0.1035
vn -0.3071 0.6370 0.7070
vn -0.3071 -0.6371 0.7069
vn -0.1489 -0.2120 0.9659
vn -0.1489 0.2120 0.9659
vn -0.0050 0.9915 0.1301
vn -0.0008 0.8377 0.5461
vn -0.0051 0.9913 0.1313
vn -0.0028 0.9697 -0.2444
vn -0.0019 0.9684 -0.2493
vn 0.0018 0.3715 -0.9284
vn 0.0018 -0.3715 -0.9284
vn -0.0017 -0.9684 -0.2493
vn -0.0050 -0.9913 0.1312
vn -0.0026 -0.8394 0.5434
vn -0.0007 -0.8376 0.5463
vn 0.0001 -0.1864 0.9825
vn 0.0000 -0.1867 0.9824
vn 0.0001 0.1866 0.9824
vn -0.0007 0.8376 0.5463
vn 0.8704 -0.1710 0.4618
vn 0.8044 -0.5390 -0.2499
vn -0.7020 0.2573 0.6641
vn -0.4689 0.3693 0.8024
vn -0.9154 0.3887 0.1051
vn -0.8718 0.2803 0.4018
vn 0.4080 -0.8945 -0.1830
vn 0.2359 0.5365 0.8102
vn -0.0024 -0.9915 0.1299
vn -0.6615 0.6688 -0.3392
vn -0.7550 0.5806 -0.3048
vn -0.0002 0.3004 0.9538
vn -0.7530 0.6544 0.0688
vn 0.0002 0.6534 -0.7571
vn -0.2366 0.5365 0.8101
vn 0.7549 0.5806 -0.3049
vn 0.2583 -0.8411 0.4751
vn 0.3318 0.5937 -0.7331
vn -0.3318 0.5941 -0.7328
vn -0.0296 0.2983 -0.9540
vn -0.7083 0.3604 -0.6070
vn 0.4806 -0.5135 0.7109
vn -0.4557 0.1633 -0.8750
vn -0.4329 0.1613 -0.8869
vn -0.4177 -0.8892 -0.1866
vn 0.6618 0.6687 -0.3389
vn 0.9182 0.3819 0.1050
vn 0.7531 0.6543 0.0688
vn 0.4683 0.3717 0.8016
vn -0.8044 -0.5390 -0.2499
vn 0.8718 0.2803 0.4018
vn 0.7020 0.2573 0.6641
vn -0.8703 -0.1710 0.4618
vn -0.2587 -0.8413 0.4746
vn 0.0593 0.3123 -0.9481
vn 0.7372 0.3659 -0.5680
vn -0.4837 -0.5167 0.7064
vn 0.4763 0.1702 -0.8627
vn 0.5009 0.1724 -0.8482
vn -0.8690 -0.4945 0.0184
vn -0.7122 -0.5474 0.4395
vn -0.7520 0.4448 0.4865
vn -0.9074 0.4202 -0.0101
vn -0.7684 -0.4882 -0.4139
vn -0.7998 0.3770 -0.4671
vn -0.4326 0.3607 -0.8263
vn -0.4558 -0.3688 -0.8101
vn -0.0003 -0.3645 -0.9312
vn -0.0015 0.3725 -0.9280
vn 0.4582 -0.3737 -0.8065
vn 0.4340 0.3616 -0.8252
vn 0.8001 0.3767 -0.4668
vn 0.7695 -0.4824 -0.4185
vn 0.9073 0.4204 -0.0096
vn 0.8656 -0.5004 0.0195
vn 0.7103 -0.5466 0.4435
vn 0.7517 0.4458 0.4860
vn -0.7474 0.4434 0.4948
vn -0.7036 -0.5525 0.4469
vn -0.2402 -0.8289 0.5053
vn -0.4044 0.4459 0.7986
vn 0.0001 -0.8675 0.4975
vn -0.0007 0.4557 0.8901
vn 0.2398 -0.8295 0.5044
vn 0.4050 0.4459 0.7982
vn 0.7039 -0.5492 0.4504
vn 0.7479 0.4429 0.4945
vn -0.7539 0.4381 0.4896
vn -0.4106 0.4392 0.7990
vn -0.4550 0.8322 0.3167
vn -0.2790 0.8177 0.5036
vn -0.0000 0.9987 -0.0509
vn 0.0003 0.8128 0.5826
vn 0.0000 0.4469 0.8946
vn 0.4106 0.4392 0.7990
vn 0.2810 0.8166 0.5041
vn 0.4550 0.8322 0.3167
vn 0.7545 0.4377 0.4891
vn 0.7565 0.4429 0.4813
vn 0.9104 0.4137 -0.0076
vn 0.4529 0.8393 0.3009
vn 0.5179 0.8554 0.0104
vn -0.0024 0.9983 -0.0584
vn 0.8034 0.3736 -0.4636
vn 0.3917 0.8539 -0.3427
vn -0.0009 0.9965 -0.0837
vn 0.1913 0.8476 -0.4949
vn -0.0056 0.9953 -0.0970
vn 0.4410 0.3513 -0.8259
vn 0.0003 0.8398 -0.5429
vn -0.0001 0.3582 -0.9337
vn -0.1911 0.8473 -0.4956
vn -0.4410 0.3510 -0.8260
vn 0.0056 0.9953 -0.0970
vn -0.8036 0.3718 -0.4647
vn -0.3913 0.8542 -0.3423
vn -0.9099 0.4148 -0.0093
vn -0.5183 0.8551 0.0125
vn 0.0009 0.9965 -0.0837
vn -0.7557 0.4462 0.4794
vn -0.4528 0.8386 0.3029
vn 0.0024 0.9983 -0.0584
vn 0.6146 0.6505 0.4463
vn 0.0254 -0.9973 -0.0682
vn 0.0293 -0.8350 -0.5494
vn 0.3915 0.7305 0.5596
vn 0.0401 -0.9893 0.1406
vn 0.1718 0.7410 0.6491
vn 0.0528 -0.9492 0.3103
vn -0.1814 0.7396 0.6481
vn -0.0554 -0.9500 0.3073
vn -0.3975 0.7301 0.5558
vn -0.0379 -0.9896 0.1387
vn -0.6156 0.6493 0.4466
vn -0.0239 -0.9973 -0.0688
vn -0.0263 -0.8359 -0.5483
vn -0.0179 -0.8335 -0.5523
vn 0.0210 -0.8326 -0.5535
vn -0.0279 -0.9972 -0.0697
vn 0.0295 -0.9972 -0.0689
vn -0.0498 -0.9869 0.1534
vn 0.0504 -0.9868 0.1542
vn 0.0539 -0.9472 0.3161
vn -0.0569 -0.9475 0.3148
vn -0.6206 0.6445 0.4466
vn -0.0745 0.9335 -0.3507
vn -0.0254 -0.8411 -0.5403
vn -0.4015 0.7280 0.5558
vn -0.1388 0.9793 -0.1473
vn -0.0915 0.9876 0.1276
vn -0.1849 0.7309 0.6570
vn 0.0857 0.9878 0.1304
vn 0.1748 0.7319 0.6586
vn 0.1388 0.9797 -0.1444
vn 0.3964 0.7273 0.5603
vn 0.6194 0.6461 0.4459
vn 0.0764 0.9340 -0.3490
vn 0.0285 -0.8402 -0.5415
vn 0.0247 -0.8512 -0.5242
vn -0.0218 -0.8524 -0.5224
vn -0.0543 0.9257 -0.3744
vn 0.0568 0.9265 -0.3721
vn 0.1210 0.9755 -0.1835
vn -0.1209 0.9750 -0.1862
vn -0.0849 0.9932 0.0792
vn 0.0797 0.9935 0.0817
vn 0.2460 -0.8205 0.5160
vn -0.0000 -0.8579 0.5139
vn -0.2460 -0.8205 0.5160
vn 0.0003 -1.0000 0.0061
vn -0.7079 -0.5439 0.4506
vn 0.7081 -0.5407 0.4541
vn -0.8703 -0.4921 0.0190
vn 0.8679 -0.4964 0.0199
vn -0.7713 -0.4821 -0.4156
vn 0.7724 -0.4761 -0.4204
vn -0.4570 -0.3571 -0.8147
vn 0.4590 -0.3614 -0.8116
vn 0.0001 -0.3490 -0.9371
vn 0.5863 0.7908 0.1759
vn 0.5770 0.4532 -0.6795
vn -0.8574 0.3886 -0.3376
vn -0.4012 0.9131 0.0725
vn 0.4239 0.2145 0.8800
vn -0.9314 0.2970 0.2104
vn 0.2904 -0.6135 0.7343
vn 0.4318 0.2526 0.8659
vn -0.9301 0.3061 0.2028
vn -0.9907 0.0309 0.1328
vn 0.2977 -0.9480 -0.1124
vn -0.7927 -0.5811 -0.1840
vn 0.4232 -0.3969 -0.8145
vn -0.9262 0.0813 -0.3682
vn -0.9299 0.0858 -0.3577
vn 0.5728 0.4621 -0.6770
vn -0.8603 0.3930 -0.3247
vn -0.9305 0.3001 0.2100
vn -0.8533 0.3909 -0.3450
vn -0.3956 0.9156 0.0722
vn 0.4121 0.2284 0.8821
vn 0.7106 0.0356 0.7027
vn 0.5812 0.7938 0.1792
vn 0.8760 0.4433 0.1898
vn 0.5744 0.4646 -0.6739
vn 0.9795 -0.1852 0.0787
vn 0.8764 0.1961 -0.4399
vn 0.5635 0.4694 -0.6799
vn 0.8689 0.1999 -0.4528
vn 0.4134 -0.4031 -0.8165
vn 0.7179 -0.4261 -0.5505
vn 0.2947 -0.9501 -0.1024
vn 0.9801 -0.1830 0.0768
vn 0.5670 -0.8230 -0.0332
vn 0.2809 -0.6194 0.7331
vn 0.5631 -0.5699 0.5985
vn 0.7086 0.0548 0.7035
vn 0.4144 0.2541 0.8739
vn -0.5770 0.4532 -0.6795
vn -0.5863 0.7908 0.1759
vn 0.8574 0.3886 -0.3376
vn 0.4012 0.9131 0.0725
vn -0.4239 0.2145 0.8800
vn 0.9314 0.2970 0.2104
vn -0.4318 0.2526 0.8659
vn -0.2904 -0.6135 0.7343
vn 0.9301 0.3061 0.2028
vn 0.9907 0.0309 0.1328
vn -0.2977 -0.9480 -0.1124
vn 0.7927 -0.5811 -0.1840
vn -0.4232 -0.3969 -0.8145
vn 0.9262 0.0813 -0.3682
vn 0.9299 0.0858 -0.3577
vn -0.5728 0.4621 -0.6770
vn 0.8603 0.3930 -0.3247
vn 0.9305 0.3001 0.2100
vn 0.8533 0.3909 -0.3450
vn 0.3956 0.9156 0.0722
vn -0.7106 0.0356 0.7027
vn -0.4121 0.2284 0.8821
vn -0.5812 0.7938 0.1792
vn -0.8759 0.4418 0.1940
vn -0.5744 0.4646 -0.6739
vn -0.9795 -0.1852 0.0787
vn -0.8764 0.1961 -0.4399
vn -0.8689 0.1999 -0.4528
vn -0.5635 0.4694 -0.6799
vn -0.4134 -0.4031 -0.8165
vn -0.7179 -0.4261 -0.5505
vn -0.2947 -0.9501 -0.1024
vn -0.9801 -0.1830 0.0768
vn -0.5670 -0.8228 -0.0403
vn -0.2809 -0.6194 0.7331
vn -0.5627 -0.5788 0.5902
vn -0.7086 0.0548 0.7035
vn -0.4144 0.2541 0.8739
vn 0.0169 0.9968 -0.0776
vn 0.6288 0.5482 -0.5515
vn 0.0439 0.5460 -0.8366
vn -0.5817 0.5488 -0.6004
vn 0.8743 0.4756 0.0967
vn -0.8785 0.4775 -0.0173
vn 0.5791 0.4816 0.6578
vn -0.6306 0.4913 0.6008
vn -0.0574 0.4817 0.8744
vn 0.6223 0.5458 -0.5611
vn 0.7077 0.4468 -0.5472
vn 0.0567 0.4461 -0.8932
vn 0.0414 0.5473 -0.8359
vn 0.8726 0.4781 0.1000
vn -0.6569 0.4340 -0.6165
vn 0.9100 0.3897 0.1417
vn -0.5736 0.5471 -0.6096
vn 0.5724 0.4774 0.6667
vn -0.9255 0.3781 0.0239
vn 0.6131 0.3631 0.7016
vn -0.8772 0.4799 -0.0172
vn -0.0566 0.4798 0.8755
vn -0.6704 0.3599 0.6489
vn -0.0596 0.3600 0.9311
vn -0.6249 0.4850 0.6118
vn -0.9894 0.0587 0.1327
vn -0.9885 -0.0646 0.1367
vn -0.6470 0.0200 0.7622
vn -0.6427 -0.0462 0.7647
vn -0.2197 -0.0173 0.9754
vn -0.5988 -0.2047 0.7743
vn -0.8991 -0.4315 0.0743
vn -0.2156 -0.0485 0.9753
vn 0.2191 -0.0167 0.9756
vn -0.1797 -0.1596 0.9707
vn 0.2152 -0.0488 0.9753
vn 0.6475 0.0204 0.7618
vn -0.5251 -0.8174 0.2368
vn -0.2287 -0.9430 -0.2416
vn 0.6431 -0.0463 0.7644
vn 0.9894 0.0583 0.1330
vn 0.9885 -0.0644 0.1368
vn 0.1793 -0.1595 0.9708
vn 0.5953 -0.2074 0.7762
vn 0.8991 -0.4315 0.0743
vn -0.4439 -0.5032 0.7414
vn -0.1588 -0.5511 0.8192
vn 0.5281 -0.8154 0.2370
vn 0.2287 -0.9430 -0.2416
vn -0.0460 -0.9989 -0.0051
vn 0.4439 -0.5033 0.7413
vn 0.1588 -0.5511 0.8192
vn 0.0460 -0.9989 -0.0051
vn -0.1465 -0.8953 -0.4207
vn -0.8215 -0.4549 -0.3438
vn -0.8994 -0.4355 0.0376
vn -0.9349 -0.0823 -0.3452
vn -0.9921 -0.0667 0.1062
vn -0.9930 0.0587 0.1023
vn -0.9410 0.0666 -0.3317
vn -0.6118 -0.1040 -0.7841
vn -0.6325 0.0610 -0.7721
vn -0.5404 -0.4490 -0.7116
vn -0.2240 -0.1383 -0.9647
vn -0.2345 0.0202 -0.9719
vn -0.1059 -0.6906 -0.7154
vn 0.1478 -0.8961 -0.4186
vn 0.2244 -0.1379 -0.9647
vn 0.2352 0.0196 -0.9718
vn 0.1045 -0.6902 -0.7160
vn 0.8214 -0.4560 -0.3426
vn 0.8994 -0.4355 0.0376
vn 0.5438 -0.4491 -0.7089
vn 0.6114 -0.1036 -0.7845
vn 0.6321 0.0605 -0.7725
vn 0.9348 -0.0827 -0.3454
vn 0.9922 -0.0663 0.1059
vn 0.9412 0.0660 -0.3314
vn 0.9932 0.0576 0.1015
vn -0.8999 -0.3000 0.3166
vn -0.0523 0.0193 0.9984
vn -0.9898 -0.1175 0.0808
vn -0.8988 -0.3030 0.3167
vn -0.7241 -0.3984 0.5630
vn -0.0477 0.0641 0.9968
vn -0.0507 0.0187 0.9985
vn 0.0554 0.1361 0.9891
vn 0.0268 0.1520 0.9880
vn -0.2175 -0.2334 0.9477
vn 0.0855 0.0731 0.9937
vn -0.3798 -0.4312 0.8184
vn -0.2109 -0.2365 0.9485
vn 0.0306 0.1519 0.9879
vn -0.0103 0.1506 0.9885
vn -0.0543 0.0601 0.9967
vn -0.7232 -0.3990 0.5638
vn -0.3752 -0.4282 0.8221
vn -0.0111 0.1511 0.9885
vn -0.1029 0.0007 0.9947
vn -0.1353 0.0850 0.9871
vn -0.0820 0.1537 0.9847
vn -0.0595 0.1253 0.9903
vn -0.0678 0.1099 0.9916
vn 0.3024 -0.2521 0.9192
vn 0.0348 0.0401 0.9986
vn -0.0159 0.1073 0.9941
vn -0.1369 0.0838 0.9870
vn -0.0591 0.1077 0.9924
vn -0.0073 0.1053 0.9944
vn -0.0828 0.1513 0.9850
vn 0.9857 -0.1208 0.1177
vn 0.0340 0.0470 0.9983
vn 0.8718 -0.3713 0.3197
vn 0.2925 -0.2513 0.9227
vn 0.6495 -0.5428 0.5325
vn 0.0805 0.0824 0.9933
vn 0.1429 0.0226 0.9895
vn 0.1157 0.0283 0.9929
vn 0.0572 0.1335 0.9894
vn -0.0334 0.1579 0.9869
vn -0.0090 0.0450 0.9989
vn -0.0161 -0.0010 0.9999
vn -0.0594 0.1205 0.9909
vn -0.1210 0.0132 0.9926
vn -0.6351 -0.6565 0.4070
vn -0.2020 -0.9067 0.3702
vn -0.2173 -0.2189 0.9512
vn 0.0824 0.0888 0.9926
vn 0.4295 -0.8609 0.2725
vn 0.1449 0.0137 0.9894
vn 0.1388 -0.9490 0.2830
vn 0.1072 0.0530 0.9928
vn -0.0105 0.0832 0.9965
vn -0.0048 0.0188 0.9998
vn -0.4502 -0.8654 0.2200
vn -0.1118 0.0143 0.9936
vn 0.0150 -0.9675 0.2522
vn -0.1290 0.0999 0.9866
vn -0.0628 0.1243 0.9902
vn 0.6578 -0.6550 0.3719
vn 0.3005 -0.2364 0.9240
vn 0.2316 0.9720 -0.0387
vn -0.9894 -0.1170 0.0862
vn -0.0466 0.0299 0.9985
vn -0.0548 0.0671 0.9962
vn 0.4631 0.8862 -0.0147
vn -0.0090 0.1549 0.9879
vn 0.0275 0.1542 0.9877
vn 0.4136 0.9069 -0.0807
vn 0.0577 0.1384 0.9887
vn -0.2087 0.9632 -0.1691
vn -0.0339 0.1693 0.9850
vn -0.0555 0.1178 0.9915
vn -0.4384 0.8951 -0.0810
vn -0.0831 0.1505 0.9851
vn -0.0121 0.1030 0.9946
vn 0.0357 0.0532 0.9979
vn -0.2198 0.9738 -0.0587
vn 0.9853 -0.1198 0.1220
vn -0.9237 -0.3828 0.0133
vn -0.8212 -0.5597 0.1108
vn -0.7230 -0.3922 0.5687
vn -0.9005 -0.2995 0.3152
vn -0.3699 -0.4125 0.8325
vn -0.9869 -0.1529 -0.0511
vn -0.5136 -0.8142 0.2707
vn -0.9902 -0.1177 0.0746
vn -0.1973 -0.2189 0.9556
vn 0.1972 0.9676 -0.1579
vn -0.5811 -0.7656 0.2761
vn 0.2313 0.9720 -0.0405
vn -0.6319 -0.6535 0.4168
vn 0.4541 0.8712 -0.1865
vn -0.6660 -0.7344 0.1308
vn 0.4636 0.8854 -0.0340
vn -0.1988 -0.9071 0.3711
vn 0.3944 0.8727 -0.2879
vn -0.2583 -0.9600 0.1080
vn 0.4131 0.9042 -0.1087
vn 0.4333 -0.8621 0.2627
vn -0.2013 0.9297 -0.3084
vn 0.3807 -0.9243 0.0269
vn -0.2079 0.9586 -0.1945
vn 0.1364 -0.9484 0.2862
vn -0.4241 0.8750 -0.2335
vn 0.1186 -0.9929 0.0068
vn -0.4389 0.8928 -0.1018
vn -0.4492 -0.8677 0.2129
vn -0.1734 0.9687 -0.1776
vn -0.4176 -0.9086 0.0021
vn -0.2198 0.9737 -0.0599
vn 0.0090 -0.9677 0.2519
vn 0.9854 -0.1704 -0.0015
vn 0.0533 -0.9957 0.0755
vn 0.9857 -0.1200 0.1183
vn 0.6567 -0.6531 0.3770
vn 0.8839 -0.4656 0.0452
vn 0.6742 -0.7296 0.1146
vn 0.8736 -0.3688 0.3175
vn 0.2922 -0.2384 0.9262
vn 0.6666 -0.7340 0.1302
vn 0.6691 -0.7275 0.1519
vn 0.6469 -0.5288 0.5495
vn -0.4306 -0.8202 0.3766
vn 0.5027 -0.7568 -0.4177
vn 0.5013 0.0453 0.8641
vn 0.1947 -0.6206 -0.7596
vn -0.3031 -0.8894 0.3422
vn 0.0866 -0.8341 0.5449
vn 0.7157 0.5787 -0.3910
vn 0.4929 0.0284 0.8696
vn -0.3320 -0.6283 -0.7035
vn 0.3749 -0.8148 0.4423
vn 0.3765 0.6017 -0.7045
vn -0.6482 -0.6837 -0.3351
vn 0.5673 -0.7797 0.2651
vn -0.2015 0.6166 -0.7610
vn -0.0174 0.9062 0.4225
vn -0.2498 0.8197 0.5154
vn 0.5039 0.0084 0.8637
vn -0.7164 -0.6971 0.0303
vn -0.6301 0.5717 -0.5255
vn 0.2709 0.8709 0.4101
vn -0.6733 -0.6975 0.2451
vn 0.6971 -0.6995 0.1570
vn 0.8257 -0.5597 0.0706
vn -0.7418 -0.5899 0.3191
vn -0.7410 0.6428 -0.1942
vn -0.5465 0.7646 -0.3416
vn -0.7367 0.6209 -0.2679
vn 0.6375 0.6903 -0.3422
vn 0.5589 0.6861 -0.4657
vn 0.4939 0.8593 0.1330
vn 0.0805 -0.8427 0.5323
vn -0.3006 -0.8933 0.3340
vn -0.4196 -0.8246 0.3794
vn 0.5220 0.0229 0.8526
vn 0.3623 -0.8219 0.4396
vn 0.5692 -0.7775 0.2674
vn 0.6166 0.7756 -0.1349
vn 0.6985 -0.6981 0.1573
vn 0.8277 -0.5576 0.0626
usemtl 98994D4EB4F0760DF56863A95591D8EC
s 1
f 3/1/1 2/2/2 1/3/3
f 1/3/3 2/2/2 4/4/4
f 4/4/4 2/2/2 5/5/5
f 2/2/2 6/6/6 5/5/5
f 4/4/4 7/7/7 1/3/3
f 6/6/6 8/8/8 5/5/5
f 9/9/9 7/7/7 4/4/4
f 9/9/9 4/4/4 5/5/5
f 9/9/9 10/10/10 7/7/7
f 11/11/11 9/9/9 5/5/5
f 12/12/12 11/11/11 5/5/5
f 8/8/8 13/13/13 5/5/5
f 13/13/13 12/12/12 5/5/5
f 14/14/14 13/13/13 8/8/8
f 13/13/13 15/15/15 12/12/12
f 14/14/14 16/16/16 13/13/13
f 16/16/16 15/15/15 13/13/13
f 19/17/17 18/18/18 17/19/19
f 20/20/20 19/17/17 17/19/19
f 17/19/19 21/21/21 20/20/20
f 21/21/21 22/22/22 20/20/20
f 23/23/23 22/22/22 21/21/21
f 24/24/24 23/23/23 21/21/21
f 23/23/23 25/25/25 22/22/22
f 20/20/20 22/22/22 26/26/26
f 25/25/25 26/26/26 22/22/22
f 20/20/20 27/27/27 19/17/17
f 27/27/27 20/20/20 26/26/26
f 28/28/28 26/26/26 25/25/25
f 29/29/29 28/28/28 25/25/25
f 29/29/29 25/25/25 30/30/30
f 31/31/31 29/29/29 30/30/30
f 28/28/28 32/32/32 26/26/26
f 32/32/32 27/27/27 26/26/26
f 32/32/32 33/33/33 27/27/27
f 33/33/33 19/17/17 27/27/27
f 33/33/33 34/34/34 19/17/17
f 34/34/34 35/35/35 19/17/17
f 35/35/35 34/34/34 36/36/36
f 35/35/35 36/36/36 37/37/37
f 36/36/36 38/38/38 37/37/37
f 41/39/39 40/40/40 39/41/41
f 40/40/40 42/42/42 39/41/41
f 43/43/43 42/42/42 40/40/40
f 42/42/42 43/43/43 44/44/44
f 45/45/45 39/41/41 42/42/42
f 46/46/46 42/42/42 44/44/44
f 46/46/46 45/45/45 42/42/42
f 44/44/44 47/47/47 46/46/46
f 47/47/47 48/48/48 46/46/46
f 46/46/46 48/48/48 45/45/45
f 48/48/48 49/49/49 45/45/45
f 52/50/50 51/51/51 50/52/52
f 53/53/53 52/50/50 50/52/52
f 56/54/54 55/55/55 54/56/56
f 57/57/57 56/54/54 54/56/56
f 57/57/57 58/58/58 56/54/54
f 57/57/57 59/59/59 58/58/58
f 59/59/59 60/60/60 58/58/58
f 59/59/59 57/57/57 61/61/61
f 62/62/62 57/57/57 54/56/56
f 57/57/57 62/62/62 61/61/61
f 63/63/63 62/62/62 54/56/56
f 64/64/64 61/61/61 62/62/62
f 62/62/62 63/63/63 65/65/65
f 63/63/63 66/66/66 65/65/65
f 67/67/67 64/64/64 62/62/62
f 65/65/65 67/67/67 62/62/62
f 64/64/64 67/67/67 68/68/68
f 67/67/67 69/69/69 68/68/68
f 67/67/67 65/65/65 69/69/69
f 65/65/65 70/70/70 69/69/69
f 70/70/70 65/65/65 66/66/66
f 71/71/71 70/70/70 66/66/66
f 74/72/72 73/73/73 72/74/74
f 74/72/72 72/74/74 75/75/75
f 72/74/74 76/76/76 75/75/75
f 79/77/77 78/78/78 77/79/79
f 79/77/77 77/79/79 80/80/80
f 81/81/81 79/77/77 80/80/80
f 84/82/82 83/83/83 82/84/84
f 83/83/83 85/85/85 82/84/84
f 86/86/86 85/85/85 83/83/83
f 87/87/87 85/85/85 86/86/86
f 88/88/88 87/87/87 86/86/86
f 85/85/85 87/87/87 89/89/89
f 85/85/85 90/90/90 82/84/84
f 90/90/90 85/85/85 89/89/89
f 90/90/90 91/91/91 82/84/84
f 89/89/89 92/92/92 90/90/90
f 91/91/91 90/90/90 93/93/93
f 94/94/94 91/91/91 93/93/93
f 92/92/92 95/95/95 90/90/90
f 95/95/95 93/93/93 90/90/90
f 95/95/95 92/92/92 96/96/96
f 97/97/97 95/95/95 96/96/96
f 93/93/93 95/95/95 97/97/97
f 98/98/98 93/93/93 97/97/97
f 93/93/93 98/98/98 94/94/94
f 98/98/98 99/99/99 94/94/94
f 102/100/100 101/101/101 100/102/102
f 101/101/101 102/100/100 103/103/103
f 104/104/104 102/100/100 100/102/102
f 104/104/104 100/102/102 105/105/105
f 106/106/106 105/105/105 103/103/103
f 106/106/106 104/104/104 105/105/105
f 102/100/100 107/107/107 103/103/103
f 107/107/107 106/106/106 103/103/103
f 108/108/108 107/107/107 102/100/100
f 109/109/109 108/108/108 102/100/100
f 109/109/109 102/100/100 104/104/104
f 108/108/108 110/110/110 107/107/107
f 110/110/110 106/106/106 107/107/107
f 111/111/111 109/109/109 104/104/104
f 110/110/110 112/112/112 106/106/106
f 111/111/111 104/104/104 113/113/113
f 106/106/106 113/113/113 104/104/104
f 112/112/112 111/111/111 113/113/113
f 112/112/112 113/113/113 106/106/106
f 116/114/114 115/115/115 114/116/116
f 115/115/115 117/117/117 114/116/116
f 114/116/116 117/117/117 118/118/118
f 115/115/115 116/114/114 119/119/119
f 118/118/118 120/120/120 119/119/119
f 117/117/117 120/120/120 118/118/118
f 121/121/121 115/115/115 119/119/119
f 120/120/120 121/121/121 119/119/119
f 121/121/121 122/122/122 115/115/115
f 122/122/122 123/123/123 115/115/115
f 115/115/115 123/123/123 117/117/117
f 124/124/124 122/122/122 121/121/121
f 120/120/120 124/124/124 121/121/121
f 123/123/123 125/125/125 117/117/117
f 126/126/126 124/124/124 120/120/120
f 117/117/117 125/125/125 126/126/126
f 127/127/127 126/126/126 120/120/120
f 127/127/127 117/117/117 126/126/126
f 117/117/117 127/127/127 120/120/120
f 130/128/128 129/129/129 128/130/130
f 130/128/128 128/130/130 131/131/131
f 129/129/129 132/132/132 128/130/130
f 132/132/132 129/129/129 133/133/133
f 134/134/134 132/132/132 133/133/133
f 132/132/132 134/134/134 135/135/135
f 132/132/132 135/135/135 128/130/130
f 135/135/135 134/134/134 136/136/136
f 137/137/137 135/135/135 136/136/136
f 135/135/135 137/137/137 138/138/138
f 139/139/139 135/135/135 138/138/138
f 135/135/135 139/139/139 128/130/130
f 138/138/138 140/140/140 139/139/139
f 128/130/130 141/141/141 131/131/131
f 128/130/130 139/139/139 141/141/141
f 140/140/140 141/141/141 139/139/139
f 131/131/131 141/141/141 142/142/142
f 141/141/141 140/140/140 143/143/143
f 141/141/141 144/144/144 142/142/142
f 144/144/144 141/141/141 143/143/143
f 147/145/145 146/146/146 145/147/147
f 145/147/147 146/146/146 148/148/148
f 149/149/149 147/145/145 145/147/147
f 147/145/145 149/149/149 150/150/150
f 149/149/149 151/151/151 150/150/150
f 151/151/151 149/149/149 152/152/152
f 152/152/152 149/149/149 145/147/147
f 151/151/151 152/152/152 153/153/153
f 152/152/152 154/154/154 153/153/153
f 154/154/154 152/152/152 155/155/155
f 152/152/152 156/156/156 155/155/155
f 156/156/156 152/152/152 145/147/147
f 157/157/157 155/155/155 156/156/156
f 158/158/158 145/147/147 148/148/148
f 156/156/156 145/147/147 158/158/158
f 158/158/158 157/157/157 156/156/156
f 158/158/158 148/148/148 159/159/159
f 157/157/157 158/158/158 160/160/160
f 161/161/161 158/158/158 159/159/159
f 158/158/158 161/161/161 160/160/160
f 164/162/162 163/163/163 162/164/164
f 167/165/165 166/166/166 165/167/167
f 169/168/168 165/167/169 168/169/170
f 169/168/168 168/169/170 170/170/171
f 168/169/170 171/171/172 170/170/171
f 170/170/173 173/172/174 172/173/175
f 173/172/174 174/174/176 172/173/175
f 172/173/175 174/174/176 175/175/177
f 174/174/176 176/176/178 175/175/177
f 175/175/179 178/177/180 177/178/181
f 178/177/180 179/179/182 177/178/181
f 177/178/181 179/179/182 180/180/183
f 183/181/184 182/182/185 181/183/186
f 186/184/187 185/185/188 184/186/189
f 184/186/190 188/187/191 187/188/192
f 187/188/192 188/187/191 189/189/193
f 190/190/194 187/188/192 189/189/193
f 192/191/195 189/189/196 191/192/197
f 193/193/198 192/191/195 191/192/197
f 193/193/198 191/192/197 194/194/199
f 195/195/200 193/193/198 194/194/199
f 197/196/201 194/194/202 196/197/203
f 198/198/204 197/196/201 196/197/203
f 198/198/204 196/197/203 199/199/205
f 202/200/206 201/201/207 200/202/208
f 200/202/208 201/201/207 203/203/209
f 201/201/207 204/204/210 203/203/209
f 203/203/209 204/204/210 205/205/211
f 206/206/212 203/203/209 205/205/211
f 208/207/213 206/206/214 207/208/215
f 209/209/216 208/207/213 207/208/215
f 209/209/216 207/208/215 210/210/217
f 208/207/213 209/209/216 211/211/218
f 212/212/219 209/209/216 210/210/217
f 209/209/216 212/212/219 211/211/218
f 215/213/220 214/214/221 213/215/222
f 216/216/223 215/213/220 213/215/222
f 219/217/224 218/218/225 217/219/226
f 220/220/227 218/218/225 219/217/224
f 221/221/228 220/220/227 219/217/224
f 222/222/229 221/221/228 219/217/224
f 225/223/230 224/224/231 223/225/232
f 226/226/233 225/223/230 223/225/232
f 229/227/234 228/228/235 227/229/236
f 230/230/237 229/227/234 227/229/236
f 233/231/238 232/232/239 231/233/240
f 234/234/241 233/231/238 231/233/240
f 234/234/241 231/233/240 235/235/242
f 231/233/240 236/236/243 235/235/242
f 239/237/244 238/238/245 237/239/246
f 240/240/247 239/237/244 237/239/246
f 243/241/248 242/242/249 241/243/250
f 242/242/249 244/244/251 241/243/250
f 245/245/252 241/243/250 244/244/251
f 248/246/253 247/247/254 246/248/255
f 247/247/254 248/246/253 249/249/256
f 248/246/253 250/250/257 249/249/256
f 250/250/257 248/246/253 251/251/258
f 254/252/259 253/253/260 252/254/261
f 255/255/262 254/252/259 252/254/261
f 255/255/262 252/254/261 256/256/263
f 254/252/259 255/255/262 257/257/264
f 257/257/264 255/255/262 256/256/263
f 258/258/265 254/252/259 257/257/264
f 257/257/264 256/256/263 259/259/266
f 258/258/265 257/257/264 259/259/266
f 262/260/267 261/261/268 260/262/269
f 263/263/270 262/260/267 260/262/269
f 266/264/271 265/265/272 264/266/273
f 264/266/273 267/267/274 266/264/271
f 266/264/275 269/268/276 268/269/277
f 269/268/276 270/270/278 268/269/277
f 273/271/279 272/272/280 271/273/281
f 273/271/279 271/273/281 274/274/282
f 275/275/283 273/271/279 274/274/282
f 275/275/283 274/274/282 276/276/284
f 279/277/285 278/278/286 277/279/287
f 279/277/285 277/279/287 280/280/288
f 281/281/289 279/277/285 280/280/288
f 281/281/289 280/280/288 282/282/290
f 285/283/291 284/284/292 283/285/293
f 286/286/294 285/283/291 283/285/293
f 289/287/295 288/288/296 287/289/297
f 289/287/295 287/289/297 290/290/298
f 290/290/298 287/289/297 291/291/299
f 287/289/297 292/292/300 291/291/299
f 291/291/299 292/292/300 293/293/301
f 293/293/301 292/292/300 294/294/302
f 297/295/303 296/296/304 295/297/305
f 297/295/303 295/297/305 298/298/306
f 299/299/307 297/295/303 298/298/306
f 299/299/307 298/298/306 300/300/308
f 298/298/306 301/301/309 300/300/308
f 301/301/310 303/302/311 302/303/312
f 303/302/311 304/304/313 302/303/312
f 302/303/312 304/304/313 305/305/314
f 304/304/313 303/302/311 306/306/315
f 304/304/313 307/307/316 305/305/314
f 307/307/316 304/304/313 306/306/315
f 310/308/317 309/309/318 308/310/319
f 311/311/320 310/308/317 308/310/319
f 314/312/321 313/313/322 312/314/323
f 314/312/321 315/315/324 313/313/322
f 315/315/324 316/316/325 313/313/322
f 316/316/325 317/317/326 313/313/322
f 320/318/327 319/319/328 318/320/329
f 321/321/330 320/318/327 318/320/329
f 324/322/331 323/323/332 322/324/333
f 325/325/334 324/322/331 322/324/333
f 328/326/335 327/327/336 326/328/337
f 327/327/336 329/329/338 326/328/337
f 326/328/337 329/329/338 330/330/339
f 331/331/340 326/328/337 330/330/339
f 334/332/341 333/333/342 332/334/343
f 335/335/344 334/332/341 332/334/343
f 338/336/345 337/337/346 336/338/347
f 339/339/348 338/336/345 336/338/347
f 336/338/347 340/340/349 339/339/348
f 343/341/350 342/342/351 341/343/352
f 342/342/351 343/341/350 344/344/353
f 345/345/354 342/342/351 344/344/353
f 342/342/351 345/345/354 346/346/355
f 349/347/356 348/348/357 347/349/358
f 348/348/357 350/350/359 347/349/358
f 347/349/358 350/350/359 351/351/360
f 350/350/359 348/348/357 352/352/361
f 350/350/359 352/352/361 351/351/360
f 348/348/357 353/353/362 352/352/361
f 351/351/360 352/352/361 354/354/363
f 352/352/361 353/353/362 354/354/363
f 357/355/364 356/356/365 355/357/366
f 358/358/367 357/355/364 355/357/366
f 361/359/368 360/360/369 359/361/370
f 359/361/370 362/362/371 361/359/368
f 364/363/372 359/361/373 363/364/374
f 365/365/375 364/363/372 363/364/374
f 368/366/376 367/367/377 366/368/378
f 366/368/378 367/367/377 369/369/379
f 367/367/377 370/370/380 369/369/379
f 369/369/379 370/370/380 371/371/381
f 374/372/382 373/373/383 372/374/384
f 372/374/384 373/373/383 375/375/385
f 373/373/383 376/376/386 375/375/385
f 375/375/385 376/376/386 377/377/387
f 380/378/388 379/379/389 378/380/390
f 381/381/391 380/378/388 378/380/390
f 384/382/392 383/383/393 382/384/394
f 382/384/394 383/383/393 385/385/395
f 382/384/394 385/385/395 386/386/396
f 387/387/397 382/384/394 386/386/396
f 387/387/397 386/386/396 388/388/398
f 387/387/397 388/388/398 389/389/399
f 392/390/400 391/391/401 390/392/402
f 393/393/403 392/390/400 390/392/402
f 393/393/403 390/392/402 394/394/404
f 390/392/402 395/395/405 394/394/404
f 398/396/406 397/397/407 396/398/408
f 397/397/407 399/399/409 396/398/408
f 396/398/408 399/399/409 400/400/410
f 403/401/411 402/402/412 401/403/413
f 404/404/414 403/401/411 401/403/413
f 405/405/415 403/401/411 404/404/414
f 408/406/416 407/407/417 406/408/418
f 409/409/419 408/406/416 406/408/418
f 412/410/420 411/411/421 410/412/422
f 413/413/423 412/410/420 410/412/422
f 416/414/424 415/415/425 414/416/426
f 417/417/427 416/414/424 414/416/426
f 420/418/428 419/419/429 418/420/430
f 421/421/431 420/418/428 418/420/430
f 424/422/432 423/423/433 422/424/434
f 423/423/433 425/425/435 422/424/434
f 423/423/433 426/426/436 425/425/435
f 426/426/436 427/427/437 425/425/435
f 430/428/438 429/429/439 428/430/440
f 429/429/439 431/431/441 428/430/440
f 429/429/439 432/432/442 431/431/441
f 432/432/442 433/433/443 431/431/441
f 436/434/444 435/435/445 434/436/446
f 435/435/445 437/437/447 434/436/446
f 435/435/445 438/438/448 437/437/447
f 438/438/448 439/439/449 437/437/447
f 442/440/450 441/441/451 440/442/452
f 441/441/451 443/443/453 440/442/452
f 441/441/451 444/444/454 443/443/453
f 444/444/454 445/445/455 443/443/453
f 448/446/456 447/447/457 446/448/458
f 449/449/459 448/446/456 446/448/458
f 452/450/460 451/451/461 450/452/462
f 453/453/463 452/450/460 450/452/462
f 456/454/464 455/455/465 454/456/466
f 457/457/467 456/454/464 454/456/466
f 460/458/468 459/459/469 458/460/459
f 461/461/470 460/458/468 458/460/459
f 464/462/471 463/463/472 462/464/473
f 465/465/474 464/462/471 462/464/473
f 468/466/475 467/467/476 466/468/477
f 467/467/476 469/469/478 466/468/477
f 466/468/477 469/469/478 470/470/479
f 469/469/478 471/471/480 470/470/479
f 470/470/481 473/472/482 472/473/483
f 473/472/482 474/474/484 472/473/483
f 477/475/485 476/476/486 475/477/487
f 478/478/488 477/475/485 475/477/487
f 481/479/489 480/480/490 479/481/491
f 482/482/492 481/479/489 479/481/491
f 485/483/493 484/484/494 483/485/495
f 486/486/496 485/483/493 483/485/495
f 486/486/496 483/485/495 487/487/497
f 488/488/498 486/486/496 487/487/497
f 489/489/499 488/488/498 487/487/497
f 490/490/500 489/489/499 487/487/497
f 490/490/500 491/491/501 489/489/499
f 491/491/501 492/492/502 489/489/499
f 495/493/503 494/494/504 493/495/505
f 496/496/506 495/493/503 493/495/505
f 496/496/506 493/495/505 497/497/507
f 498/498/508 496/496/506 497/497/507
f 499/499/509 498/498/508 497/497/507
f 500/500/510 499/499/509 497/497/507
f 500/500/510 501/501/511 499/499/509
f 501/501/511 502/502/512 499/499/509
f 505/503/513 504/504/514 503/505/515
f 506/506/516 505/503/513 503/505/515
f 505/503/513 506/506/516 507/507/517
f 508/508/518 505/503/513 507/507/517
f 509/509/519 508/508/518 507/507/517
f 510/510/520 509/509/519 507/507/517
f 513/511/521 512/512/522 511/513/514
f 514/514/523 513/511/521 511/513/514
f 517/515/524 516/516/525 515/517/526
f 518/518/527 517/515/524 515/517/526
f 521/519/528 520/520/528 519/521/528
f 522/522/528 521/519/528 519/521/528
f 521/519/528 522/522/528 523/523/528
f 522/522/528 524/524/528 523/523/528
f 527/525/528 526/526/528 525/527/528
f 528/528/528 527/525/528 525/527/528
f 531/529/529 530/530/496 529/531/530
f 532/532/531 531/529/529 529/531/530
f 533/533/532 531/529/529 532/532/531
f 534/534/533 533/533/532 532/532/531
f 535/535/534 533/533/532 534/534/533
f 536/536/535 535/535/534 534/534/533
f 539/537/530 538/538/536 537/539/537
f 538/538/536 540/540/538 537/539/537
f 537/539/537 540/540/538 541/541/539
f 540/540/538 542/542/540 541/541/539
f 541/541/539 542/542/540 543/543/541
f 542/542/540 544/544/542 543/543/541
f 543/543/541 544/544/542 545/545/543
f 544/544/542 546/546/544 545/545/543
f 545/545/543 546/546/544 547/547/545
f 546/546/544 548/548/546 547/547/545
f 547/547/545 548/548/546 549/549/547
f 548/548/546 550/550/548 549/549/547
f 549/549/547 550/550/548 551/551/549
f 550/550/548 552/552/534 551/551/549
f 555/553/550 554/554/551 553/555/552
f 554/554/551 556/556/553 553/555/552
f 553/555/552 556/556/553 557/557/554
f 556/556/553 558/558/555 557/557/554
f 557/557/554 558/558/555 559/559/556
f 558/558/555 560/560/557 559/559/556
f 559/559/556 560/560/557 561/561/558
f 560/560/557 562/562/559 561/561/558
f 561/561/558 562/562/559 563/563/560
f 562/562/559 564/564/561 563/563/560
f 567/565/562 566/566/563 565/567/564
f 568/568/565 567/565/562 565/567/564
f 571/569/519 570/570/566 569/571/567
f 570/570/566 572/572/568 569/571/567
f 569/571/567 572/572/568 573/573/569
f 572/572/568 574/574/570 573/573/569
f 573/573/569 574/574/570 575/575/514
f 574/574/570 576/576/571 575/575/514
f 579/577/572 578/578/573 577/579/574
f 580/580/550 579/577/572 577/579/574
f 583/581/575 582/582/576 581/583/577
f 584/584/578 583/581/575 581/583/577
f 587/585/579 586/586/535 585/587/580
f 588/588/581 587/585/579 585/587/580
f 589/589/582 587/585/579 588/588/581
f 590/590/583 589/589/582 588/588/581
f 591/591/584 589/589/582 590/590/583
f 592/592/585 591/591/584 590/590/583
f 593/593/541 591/591/584 592/592/585
f 594/594/586 593/593/541 592/592/585
f 595/595/539 593/593/541 594/594/586
f 596/596/587 595/595/539 594/594/586
f 597/597/537 595/595/539 596/596/587
f 598/598/588 597/597/537 596/596/587
f 599/599/589 597/597/537 598/598/588
f 600/600/590 599/599/589 598/598/588
f 603/601/591 602/602/530 601/603/524
f 604/604/13 603/601/591 601/603/524
f 605/605/533 603/601/591 604/604/13
f 606/606/592 605/605/533 604/604/13
f 607/607/535 605/605/533 606/606/592
f 608/608/593 607/607/535 606/606/592
f 611/609/594 610/610/595 609/611/596
f 612/612/597 611/609/594 609/611/596
f 612/612/597 609/611/596 613/613/598
f 609/611/596 614/614/599 613/613/598
f 617/615/600 616/616/601 615/617/602
f 616/616/601 618/618/603 615/617/602
f 615/617/602 618/618/603 619/619/604
f 622/620/605 621/621/606 620/622/607
f 623/623/608 622/620/605 620/622/607
f 624/624/609 622/620/605 623/623/608
f 627/625/610 626/626/611 625/627/612
f 628/628/613 627/625/610 625/627/612
f 631/629/614 630/630/615 629/631/616
f 632/632/617 631/629/614 629/631/616
f 635/633/618 634/634/619 633/635/620
f 636/636/621 635/633/618 633/635/620
f 639/637/622 638/638/623 637/639/624
f 640/640/625 639/637/622 637/639/624
f 643/641/626 642/642/627 641/643/628
f 642/642/627 644/644/629 641/643/628
f 642/642/627 645/645/448 644/644/629
f 645/645/448 646/646/449 644/644/629
f 649/647/630 648/648/631 647/649/632
f 648/648/631 650/650/633 647/649/632
f 648/648/631 651/651/454 650/650/633
f 651/651/454 652/652/455 650/650/633
f 655/653/634 654/654/635 653/655/636
f 654/654/635 656/656/637 653/655/636
f 654/654/635 657/657/436 656/656/637
f 657/657/436 658/658/437 656/656/637
f 661/659/638 660/660/639 659/661/640
f 660/660/639 662/662/641 659/661/640
f 660/660/639 663/663/442 662/662/641
f 663/663/442 664/664/443 662/662/641
f 667/665/464 666/666/465 665/667/466
f 668/668/467 667/665/464 665/667/466
f 671/669/642 670/670/643 669/671/644
f 672/672/470 671/669/642 669/671/644
f 675/673/456 674/674/457 673/675/458
f 676/676/459 675/673/456 673/675/458
f 679/677/645 678/678/646 677/679/467
f 680/680/458 679/677/645 677/679/467
f 683/681/473 682/682/474 681/683/471
f 684/684/472 683/681/473 681/683/471
f 687/685/647 686/686/648 685/687/649
f 686/686/648 688/688/650 685/687/649
f 685/687/649 688/688/650 689/689/651
f 688/688/650 690/690/652 689/689/651
f 689/689/653 692/691/654 691/692/655
f 692/691/654 693/693/656 691/692/655
f 696/694/657 695/695/658 694/696/659
f 697/697/660 696/694/657 694/696/659
f 700/698/661 699/699/662 698/700/663
f 701/701/664 700/698/661 698/700/663
f 704/702/665 703/703/666 702/704/667
f 705/705/668 704/702/665 702/704/667
f 705/705/668 702/704/667 706/706/669
f 707/707/670 705/705/668 706/706/669
f 708/708/671 707/707/670 706/706/669
f 709/709/672 708/708/671 706/706/669
f 709/709/672 710/710/673 708/708/671
f 710/710/673 711/711/674 708/708/671
f 714/712/675 713/713/676 712/714/677
f 715/715/678 714/712/675 712/714/677
f 715/715/678 712/714/677 716/716/679
f 717/717/680 715/715/678 716/716/679
f 718/718/681 717/717/680 716/716/679
f 719/719/682 718/718/681 716/716/679
f 719/719/682 720/720/683 718/718/681
f 720/720/683 721/721/684 718/718/681
f 724/722/685 723/723/686 722/724/687
f 725/725/688 724/722/685 722/724/687
f 724/722/685 725/725/688 726/726/689
f 727/727/690 724/722/685 726/726/689
f 728/728/691 727/727/690 726/726/689
f 729/729/692 728/728/691 726/726/689
f 732/730/693 731/731/694 730/732/686
f 733/733/695 732/730/693 730/732/686
f 736/734/696 735/735/697 734/736/698
f 737/737/699 736/734/696 734/736/698
f 740/738/700 739/739/700 738/740/700
f 741/741/700 740/738/700 738/740/700
f 740/738/700 741/741/700 742/742/700
f 741/741/700 743/743/700 742/742/700
f 746/744/700 745/745/700 744/746/700
f 747/747/700 746/744/700 744/746/700
f 750/748/701 749/749/668 748/750/702
f 751/751/703 750/748/701 748/750/702
f 752/752/704 750/748/701 751/751/703
f 753/753/705 752/752/704 751/751/703
f 754/754/706 752/752/704 753/753/705
f 755/755/707 754/754/706 753/753/705
f 758/756/702 757/757/708 756/758/709
f 757/757/708 759/759/710 756/758/709
f 756/758/709 759/759/710 760/760/711
f 759/759/710 761/761/712 760/760/711
f 760/760/711 761/761/712 762/762/713
f 761/761/712 763/763/714 762/762/713
f 762/762/713 763/763/714 764/764/715
f 763/763/714 765/765/716 764/764/715
f 764/764/715 765/765/716 766/766/717
f 765/765/716 767/767/718 766/766/717
f 766/766/717 767/767/718 768/768/719
f 767/767/718 769/769/720 768/768/719
f 768/768/719 769/769/720 770/770/721
f 769/769/720 771/771/706 770/770/721
f 774/772/722 773/773/723 772/774/724
f 773/773/723 775/775/725 772/774/724
f 772/774/724 775/775/725 776/776/726
f 775/775/725 777/777/727 776/776/726
f 776/776/726 777/777/727 778/778/728
f 777/777/727 779/779/729 778/778/728
f 778/778/728 779/779/729 780/780/730
f 779/779/729 781/781/731 780/780/730
f 780/780/730 781/781/731 782/782/732
f 781/781/731 783/783/733 782/782/732
f 786/784/734 785/785/735 784/786/736
f 787/787/737 786/784/734 784/786/736
f 790/788/691 789/789/738 788/790/739
f 789/789/738 791/791/740 788/790/739
f 788/790/739 791/791/740 792/792/741
f 791/791/740 793/793/742 792/792/741
f 792/792/741 793/793/742 794/794/686
f 793/793/742 795/795/743 794/794/686
f 798/796/744 797/797/745 796/798/746
f 799/799/722 798/796/744 796/798/746
f 802/800/747 801/801/748 800/802/749
f 803/803/750 802/800/747 800/802/749
f 806/804/751 805/805/707 804/806/752
f 807/807/753 806/804/751 804/806/752
f 808/808/754 806/804/751 807/807/753
f 809/809/755 808/808/754 807/807/753
f 810/810/541 808/808/754 809/809/755
f 811/811/756 810/810/541 809/809/755
f 812/812/713 810/810/541 811/811/756
f 813/813/757 812/812/713 811/811/756
f 814/814/711 812/812/713 813/813/757
f 815/815/758 814/814/711 813/813/757
f 816/816/709 814/814/711 815/815/758
f 817/817/759 816/816/709 815/815/758
f 818/818/760 816/816/709 817/817/759
f 819/819/761 818/818/760 817/817/759
f 822/820/762 821/821/702 820/822/696
f 823/823/763 822/820/762 820/822/696
f 824/824/705 822/820/762 823/823/763
f 825/825/764 824/824/705 823/823/763
f 826/826/707 824/824/705 825/825/764
f 827/827/765 826/826/707 825/825/764
f 830/828/766 829/829/767 828/830/768
f 829/829/767 831/831/769 828/830/768
f 831/831/769 832/832/770 828/830/768
f 832/832/770 833/833/771 828/830/768
f 832/832/770 829/829/767 833/833/771
f 831/831/769 829/829/767 834/834/772
f 829/829/767 832/832/770 834/834/772
f 832/832/770 831/831/769 835/835/773
f 835/835/773 831/831/769 834/834/772
f 834/834/772 836/836/774 835/835/773
f 832/832/770 837/837/775 834/834/772
f 837/837/775 832/832/770 835/835/773
f 836/836/774 834/834/772 837/837/775
f 838/838/776 837/837/775 835/835/773
f 838/838/776 836/836/774 837/837/775
f 839/839/777 838/838/776 835/835/773
f 836/836/774 839/839/777 835/835/773
f 836/836/774 838/838/776 840/840/778
f 838/838/776 841/841/779 840/840/778
f 839/839/777 836/836/774 842/842/780
f 843/843/781 839/839/777 842/842/780
f 844/844/782 836/836/774 840/840/778
f 841/841/779 836/836/774 845/845/783
f 836/836/774 844/844/782 845/845/783
f 841/841/779 845/845/783 840/840/778
f 841/841/779 843/843/781 846/846/784
f 836/836/774 841/841/779 846/846/784
f 847/847/785 845/845/783 844/844/782
f 848/848/786 840/840/778 845/845/783
f 847/847/785 848/848/786 845/845/783
f 844/844/782 840/840/778 849/849/787
f 840/840/778 848/848/786 849/849/787
f 849/849/787 847/847/785 844/844/782
f 849/849/787 848/848/786 850/850/788
f 848/848/786 847/847/785 850/850/788
f 847/847/785 849/849/787 851/851/789
f 847/847/785 851/851/789 850/850/788
f 836/836/774 852/852/790 842/842/780
f 836/836/774 843/843/781 853/853/791
f 853/853/791 843/843/781 842/842/780
f 852/852/790 836/836/774 853/853/791
f 854/854/792 853/853/791 842/842/780
f 853/853/791 854/854/792 852/852/790
f 843/843/781 836/836/774 855/855/793
f 843/843/781 855/855/793 846/846/784
f 856/856/794 842/842/780 852/852/790
f 856/856/794 854/854/792 842/842/780
f 857/857/795 856/856/794 852/852/790
f 854/854/792 857/857/795 852/852/790
f 857/857/795 854/854/792 858/858/796
f 858/858/796 854/854/792 859/859/797
f 854/854/792 856/856/794 859/859/797
f 856/856/794 857/857/795 859/859/797
f 857/857/795 860/860/798 859/859/797
f 861/861/799 836/836/774 846/846/784
f 836/836/774 861/861/799 855/855/793
f 862/862/800 846/846/784 855/855/793
f 863/863/801 855/855/793 861/861/799
f 863/863/801 862/862/800 855/855/793
f 861/861/799 846/846/784 864/864/802
f 846/846/784 862/862/800 864/864/802
f 864/864/802 863/863/801 861/861/799
f 864/864/802 862/862/800 865/865/803
f 862/862/800 863/863/801 865/865/803
f 863/863/801 864/864/802 866/866/804
f 863/863/801 866/866/804 865/865/803
f 869/867/805 868/868/806 867/869/807
f 870/870/808 869/867/805 867/869/807
f 869/867/805 870/870/808 871/871/809
f 870/870/808 872/872/810 871/871/809
f 871/871/809 872/872/810 873/873/811
f 874/874/812 871/871/809 873/873/811
f 875/875/813 874/874/812 873/873/811
f 876/876/814 875/875/813 873/873/811
f 877/877/815 875/875/813 876/876/814
f 878/878/816 877/877/815 876/876/814
f 878/878/816 879/879/817 877/877/815
f 879/879/817 880/880/818 877/877/815
f 879/879/817 881/881/819 880/880/818
f 881/881/819 882/882/820 880/880/818
f 883/883/821 882/882/820 881/881/819
f 884/884/822 883/883/821 881/881/819
f 887/885/823 886/886/824 885/887/825
f 888/888/826 887/885/823 885/887/825
f 888/888/826 885/887/825 889/889/827
f 890/890/828 888/888/826 889/889/827
f 890/890/828 889/889/827 891/891/829
f 892/892/830 890/890/828 891/891/829
f 892/892/830 891/891/829 893/893/831
f 894/894/832 892/892/830 893/893/831
f 897/895/833 896/896/834 895/897/835
f 896/896/834 898/898/836 895/897/835
f 899/899/837 895/897/835 898/898/836
f 898/898/836 896/896/834 900/900/838
f 899/899/837 898/898/836 900/900/838
f 896/896/834 901/901/839 900/900/838
f 901/901/839 902/902/840 900/900/838
f 899/899/837 900/900/838 903/903/841
f 902/902/840 903/903/841 900/900/838
f 899/899/837 903/903/841 904/904/842
f 903/903/841 902/902/840 904/904/842
f 902/902/840 905/905/843 904/904/842
f 908/906/844 907/907/845 906/908/846
f 907/907/845 909/909/847 906/908/846
f 910/910/848 906/908/846 909/909/847
f 909/909/847 907/907/845 911/911/849
f 912/912/850 909/909/847 911/911/849
f 913/913/851 909/909/847 912/912/850
f 914/914/852 912/912/850 911/911/849
f 912/912/850 914/914/852 915/915/853
f 916/916/854 914/914/852 911/911/849
f 914/914/852 917/917/855 915/915/853
f 914/914/852 916/916/854 917/917/855
f 916/916/854 918/918/856 917/917/855
f 917/917/855 918/918/856 919/919/857
f 918/918/856 920/920/858 919/919/857
f 917/917/855 919/919/857 921/921/859
f 920/920/858 922/922/860 919/919/857
f 919/919/857 923/923/861 921/921/859
f 922/922/860 923/923/861 919/919/857
f 922/922/860 924/924/862 923/923/861
f 924/924/862 925/925/863 923/923/861
f 926/926/864 923/923/861 925/925/863
f 924/924/862 927/927/865 925/925/863
f 927/927/865 928/928/866 925/925/863
f 925/925/863 928/928/866 929/929/867
f 932/930/868 931/931/869 930/932/870
f 932/930/868 933/933/871 931/931/869
f 933/933/871 934/934/872 931/931/869
f 934/934/872 933/933/871 935/935/873
f 936/936/874 934/934/872 935/935/873
f 935/935/873 937/937/875 936/936/874
f 937/937/875 938/938/876 936/936/874
f 937/937/875 939/939/877 938/938/876
f 939/939/877 940/940/878 938/938/876
f 940/940/878 939/939/877 941/941/879
f 942/942/880 940/940/878 941/941/879
f 942/942/880 941/941/879 943/943/881
f 946/944/882 945/945/883 944/946/884
f 945/945/883 947/947/885 944/946/884
f 944/946/884 947/947/885 948/948/886
f 947/947/885 949/949/887 948/948/886
f 948/948/886 949/949/887 950/950/888
f 951/951/889 948/948/886 950/950/888
f 954/952/890 953/953/891 952/954/892
f 953/953/891 954/952/890 955/955/893
f 956/956/894 953/953/891 955/955/893
f 956/956/894 955/955/893 957/957/895
f 955/955/893 958/958/896 957/957/895
f 957/957/895 958/958/896 959/959/897
f 958/958/896 960/960/898 959/959/897
f 959/959/897 960/960/898 961/961/899
f 960/960/898 962/962/900 961/961/899
f 961/961/899 962/962/900 963/963/901
f 964/964/902 961/961/899 963/963/901
f 964/964/902 963/963/901 965/965/903
f 968/966/904 967/967/905 966/968/906
f 969/969/907 968/966/904 966/968/906
f 970/970/908 969/969/907 966/968/906
f 971/971/909 970/970/908 966/968/906
f 971/971/909 972/972/910 970/970/908
f 972/972/910 973/973/911 970/970/908
f 976/974/912 975/975/913 974/976/914
f 977/977/915 976/974/912 974/976/914
f 977/977/915 974/976/914 978/978/916
f 979/979/917 976/974/912 977/977/915
f 977/977/915 978/978/916 980/980/918
f 981/981/919 979/979/917 977/977/915
f 977/977/915 980/980/918 982/982/920
f 983/983/921 981/981/919 977/977/915
f 977/977/915 982/982/920 984/984/922
f 985/985/923 983/983/921 977/977/915
f 977/977/915 984/984/922 986/986/924
f 985/985/923 977/977/915 986/986/924
f 989/987/925 988/988/926 987/989/927
f 990/990/928 989/987/925 987/989/927
f 991/991/929 989/987/925 990/990/928
f 992/992/930 991/991/929 990/990/928
f 995/993/931 994/994/932 993/995/933
f 996/996/934 995/993/931 993/995/933
f 997/997/935 995/993/931 996/996/934
f 998/998/936 997/997/935 996/996/934
f 999/999/937 997/997/935 998/998/936
f 1000/1000/938 998/998/936 996/996/934
f 1001/1001/939 999/999/937 998/998/936
f 1002/1002/940 999/999/937 1001/1001/939
f 1003/1003/941 1002/1002/940 1001/1001/939
f 1000/1000/938 996/996/934 1004/1004/942
f 1005/1005/943 1000/1000/938 1004/1004/942
f 1005/1005/943 1004/1004/942 1006/1006/944
f 1009/1007/945 1008/1008/946 1007/1009/947
f 1008/1008/946 1010/1010/948 1007/1009/947
f 1007/1009/947 1010/1010/948 1011/1011/949
f 1008/1008/946 1012/1012/950 1010/1010/948
f 1010/1010/948 1013/1013/951 1011/1011/949
f 1010/1010/948 1012/1012/950 1013/1013/951
f 1016/1014/952 1015/1015/953 1014/1016/954
f 1015/1015/953 1017/1017/955 1014/1016/954
f 1014/1016/954 1017/1017/955 1018/1018/956
f 1015/1015/953 1019/1019/957 1017/1017/955
f 1017/1017/955 1020/1020/958 1018/1018/956
f 1017/1017/955 1019/1019/957 1020/1020/958
f 1018/1018/956 1020/1020/958 1021/1021/959
f 1020/1020/958 1019/1019/957 1022/1022/960
f 1020/1020/958 1022/1022/960 1021/1021/959
f 1022/1022/960 1019/1019/957 1023/1023/961
f 1021/1021/959 1022/1022/960 1024/1024/962
f 1022/1022/960 1023/1023/961 1024/1024/962
f 1027/1025/963 1026/1026/964 1025/1027/965
f 1026/1026/964 1028/1028/966 1025/1027/965
f 1026/1026/964 1029/1029/967 1028/1028/966
f 1029/1029/967 1030/1030/968 1028/1028/966
f 1033/1031/969 1032/1032/970 1031/1033/971
f 1032/1032/970 1034/1034/972 1031/1033/971
f 1032/1032/970 1035/1035/973 1034/1034/972
f 1035/1035/973 1036/1036/974 1034/1034/972
f 1035/1035/973 1037/1037/975 1036/1036/974
f 1036/1036/974 1038/1038/976 1034/1034/972
f 1037/1037/975 1039/1039/977 1036/1036/974
f 1037/1037/975 1040/1040/978 1039/1039/977
f 1040/1040/978 1041/1041/979 1039/1039/977
f 1034/1034/972 1038/1038/976 1042/1042/980
f 1038/1038/976 1043/1043/981 1042/1042/980
f 1042/1042/980 1043/1043/981 1044/1044/982
f 1047/1045/983 1046/1046/984 1045/1047/985
f 1048/1048/986 1047/1045/983 1045/1047/985
f 1048/1048/986 1045/1047/985 1049/1049/987
f 1050/1050/988 1047/1045/983 1048/1048/986
f 1051/1051/989 1048/1048/986 1049/1049/987
f 1050/1050/988 1048/1048/986 1051/1051/989
f 1054/1052/990 1053/1053/991 1052/1054/992
f 1055/1055/993 1054/1052/990 1052/1054/992
f 1055/1055/993 1052/1054/992 1056/1056/994
f 1057/1057/995 1054/1052/990 1055/1055/993
f 1058/1058/996 1055/1055/993 1056/1056/994
f 1057/1057/995 1055/1055/993 1058/1058/996
f 1058/1058/996 1056/1056/994 1059/1059/997
f 1057/1057/995 1058/1058/996 1060/1060/998
f 1060/1060/998 1058/1058/996 1059/1059/997
f 1057/1057/995 1060/1060/998 1061/1061/999
f 1060/1060/998 1059/1059/997 1062/1062/1000
f 1061/1061/999 1060/1060/998 1062/1062/1000
f 1065/1063/1001 1064/1064/1002 1063/1065/1003
f 1065/1063/1001 1063/1065/1003 1066/1066/1004
f 1065/1063/1001 1067/1067/1005 1064/1064/1002
f 1065/1063/1001 1066/1066/1004 1068/1068/1006
f 1065/1063/1001 1069/1069/1007 1067/1067/1005
f 1065/1063/1001 1068/1068/1006 1070/1070/1008
f 1065/1063/1001 1071/1071/1009 1069/1069/1007
f 1065/1063/1001 1070/1070/1008 1071/1071/1009
f 1074/1072/1010 1073/1073/1011 1072/1074/1012
f 1075/1075/1013 1074/1072/1010 1072/1074/1012
f 1074/1072/1010 1076/1076/1014 1073/1073/1011
f 1075/1075/1013 1072/1074/1012 1077/1077/1015
f 1076/1076/1014 1078/1078/1016 1073/1073/1011
f 1079/1079/1017 1075/1075/1013 1077/1077/1015
f 1076/1076/1014 1080/1080/1018 1078/1078/1016
f 1079/1079/1017 1077/1077/1015 1081/1081/1019
f 1080/1080/1018 1082/1082/1020 1078/1078/1016
f 1083/1083/1021 1079/1079/1017 1081/1081/1019
f 1080/1080/1018 1084/1084/1022 1082/1082/1020
f 1083/1083/1021 1081/1081/1019 1085/1085/1023
f 1084/1084/1022 1086/1086/1024 1082/1082/1020
f 1087/1087/1025 1083/1083/1021 1085/1085/1023
f 1087/1087/1025 1085/1085/1023 1086/1086/1024
f 1084/1084/1022 1087/1087/1025 1086/1086/1024
f 1090/1088/1026 1089/1089/1027 1088/1090/1028
f 1089/1089/1027 1091/1091/1029 1088/1090/1028
f 1088/1090/1028 1091/1091/1029 1092/1092/1030
f 1093/1093/1031 1091/1091/1029 1089/1089/1027
f 1094/1094/1032 1093/1093/1031 1089/1089/1027
f 1091/1091/1029 1095/1095/1033 1092/1092/1030
f 1092/1092/1030 1095/1095/1033 1096/1096/1034
f 1097/1097/1035 1095/1095/1033 1091/1091/1029
f 1093/1093/1031 1097/1097/1035 1091/1091/1029
f 1095/1095/1033 1098/1098/1036 1096/1096/1034
f 1095/1095/1033 1097/1097/1035 1098/1098/1036
f 1096/1096/1034 1098/1098/1036 1099/1099/1037
f 1093/1093/1031 1094/1094/1032 1100/1100/1038
f 1094/1094/1032 1101/1101/1039 1100/1100/1038
f 1098/1098/1036 1102/1102/1040 1099/1099/1037
f 1099/1099/1037 1102/1102/1040 1103/1103/1041
f 1102/1102/1040 1104/1104/1042 1103/1103/1041
f 1098/1098/1036 1105/1105/1043 1102/1102/1040
f 1097/1097/1035 1105/1105/1043 1098/1098/1036
f 1102/1102/1040 1106/1106/1044 1104/1104/1042
f 1105/1105/1043 1106/1106/1044 1102/1102/1040
f 1106/1106/1044 1107/1107/1045 1104/1104/1042
f 1093/1093/1031 1108/1108/1046 1097/1097/1035
f 1108/1108/1046 1093/1093/1031 1100/1100/1038
f 1108/1108/1046 1109/1109/1047 1097/1097/1035
f 1108/1108/1046 1100/1100/1038 1109/1109/1047
f 1097/1097/1035 1109/1109/1047 1105/1105/1043
f 1107/1107/1045 1106/1106/1044 1110/1110/1048
f 1111/1111/1049 1107/1107/1045 1110/1110/1048
f 1100/1100/1038 1112/1112/1050 1109/1109/1047
f 1100/1100/1038 1101/1101/1039 1112/1112/1050
f 1113/1113/1051 1106/1106/1044 1105/1105/1043
f 1106/1106/1044 1113/1113/1051 1110/1110/1048
f 1109/1109/1047 1114/1114/1052 1105/1105/1043
f 1114/1114/1052 1113/1113/1051 1105/1105/1043
f 1109/1109/1047 1112/1112/1050 1114/1114/1052
f 1110/1110/1048 1113/1113/1051 1114/1114/1052
f 1112/1112/1050 1115/1115/1053 1114/1114/1052
f 1115/1115/1053 1110/1110/1048 1114/1114/1052
f 1111/1111/1049 1110/1110/1048 1115/1115/1053
f 1112/1112/1050 1101/1101/1039 1115/1115/1053
f 1101/1101/1039 1111/1111/1049 1115/1115/1053
f 1101/1101/1039 1116/1116/1054 1111/1111/1049
f 1116/1116/1054 1101/1101/1039 1117/1117/1055
f 1101/1101/1039 1118/1118/1056 1117/1117/1055
f 1117/1117/1055 1118/1118/1056 1119/1119/1057
f 1118/1118/1056 1120/1120/1058 1119/1119/1057
f 1119/1119/1057 1120/1120/1058 1121/1121/1059
f 1122/1122/1060 1119/1119/1057 1121/1121/1059
f 1123/1123/1061 1119/1119/1057 1122/1122/1060
f 1117/1117/1055 1119/1119/1057 1123/1123/1061
f 1124/1124/1062 1123/1123/1061 1122/1122/1060
f 1125/1125/1063 1117/1117/1055 1123/1123/1061
f 1125/1125/1063 1116/1116/1054 1117/1117/1055
f 1126/1126/1064 1123/1123/1061 1124/1124/1062
f 1125/1125/1063 1123/1123/1061 1126/1126/1064
f 1127/1127/1065 1126/1126/1064 1124/1124/1062
f 1116/1116/1054 1125/1125/1063 1128/1128/1066
f 1128/1128/1066 1125/1125/1063 1126/1126/1064
f 1116/1116/1054 1129/1129/1067 1111/1111/1049
f 1116/1116/1054 1128/1128/1066 1129/1129/1067
f 1126/1126/1064 1127/1127/1065 1130/1130/1068
f 1127/1127/1065 1131/1131/1069 1130/1130/1068
f 1128/1128/1066 1126/1126/1064 1132/1132/1070
f 1128/1128/1066 1132/1132/1070 1129/1129/1067
f 1126/1126/1064 1130/1130/1068 1132/1132/1070
f 1111/1111/1049 1129/1129/1067 1133/1133/1071
f 1134/1134/1072 1111/1111/1049 1133/1133/1071
f 1135/1135/1073 1129/1129/1067 1132/1132/1070
f 1135/1135/1073 1132/1132/1070 1130/1130/1068
f 1129/1129/1067 1135/1135/1073 1133/1133/1071
f 1136/1136/1074 1130/1130/1068 1131/1131/1069
f 1136/1136/1074 1135/1135/1073 1130/1130/1068
f 1133/1133/1071 1135/1135/1073 1136/1136/1074
f 1137/1137/1075 1136/1136/1074 1131/1131/1069
f 1134/1134/1072 1133/1133/1071 1138/1138/1076
f 1138/1138/1076 1133/1133/1071 1136/1136/1074
f 1138/1138/1076 1136/1136/1074 1137/1137/1075
f 1139/1139/1077 1134/1134/1072 1138/1138/1076
f 1140/1140/1078 1138/1138/1076 1137/1137/1075
f 1139/1139/1077 1138/1138/1076 1140/1140/1078
f 1141/1141/1079 1139/1139/1077 1140/1140/1078
f 1144/1142/1080 1143/1143/1081 1142/1144/1082
f 1144/1142/1083 1146/1145/1084 1145/1146/1085
f 1147/1147/1086 1144/1142/1083 1145/1146/1085
f 1150/1148/1087 1149/1149/1088 1148/1150/1089
f 1151/1151/1090 1150/1148/1087 1148/1150/1089
f 1154/1152/1091 1153/1153/1092 1152/1154/1093
f 1155/1155/1094 1154/1152/1091 1152/1154/1093
f 1158/1156/1095 1157/1157/1096 1156/1158/1097
f 1159/1159/1098 1158/1156/1095 1156/1158/1097
f 1162/1160/1099 1161/1161/1100 1160/1162/1101
f 1163/1163/1102 1162/1160/1099 1160/1162/1101
f 1166/1164/1103 1165/1165/1104 1164/1166/1105
f 1167/1167/1106 1166/1164/1103 1164/1166/1105
f 1170/1168/1107 1169/1169/1108 1168/1170/1109
f 1171/1171/1110 1170/1168/1107 1168/1170/1109
f 1174/1172/1111 1173/1173/1112 1172/1174/1113
f 1172/1174/1113 1173/1173/1112 1175/1175/1114
f 1176/1176/1115 1172/1174/1113 1175/1175/1114
f 1179/1177/1116 1178/1178/1117 1177/1179/1118
f 1180/1180/1119 1179/1177/1116 1177/1179/1118
f 1181/1181/1120 1180/1180/1119 1177/1179/1118
f 1181/1181/1120 1177/1179/1118 1182/1182/1121
f 1181/1181/1120 1182/1182/1121 1183/1183/1122
f 1181/1181/1120 1183/1183/1122 1184/1184/1123
f 1183/1183/1122 1185/1185/1124 1184/1184/1123
f 1188/1186/1125 1187/1187/1126 1186/1188/1127
f 1187/1187/1126 1189/1189/1128 1186/1188/1127
f 1187/1187/1126 1190/1190/1129 1189/1189/1128
f 1190/1190/1129 1191/1191/1130 1189/1189/1128
f 1190/1190/1129 1192/1192/1131 1191/1191/1130
f 1192/1192/1131 1193/1193/1132 1191/1191/1130
f 1192/1192/1131 1194/1194/1133 1193/1193/1132
f 1192/1192/1131 1195/1195/1134 1194/1194/1133
f 1192/1192/1131 1196/1196/1135 1195/1195/1134
f 1196/1196/1135 1197/1197/1136 1195/1195/1134
f 1196/1196/1135 1198/1198/1137 1197/1197/1136
f 1198/1198/1137 1199/1199/1138 1197/1197/1136
f 1198/1198/1137 1200/1200/1139 1199/1199/1138
f 1198/1198/1137 1201/1201/1140 1200/1200/1139
f 1201/1201/1140 1202/1202/1141 1200/1200/1139
f 1205/1203/1142 1204/1204/1143 1203/1205/1144
f 1205/1203/1142 1203/1205/1144 1206/1206/1145
f 1207/1207/1146 1205/1203/1142 1206/1206/1145
f 1207/1207/1146 1206/1206/1145 1208/1208/1147
f 1207/1207/1146 1208/1208/1147 1209/1209/1148
f 1210/1210/1149 1207/1207/1146 1209/1209/1148
f 1209/1209/1148 1211/1211/1150 1210/1210/1149
f 1211/1211/1150 1212/1212/1151 1210/1210/1149
f 1211/1211/1150 1213/1213/1152 1212/1212/1151
f 1212/1212/1151 1213/1213/1152 1214/1214/1153
f 1212/1212/1151 1214/1214/1153 1215/1215/1154
f 1214/1214/1153 1216/1216/1155 1215/1215/1154
f 1215/1215/1154 1216/1216/1155 1217/1217/1156
f 1217/1217/1156 1218/1218/1157 1215/1215/1154
f 1218/1218/1157 1219/1219/1158 1215/1215/1154
f 1219/1219/1158 1218/1218/1157 1220/1220/1159
f 1223/1221/1160 1222/1222/1161 1221/1223/1162
f 1224/1224/1163 1223/1221/1160 1221/1223/1162
f 1221/1223/1162 1222/1222/1161 1225/1225/1164
f 1226/1226/1165 1223/1221/1160 1224/1224/1163
f 1222/1222/1161 1227/1227/1166 1225/1225/1164
f 1228/1228/1167 1226/1226/1165 1224/1224/1163
f 1225/1225/1164 1227/1227/1166 1229/1229/1168
f 1230/1230/1169 1226/1226/1165 1228/1228/1167
f 1227/1227/1166 1231/1231/1170 1229/1229/1168
f 1232/1232/1171 1230/1230/1169 1228/1228/1167
f 1229/1229/1168 1231/1231/1170 1233/1233/1172
f 1234/1234/1173 1230/1230/1169 1232/1232/1171
f 1231/1231/1170 1235/1235/1174 1233/1233/1172
f 1236/1236/1175 1234/1234/1173 1232/1232/1171
f 1233/1233/1172 1235/1235/1174 1237/1237/1176
f 1238/1238/1177 1234/1234/1173 1236/1236/1175
f 1235/1235/1174 1239/1239/1178 1237/1237/1176
f 1240/1240/1179 1238/1238/1177 1236/1236/1175
f 1237/1237/1176 1239/1239/1178 1241/1241/1180
f 1242/1242/1181 1238/1238/1177 1240/1240/1179
f 1239/1239/1178 1243/1243/1182 1241/1241/1180
f 1244/1244/1183 1242/1242/1181 1240/1240/1179
f 1241/1241/1180 1243/1243/1182 1245/1245/1184
f 1246/1246/1185 1242/1242/1181 1244/1244/1183
f 1243/1243/1182 1247/1247/1186 1245/1245/1184
f 1248/1248/1187 1246/1246/1185 1244/1244/1183
f 1245/1245/1184 1247/1247/1186 1249/1249/1188
f 1250/1250/1189 1246/1246/1185 1248/1248/1187
f 1247/1247/1186 1251/1251/1190 1249/1249/1188
f 1252/1252/1191 1250/1250/1189 1248/1248/1187
f 1249/1249/1188 1251/1251/1190 1253/1253/1192
f 1254/1254/1193 1250/1250/1189 1252/1252/1191
f 1251/1251/1190 1255/1255/1194 1253/1253/1192
f 1256/1256/1195 1254/1254/1193 1252/1252/1191
f 1253/1253/1192 1255/1255/1194 1257/1257/1196
f 1258/1258/1197 1254/1254/1193 1256/1256/1195
f 1255/1255/1194 1259/1259/1198 1257/1257/1196
f 1260/1260/1199 1258/1258/1197 1256/1256/1195
f 1257/1257/1196 1259/1259/1198 1261/1261/1200
f 1262/1262/1201 1258/1258/1197 1260/1260/1199
f 1259/1259/1198 1263/1263/1202 1261/1261/1200
f 1264/1264/1203 1262/1262/1201 1260/1260/1199
f 1261/1261/1200 1263/1263/1202 1264/1264/1203
f 1263/1263/1202 1262/1262/1201 1264/1264/1203
f 1267/1265/1204 1266/1266/1205 1265/1267/1206
f 1266/1266/1205 1267/1265/1204 1268/1268/1207
f 1267/1265/1204 1269/1269/1208 1268/1268/1207
f 1268/1268/1207 1269/1269/1208 1270/1270/1209
f 1266/1266/1205 1268/1268/1207 1271/1271/1210
f 1266/1266/1205 1271/1271/1210 1272/1272/1211
f 1273/1273/1212 1268/1268/1207 1270/1270/1209
f 1273/1273/1212 1270/1270/1209 1274/1274/1213
f 1268/1268/1207 1275/1275/1214 1271/1271/1210
f 1275/1275/1214 1268/1268/1207 1273/1273/1212
f 1276/1276/1215 1273/1273/1212 1274/1274/1213
f 1276/1276/1215 1274/1274/1213 1277/1277/1216
f 1278/1278/1217 1275/1275/1214 1273/1273/1212
f 1273/1273/1212 1276/1276/1215 1278/1278/1217
f 1271/1271/1210 1275/1275/1214 1279/1279/1218
f 1279/1279/1218 1275/1275/1214 1278/1278/1217
f 1280/1280/1219 1271/1271/1210 1279/1279/1218
f 1280/1280/1219 1281/1281/1220 1271/1271/1210
f 1282/1282/1221 1276/1276/1215 1277/1277/1216
f 1276/1276/1215 1283/1283/1222 1278/1278/1217
f 1276/1276/1215 1282/1282/1221 1283/1283/1222
f 1284/1284/1223 1279/1279/1218 1278/1278/1217
f 1278/1278/1217 1283/1283/1222 1284/1284/1223
f 1282/1282/1221 1277/1277/1216 1285/1285/1224
f 1277/1277/1216 1286/1286/1225 1285/1285/1224
f 1286/1286/1225 1287/1287/1226 1285/1285/1224
f 1287/1287/1226 1288/1288/1227 1285/1285/1224
f 1285/1285/1224 1288/1288/1227 1289/1289/1228
f 1282/1282/1221 1285/1285/1224 1289/1289/1228
f 1288/1288/1227 1290/1290/1229 1289/1289/1228
f 1282/1282/1221 1291/1291/1230 1283/1283/1222
f 1291/1291/1230 1282/1282/1221 1289/1289/1228
f 1289/1289/1228 1290/1290/1229 1292/1292/1231
f 1291/1291/1230 1289/1289/1228 1292/1292/1231
f 1290/1290/1229 1293/1293/1232 1292/1292/1231
f 1283/1283/1222 1294/1294/1233 1284/1284/1223
f 1283/1283/1222 1291/1291/1230 1294/1294/1233
f 1284/1284/1223 1295/1295/1234 1279/1279/1218
f 1295/1295/1234 1284/1284/1223 1294/1294/1233
f 1295/1295/1234 1296/1296/1235 1279/1279/1218
f 1280/1280/1219 1279/1279/1218 1296/1296/1235
f 1297/1297/1236 1280/1280/1219 1296/1296/1235
f 1297/1297/1236 1298/1298/1237 1280/1280/1219
f 1299/1299/1238 1295/1295/1234 1294/1294/1233
f 1300/1300/1239 1299/1299/1238 1294/1294/1233
f 1291/1291/1230 1301/1301/1240 1294/1294/1233
f 1301/1301/1240 1300/1300/1239 1294/1294/1233
f 1301/1301/1240 1291/1291/1230 1292/1292/1231
f 1300/1300/1239 1301/1301/1240 1302/1302/1241
f 1301/1301/1240 1292/1292/1231 1302/1302/1241
f 1292/1292/1231 1293/1293/1232 1302/1302/1241
f 1293/1293/1232 1303/1303/1242 1302/1302/1241
