<?xml version="1.0" encoding="utf-8"?>
<COLLADA xmlns="http://www.collada.org/2005/11/COLLADASchema" version="1.4.1" xmlns:xsi="http://www.w3.org/2001/XMLSchema-instance">
  <asset>
    <contributor>
      <author>Blender User</author>
      <authoring_tool>Blender 2.93.6 commit date:2021-11-16, commit time:14:54, hash:c842a90e2fa1</authoring_tool>
    </contributor>
    <created>2023-03-04T01:38:16</created>
    <modified>2023-03-04T01:38:16</modified>
    <unit name="meter" meter="1"/>
    <up_axis>Z_UP</up_axis>
  </asset>
  <library_effects>
    <effect id="_8994D4EB4F0760DF56863A95591D8EC-effect">
      <profile_COMMON>
        <newparam sid="_8994D4EB4F0760DF56863A95591D8EC_png-surface">
          <surface type="2D">
            <init_from>_8994D4EB4F0760DF56863A95591D8EC_png</init_from>
          </surface>
        </newparam>
        <newparam sid="_8994D4EB4F0760DF56863A95591D8EC_png-sampler">
          <sampler2D>
            <source>_8994D4EB4F0760DF56863A95591D8EC_png-surface</source>
          </sampler2D>
        </newparam>
        <technique sid="common">
          <lambert>
            <emission>
              <color sid="emission">0 0 0 1</color>
            </emission>
            <diffuse>
              <texture texture="_8994D4EB4F0760DF56863A95591D8EC_png-sampler" texcoord="UV0"/>
            </diffuse>
            <reflectivity>
              <float sid="specular">1</float>
            </reflectivity>
            <index_of_refraction>
              <float sid="ior">1.45</float>
            </index_of_refraction>
          </lambert>
        </technique>
      </profile_COMMON>
    </effect>
  </library_effects>
  <library_images>
    <image id="_8994D4EB4F0760DF56863A95591D8EC_png" name="_8994D4EB4F0760DF56863A95591D8EC_png">
      <init_from>98994D4EB4F0760DF56863A95591D8EC.png</init_from>
    </image>
  </library_images>
  <library_materials>
    <material id="_8994D4EB4F0760DF56863A95591D8EC-material" name="98994D4EB4F0760DF56863A95591D8EC">
      <instance_effect url="#_8994D4EB4F0760DF56863A95591D8EC-effect"/>
    </material>
  </library_materials>
  <library_geometries>
    <geometry id="FlatSkin_EngineerMonkey_DoubleGun-mesh" name="FlatSkin_EngineerMonkey_DoubleGun">
      <mesh>
        <source id="FlatSkin_EngineerMonkey_DoubleGun-mesh-positions">
          <float_array id="FlatSkin_EngineerMonkey_DoubleGun-mesh-positions-array" count="3909">1.014974 4.195874 0.6612911 1.972804 5.733264 1.145244 1.951044 4.524562 0.6505016 0 5.593523 1.973243 0 6.887163 1.974852 1.945684 6.880589 1.056435 -1.017947 4.195877 0.6612911 1.523693 8.953973 0.7829568 -1.972804 5.733264 1.145244 -1.954017 4.524562 0.6505016 -1.945684 6.880589 1.056435 -1.523693 8.953973 0.7829568 0 9.04646 1.327932 1.751601 10.58432 0.5623253 -1.751601 10.58432 0.5623253 0 11.56405 0.9749582 1.945684 6.880589 1.056435 1.523693 8.953973 0.7829568 1.41809 8.874261 -0.982287 2.234133 6.843287 -0.548959 1.972804 5.733264 1.145244 2.334562 5.726426 -0.5120943 2.019336 4.484317 -0.3957441 1.951044 4.524562 0.6505016 1.065066 4.14725 -0.3802583 1.48202 5.55545 -1.787288 1.420511 6.786656 -1.791809 -1.48202 5.55545 -1.787288 -1.100072 4.147252 -0.3802583 1.014974 4.195874 0.6612911 -1.017947 4.195877 0.6612911 -1.420511 6.786656 -1.791809 -1.41809 8.874261 -0.982287 -1.728585 10.67282 -0.72909 1.728585 10.67282 -0.72909 0 11.55681 -0.6335922 1.751601 10.58432 0.5623253 0 11.56405 0.9749582 -1.945684 6.880589 1.056435 -1.41809 8.874261 -0.982287 -1.523693 8.953973 0.7829568 -2.234133 6.843287 -0.548959 -1.420511 6.786656 -1.791809 -1.48202 5.55545 -1.787288 -1.972804 5.733264 1.145244 -2.334562 5.726426 -0.5120943 -1.100072 4.147252 -0.3802583 -2.038074 4.484316 -0.3957441 -1.954017 4.524562 0.6505016 -1.751601 10.58432 0.5623253 -1.728585 10.67282 -0.72909 0 11.55681 -0.6335922 0 11.56405 0.9749582 7.041295 8.748284 0.9477985 7.164904 8.7413 -1.116909 5.103003 8.906985 -1.115914 4.455816 8.972382 0.9746757 3.822908 8.972242 -0.9986039 1.523693 8.953973 0.7829568 1.41809 8.874261 -0.982287 1.751601 10.58432 0.5623253 4.351562 10.61027 0.779804 7.150667 10.64581 0.7846368 1.728585 10.67282 -0.72909 5.031179 10.59852 -1.020025 7.329594 10.62522 -1.227187 3.772488 10.53575 -0.805707 1.41809 8.874261 -0.982287 3.822908 8.972242 -0.9986039 5.103003 8.906985 -1.115914 7.164904 8.7413 -1.116909 -2.96195 0.03578442 2.146446 -1.885081 0.03578442 3.042979 -0.7568591 0.03578442 2.641454 -0.6285461 0.03578442 -0.8363679 -2.057995 0.03578442 -1.202554 0.7509117 0.03578442 2.641453 1.879493 0.03578442 3.042898 2.956002 0.03578442 2.146446 0.6225988 0.03578442 -0.8363679 2.052048 0.03578442 -1.202554 -7.041295 8.748284 0.9477985 -5.103003 8.906985 -1.115914 -7.164904 8.7413 -1.116909 -4.455816 8.972382 0.9746757 -3.822908 8.972242 -0.9986039 -1.523693 8.953973 0.7829568 -1.41809 8.874261 -0.982287 -1.751601 10.58432 0.5623253 -4.351562 10.61027 0.779804 -7.150667 10.64581 0.7846368 -1.728585 10.67282 -0.72909 -5.031179 10.59852 -1.020025 -7.329594 10.62522 -1.227187 -3.772488 10.53575 -0.805707 -1.41809 8.874261 -0.982287 -3.822908 8.972242 -0.9986039 -5.103003 8.906985 -1.115914 -7.164904 8.7413 -1.116909 -1.048128 1.315723 0.549845 -1.058238 1.391836 -0.2610543 -0.714485 0.4775066 -0.8747151 -1.904866 1.340893 -0.2918257 -0.8151123 0.7055031 2.551867 -1.905527 1.341717 0.591387 -2.903639 0.7107019 2.164169 -2.02737 0.4673183 -1.173818 -2.057995 0.03578442 -1.202554 -0.6285461 0.03578442 -0.8363679 -2.96195 0.03578442 2.146446 -0.7568591 0.03578442 2.641454 -1.885081 0.03578442 3.042979 -1.893005 0.4649671 3.006568 1.042181 1.315723 0.5498451 0.7085376 0.4775066 -0.874715 1.052291 1.391836 -0.2610543 0.8091649 0.7055031 2.551866 1.89958 1.341717 0.5913871 1.898919 1.340894 -0.2918257 2.897691 0.7107018 2.164169 2.021422 0.4673182 -1.173818 2.052048 0.03578442 -1.202554 0.6225988 0.03578442 -0.8363679 2.956002 0.03578442 2.146446 0.7509117 0.03578442 2.641453 1.879493 0.03578442 3.042898 1.867056 0.4649173 3.010281 -1.940883 2.376899 0.7207623 -1.048128 1.315723 0.549845 -1.905527 1.341717 0.591387 -1.904866 1.340893 -0.2918257 -1.143134 2.344466 0.7140796 -1.058238 1.391836 -0.2610543 -1.135605 2.736656 -0.1851504 -1.098658 3.258273 0.7755939 -1.100072 4.147252 -0.3802583 -1.017947 4.195877 0.6612911 -1.954017 4.524562 0.6505016 -1.990753 3.318102 0.7458351 -2.038074 4.484316 -0.3957441 -1.997649 2.76146 -0.208049 -1.058238 1.391836 -0.2610543 -1.100072 4.147252 -0.3802583 -1.135605 2.736656 -0.1851504 1.934936 2.3769 0.7207623 1.89958 1.341717 0.5913871 1.042181 1.315723 0.5498451 1.898919 1.340894 -0.2918257 1.137187 2.344466 0.7140797 1.052291 1.391836 -0.2610543 1.129658 2.736656 -0.1851504 1.092711 3.258274 0.7755942 1.065066 4.14725 -0.3802583 1.014974 4.195874 0.6612911 1.951044 4.524562 0.6505016 1.984805 3.318102 0.745835 2.019336 4.484317 -0.3957441 1.991702 2.76146 -0.208049 1.052291 1.391836 -0.2610543 1.065066 4.14725 -0.3802583 1.129658 2.736656 -0.1851504 -11.01422 10.45653 0.1253519 -11.54448 10.25162 0.1641479 -11.7543 10.1449 -0.2449159 -9.64326 9.077802 1.087599 -8.936106 9.902661 1.398792 -9.797622 8.626975 1.731006 -11.0821 10.48681 1.065584 -10.79988 9.170445 0.9356308 -11.18038 9.143284 0.2693012 -11.4166 10.31666 0.472752 -11.58521 9.114386 -0.4396335 -11.54448 10.25162 0.1641479 -11.7543 10.1449 -0.2449159 -11.10766 9.16148 -1.15189 -11.47924 10.23924 -0.8052366 -10.6874 9.202927 -1.778726 -11.29301 10.28302 -1.14835 -10.89348 10.40266 -1.775872 -9.274155 8.971043 -1.912923 11.7543 10.1449 -0.2449159 11.54448 10.25162 0.1641479 11.01422 10.45653 0.1253519 9.64326 9.077802 1.087599 9.797622 8.626975 1.731006 8.936106 9.902661 1.398792 11.0821 10.48681 1.065584 10.79988 9.170445 0.9356308 11.18038 9.143284 0.2693012 11.4166 10.31666 0.472752 11.58521 9.114386 -0.4396335 11.54448 10.25162 0.1641479 11.7543 10.1449 -0.2449159 11.10766 9.16148 -1.15189 11.47924 10.23924 -0.8052366 10.6874 9.202927 -1.778726 11.29301 10.28302 -1.14835 10.89348 10.40266 -1.775872 9.274155 8.971043 -1.912923 -11.18038 9.143284 0.2693012 -11.10766 9.16148 -1.15189 -11.58521 9.114386 -0.4396335 -10.79988 9.170445 0.9356308 -10.6874 9.202927 -1.778726 -9.274155 8.971043 -1.912923 -9.64326 9.077802 1.087599 -9.181079 8.119211 1.199325 -9.797622 8.626975 1.731006 -9.868926 8.170181 1.775696 -8.128281 7.996919 1.484049 -9.489123 8.593662 2.157603 -9.496032 7.977474 2.155584 -8.263565 9.402566 1.821406 -8.128281 7.996919 1.484049 -9.496032 7.977474 2.155584 -9.489123 8.593662 2.157603 -9.274155 8.971043 -1.912923 -9.913325 10.69228 -1.840208 -10.89348 10.40266 -1.775872 -10.00659 10.75765 -0.9046009 -10.9497 10.42774 -1.091959 -11.29301 10.28302 -1.14835 -7.088135 10.81637 -1.558703 -9.259887 10.88537 -1.883099 -9.274155 8.971043 -1.912923 -6.889662 8.431107 -1.40081 -9.259887 10.88537 -1.883099 -7.088135 10.81637 -1.558703 -7.070806 10.84272 1.02565 -9.510214 10.93498 1.259569 -6.889662 8.431107 -1.40081 -9.274155 8.971043 -1.912923 -9.64326 9.077802 1.087599 -9.181079 8.119211 1.199325 -8.128281 7.996919 1.484049 -6.948443 8.286829 1.24518 -8.263565 9.402566 1.821406 -7.070806 10.84272 1.02565 -6.948443 8.286829 1.24518 -8.128281 7.996919 1.484049 -7.070806 10.84272 1.02565 -9.64326 9.077802 1.087599 -9.510214 10.93498 1.259569 -8.936106 9.902661 1.398792 -8.263565 9.402566 1.821406 -11.4166 10.31666 0.472752 -11.03263 10.46474 0.4329859 -11.0821 10.48681 1.065584 -10.09473 10.79202 0.1211441 -10.13897 10.75572 1.181975 -9.64326 9.077802 1.087599 -6.889662 8.431107 -1.40081 -6.948443 8.286829 1.24518 -6.1655 8.274247 1.371308 -6.126795 8.264909 -1.115839 -7.088135 10.81637 -1.558703 -6.311373 10.91572 -1.556638 -6.293276 10.94323 1.142064 -7.070806 10.84272 1.02565 -6.948443 8.286829 1.24518 -7.070806 10.84272 1.02565 -6.293276 10.94323 1.142064 -6.1655 8.274247 1.371308 -11.7543 10.1449 -0.2449159 -11.47924 10.23924 -0.8052366 -10.96591 10.43497 -0.7609162 -11.01422 10.45653 0.1253519 -10.00659 10.75765 -0.9046009 -11.01422 10.45653 0.1253519 -10.09473 10.79202 0.1211441 -11.01422 10.45653 0.1253519 -10.09473 10.79202 0.1211441 -11.03263 10.46474 0.4329859 -11.54448 10.25162 0.1641479 -11.4166 10.31666 0.472752 -11.18038 9.143284 0.2693012 -10.9497 10.42774 -1.091959 -10.00659 10.75765 -0.9046009 -10.96591 10.43497 -0.7609162 -11.29301 10.28302 -1.14835 -11.47924 10.23924 -0.8052366 -11.10766 9.16148 -1.15189 -8.936106 9.902661 1.398792 -8.263565 9.402566 1.821406 -9.489123 8.593662 2.157603 -9.797622 8.626975 1.731006 -9.510214 10.93498 1.259569 -9.64326 9.077802 1.087599 -10.13897 10.75572 1.181975 -10.09473 10.79202 0.1211441 -10.00659 10.75765 -0.9046009 -9.259887 10.88537 -1.883099 -9.913325 10.69228 -1.840208 -9.274155 8.971043 -1.912923 11.18038 9.143284 0.2693012 11.58521 9.114386 -0.4396335 11.10766 9.16148 -1.15189 10.79988 9.170445 0.9356308 10.6874 9.202927 -1.778726 9.274155 8.971043 -1.912923 9.64326 9.077802 1.087599 9.181079 8.119211 1.199325 9.797622 8.626975 1.731006 9.868926 8.170181 1.775696 8.128281 7.996919 1.484049 9.489123 8.593662 2.157603 9.496032 7.977474 2.155584 8.263565 9.402566 1.821406 9.489123 8.593662 2.157603 9.496032 7.977474 2.155584 8.128281 7.996919 1.484049 9.274155 8.971043 -1.912923 10.89348 10.40266 -1.775872 9.913325 10.69228 -1.840208 10.00659 10.75765 -0.9046009 10.9497 10.42774 -1.091959 11.29301 10.28302 -1.14835 7.088135 10.81637 -1.558703 6.889662 8.431107 -1.40081 9.274155 8.971043 -1.912923 9.259887 10.88537 -1.883099 9.259887 10.88537 -1.883099 9.510214 10.93498 1.259569 7.070806 10.84272 1.02565 7.088135 10.81637 -1.558703 6.889662 8.431107 -1.40081 9.64326 9.077802 1.087599 9.274155 8.971043 -1.912923 9.181079 8.119211 1.199325 8.128281 7.996919 1.484049 6.948443 8.286829 1.24518 8.263565 9.402566 1.821406 8.128281 7.996919 1.484049 6.948443 8.286829 1.24518 7.070806 10.84272 1.02565 7.070806 10.84272 1.02565 9.510214 10.93498 1.259569 9.64326 9.077802 1.087599 8.936106 9.902661 1.398792 8.263565 9.402566 1.821406 11.4166 10.31666 0.472752 11.0821 10.48681 1.065584 11.03263 10.46474 0.4329859 10.09473 10.79202 0.1211441 10.13897 10.75572 1.181975 9.64326 9.077802 1.087599 6.889662 8.431107 -1.40081 6.1655 8.274247 1.371308 6.948443 8.286829 1.24518 6.126795 8.264909 -1.115839 7.088135 10.81637 -1.558703 6.311373 10.91572 -1.556638 6.293276 10.94323 1.142064 7.070806 10.84272 1.02565 6.948443 8.286829 1.24518 6.1655 8.274247 1.371308 6.293276 10.94323 1.142064 7.070806 10.84272 1.02565 10.96591 10.43497 -0.7609162 11.47924 10.23924 -0.8052366 11.7543 10.1449 -0.2449159 11.01422 10.45653 0.1253519 10.00659 10.75765 -0.9046009 11.01422 10.45653 0.1253519 10.09473 10.79202 0.1211441 11.01422 10.45653 0.1253519 11.03263 10.46474 0.4329859 10.09473 10.79202 0.1211441 11.54448 10.25162 0.1641479 11.4166 10.31666 0.472752 11.18038 9.143284 0.2693012 10.9497 10.42774 -1.091959 10.96591 10.43497 -0.7609162 10.00659 10.75765 -0.9046009 11.29301 10.28302 -1.14835 11.47924 10.23924 -0.8052366 11.10766 9.16148 -1.15189 8.936106 9.902661 1.398792 9.797622 8.626975 1.731006 9.489123 8.593662 2.157603 8.263565 9.402566 1.821406 9.510214 10.93498 1.259569 10.13897 10.75572 1.181975 9.64326 9.077802 1.087599 10.09473 10.79202 0.1211441 10.00659 10.75765 -0.9046009 9.259887 10.88537 -1.883099 9.913325 10.69228 -1.840208 9.274155 8.971043 -1.912923 0.5630908 3.437419 -2.981244 0.5459522 3.414257 -0.03678464 -0.5459522 3.414257 -0.03678464 -0.5634888 3.437419 -2.981244 -0.7301611 2.215228 -2.649879 0.7301611 2.215228 -2.649879 -0.759082 3.182645 -2.623271 -0.5459522 3.414257 -0.03678464 -0.7783643 3.137098 0.1520312 -0.5634888 3.437419 -2.981244 -0.7301611 2.215228 -2.649879 0.7783643 3.137098 0.1520312 0.5459522 3.414257 -0.03678464 0.5630908 3.437419 -2.981244 0.7585669 3.182645 -2.623271 0.7301611 2.215228 -2.649879 -0.6972876 -1.994623 -1.152344 -0.6972876 0.8665878 -1.397296 0.6972876 0.8665878 -1.397296 0.6972876 -1.994623 -1.152343 -0.6972876 0.8665878 -2.422069 -0.6972876 -1.994623 -2.587024 0.6972876 -1.994623 -2.587024 0.6972876 0.8665878 -2.42207 0.6972876 -1.994623 -1.152343 0.6972876 0.8665878 -1.397296 0.6972876 0.8665878 -2.42207 0.6972876 -1.994623 -2.587024 -0.6972876 -1.994623 -2.587024 -0.6972876 0.8665878 -2.422069 -0.6972876 0.8665878 -1.397296 -0.6972876 -1.994623 -1.152344 0.6972876 -1.994623 -1.152343 -1.271531 -2.469623 -0.6752954 -0.6972876 -1.994623 -1.152344 1.271531 -2.469623 -0.6752942 -1.37855 -2.822753 -0.5518592 1.378553 -2.822753 -0.5518592 0.6972876 -1.994623 -2.587024 1.271531 -2.469623 -0.6752942 0.6972876 -1.994623 -1.152343 1.271531 -2.469623 -3.036248 1.378553 -2.822753 -0.5518592 1.378553 -2.822753 -3.159683 -0.6972876 -1.994623 -2.587024 1.271531 -2.469623 -3.036248 0.6972876 -1.994623 -2.587024 -1.271531 -2.469623 -3.036247 1.378553 -2.822753 -3.159683 -1.37855 -2.822753 -3.159683 -0.6972876 -1.994623 -1.152344 -1.271531 -2.469623 -3.036247 -0.6972876 -1.994623 -2.587024 -1.271531 -2.469623 -0.6752954 -1.37855 -2.822753 -3.159683 -1.37855 -2.822753 -0.5518592 1.378553 -2.822753 -0.5518592 1.378553 -3.549623 -0.5518592 -1.37855 -3.549623 -0.5518592 -1.37855 -2.822753 -0.5518592 1.378553 -2.822753 -3.159683 1.378553 -3.549623 -3.159683 1.378553 -3.549623 -0.5518592 1.378553 -2.822753 -0.5518592 -1.37855 -2.822753 -3.159683 -1.37855 -3.549623 -3.159683 1.378553 -3.549623 -3.159683 1.378553 -2.822753 -3.159683 -1.37855 -2.822753 -0.5518592 -1.37855 -3.549623 -0.5518592 -1.37855 -3.549623 -3.159683 -1.37855 -2.822753 -3.159683 1.378553 -3.549623 -0.5518592 1.378553 -3.549623 -3.159683 -1.37855 -3.549623 -3.159683 -1.37855 -3.549623 -0.5518592 -1.455427 0.6375192 1.064631 -1.423288 2.258023 0.2114807 -1.42459 2.257327 1.064631 -1.468941 0.6368228 0.2114807 -0.7855121 -0.2468336 1.064631 -0.7536084 -0.2468336 0.2114807 0.7855108 -0.2468336 1.064631 -0.7536084 -0.2468336 0.2114807 0.7535028 -0.2468336 0.2114807 1.455428 0.6375192 1.064631 1.468941 0.6368231 0.2114807 0.7535028 -0.2468336 0.2114807 0.7855108 -0.2468336 1.064631 1.424588 2.257327 1.064631 1.423287 2.258023 0.2114807 1.468941 0.6368231 0.2114807 1.455428 0.6375192 1.064631 -1.150233 2.965035 2.814631 -0.7280011 3.32168 2.814631 0.7280011 3.32168 2.814631 1.150233 2.965034 2.814631 -1.408935 2.257327 2.814631 1.408934 2.257327 2.814631 1.455428 0.6375192 2.814631 -1.455427 0.6375192 2.814631 -0.7855121 -0.2468336 2.814631 0.7855108 -0.2468336 2.814631 -1.468554 0.634234 -2.794 -0.634975 -0.2468336 -2.794 0.6344855 -0.2468336 -2.794 1.468555 0.6342346 -2.794 -1.402858 2.260612 -2.794 1.402859 2.260612 -2.794 1.141757 2.965581 -2.794 -1.142408 2.965484 -2.794 -0.7214508 3.32168 -2.794 0.7208679 3.32168 -2.794 -1.150233 2.965035 1.064631 -1.148574 2.96513 0.2114807 -0.7266132 3.32168 0.2114807 -0.7280011 3.32168 1.064631 0.7280011 3.32168 1.064631 0.7264899 3.32168 0.2114807 1.148436 2.96515 0.2114807 1.150233 2.965034 1.064631 -1.148574 2.96513 0.2114807 -1.150233 2.965035 1.064631 -1.42459 2.257327 1.064631 -1.423288 2.258023 0.2114807 1.423287 2.258023 0.2114807 1.424588 2.257327 1.064631 1.150233 2.965034 1.064631 1.148436 2.96515 0.2114807 0.9176544 2.006679 2.867247 0.9195709 0.9933218 2.867252 0.4850214 0.5693662 2.867247 0.4850214 2.430634 2.867252 -0.4850214 0.5693662 2.867247 -0.4850214 2.430634 2.867252 -0.917655 2.006679 2.867247 -0.4850214 2.430634 2.867252 -0.4850214 0.5693662 2.867247 -0.9195715 0.9933218 2.867252 1.150233 2.965034 2.035789 1.150233 2.965034 2.814631 0.7280011 3.32168 2.814631 0.7280011 3.32168 2.035789 -0.7280011 3.32168 2.814631 -0.7280011 3.32168 2.035789 -1.150233 2.965035 2.814631 -1.150233 2.965035 2.035789 1.4159 2.257327 2.035789 1.150233 2.965034 2.814631 1.150233 2.965034 2.035789 1.408934 2.257327 2.814631 1.455428 0.6375192 2.035789 1.455428 0.6375192 2.814631 0.7855108 -0.2468336 2.035789 0.7855108 -0.2468336 2.814631 -0.7855121 -0.2468336 2.035789 -0.7855121 -0.2468336 2.814631 -1.455427 0.6375192 2.035789 -1.455427 0.6375192 2.814631 -1.415903 2.257327 2.035789 -1.408935 2.257327 2.814631 -1.150233 2.965035 2.035789 -1.150233 2.965035 2.814631 -1.468941 0.6368228 0.2114807 -1.402858 2.260612 -2.794 -1.423288 2.258023 0.2114807 -1.468554 0.634234 -2.794 -0.7536084 -0.2468336 0.2114807 -0.634975 -0.2468336 -2.794 0.7535028 -0.2468336 0.2114807 0.6344855 -0.2468336 -2.794 1.468941 0.6368231 0.2114807 1.468555 0.6342346 -2.794 1.423287 2.258023 0.2114807 1.402859 2.260612 -2.794 1.141757 2.965581 -2.794 1.402859 2.260612 -2.794 1.423287 2.258023 0.2114807 1.148436 2.96515 0.2114807 0.7264899 3.32168 0.2114807 1.141757 2.965581 -2.794 1.148436 2.96515 0.2114807 0.7208679 3.32168 -2.794 -0.7266132 3.32168 0.2114807 -0.7214508 3.32168 -2.794 -1.148574 2.96513 0.2114807 -1.142408 2.965484 -2.794 -1.402858 2.260612 -2.794 -1.142408 2.965484 -2.794 -1.148574 2.96513 0.2114807 -1.423288 2.258023 0.2114807 0.5459522 3.414257 -0.03678464 0.7783643 3.137098 0.1520312 -0.7783643 3.137098 0.1520312 -0.5459522 3.414257 -0.03678464 -1.150233 2.965035 1.064631 -1.150233 2.965035 2.035789 -1.415903 2.257327 2.035789 -1.42459 2.257327 1.064631 -1.455427 0.6375192 2.035789 -1.455427 0.6375192 1.064631 -0.7855121 -0.2468336 2.035789 -0.7855121 -0.2468336 1.064631 0.7855108 -0.2468336 2.035789 0.7855108 -0.2468336 1.064631 1.455428 0.6375192 2.035789 1.455428 0.6375192 1.064631 1.4159 2.257327 2.035789 1.424588 2.257327 1.064631 1.150233 2.965034 2.035789 1.150233 2.965034 1.064631 1.150233 2.965034 1.064631 1.150233 2.965034 2.035789 0.7280011 3.32168 2.035789 0.7280011 3.32168 1.064631 -0.7280011 3.32168 2.035789 -0.7280011 3.32168 1.064631 -1.150233 2.965035 2.035789 -1.150233 2.965035 1.064631 0.5630908 3.437419 -2.981244 0.5459522 3.414257 -0.03678464 -0.5459522 3.414257 -0.03678464 -0.5634888 3.437419 -2.981244 -0.7301611 2.215228 -2.649879 0.7301611 2.215228 -2.649879 -0.759082 3.182645 -2.623271 -0.5459522 3.414257 -0.03678464 -0.7783643 3.137098 0.1520312 -0.5634888 3.437419 -2.981244 -0.7301611 2.215228 -2.649879 0.7783643 3.137098 0.1520312 0.5459522 3.414257 -0.03678464 0.5630908 3.437419 -2.981244 0.7585669 3.182645 -2.623271 0.7301611 2.215228 -2.649879 -0.6972876 -1.994623 -1.152344 -0.6972876 0.8665878 -1.397296 0.6972876 0.8665878 -1.397296 0.6972876 -1.994623 -1.152343 -0.6972876 0.8665878 -2.422069 -0.6972876 -1.994623 -2.587024 0.6972876 -1.994623 -2.587024 0.6972876 0.8665878 -2.42207 0.6972876 -1.994623 -1.152343 0.6972876 0.8665878 -1.397296 0.6972876 0.8665878 -2.42207 0.6972876 -1.994623 -2.587024 -0.6972876 -1.994623 -2.587024 -0.6972876 0.8665878 -2.422069 -0.6972876 0.8665878 -1.397296 -0.6972876 -1.994623 -1.152344 0.6972876 -1.994623 -1.152343 -1.271531 -2.469623 -0.6752954 -0.6972876 -1.994623 -1.152344 1.271531 -2.469623 -0.6752942 -1.37855 -2.822753 -0.5518592 1.378552 -2.822753 -0.5518592 0.6972876 -1.994623 -2.587024 1.271531 -2.469623 -0.6752942 0.6972876 -1.994623 -1.152343 1.271531 -2.469623 -3.036248 1.378552 -2.822753 -0.5518592 1.378552 -2.822753 -3.159683 -0.6972876 -1.994623 -2.587024 1.271531 -2.469623 -3.036248 0.6972876 -1.994623 -2.587024 -1.271531 -2.469623 -3.036247 1.378552 -2.822753 -3.159683 -1.37855 -2.822753 -3.159683 -0.6972876 -1.994623 -1.152344 -1.271531 -2.469623 -3.036247 -0.6972876 -1.994623 -2.587024 -1.271531 -2.469623 -0.6752954 -1.37855 -2.822753 -3.159683 -1.37855 -2.822753 -0.5518592 1.378552 -2.822753 -0.5518592 1.378552 -3.549623 -0.5518592 -1.37855 -3.549623 -0.5518592 -1.37855 -2.822753 -0.5518592 1.378552 -2.822753 -3.159683 1.378552 -3.549623 -3.159683 1.378552 -3.549623 -0.5518592 1.378552 -2.822753 -0.5518592 -1.37855 -2.822753 -3.159683 -1.37855 -3.549623 -3.159683 1.378552 -3.549623 -3.159683 1.378552 -2.822753 -3.159683 -1.37855 -2.822753 -0.5518592 -1.37855 -3.549623 -0.5518592 -1.37855 -3.549623 -3.159683 -1.37855 -2.822753 -3.159683 1.378552 -3.549623 -0.5518592 1.378552 -3.549623 -3.159683 -1.37855 -3.549623 -3.159683 -1.37855 -3.549623 -0.5518592 -1.455427 0.6375192 1.06463 -1.423288 2.258023 0.2114807 -1.42459 2.257327 1.06463 -1.468941 0.6368228 0.2114807 -0.7855121 -0.2468336 1.06463 -0.7536084 -0.2468336 0.2114807 0.7855108 -0.2468336 1.06463 -0.7536084 -0.2468336 0.2114807 0.7535028 -0.2468336 0.2114807 1.455427 0.6375192 1.06463 1.468942 0.6368231 0.2114807 0.7535028 -0.2468336 0.2114807 0.7855108 -0.2468336 1.06463 1.424588 2.257327 1.06463 1.423286 2.258023 0.2114807 1.468942 0.6368231 0.2114807 1.455427 0.6375192 1.06463 -1.150233 2.965035 2.81463 -0.7280011 3.32168 2.81463 0.7280011 3.32168 2.81463 1.150233 2.965034 2.81463 -1.408935 2.257327 2.81463 1.408933 2.257327 2.81463 1.455427 0.6375192 2.81463 -1.455427 0.6375192 2.81463 -0.7855121 -0.2468336 2.81463 0.7855108 -0.2468336 2.81463 -1.468554 0.634234 -2.794 -0.634975 -0.2468336 -2.794 0.6344855 -0.2468336 -2.794 1.468555 0.6342346 -2.794 -1.402858 2.260612 -2.794 1.402859 2.260612 -2.794 1.141757 2.965581 -2.794 -1.142408 2.965484 -2.794 -0.7214508 3.32168 -2.794 0.7208679 3.32168 -2.794 -1.150233 2.965035 1.06463 -1.148575 2.96513 0.2114807 -0.7266132 3.32168 0.2114807 -0.7280011 3.32168 1.06463 0.7280011 3.32168 1.06463 0.7264899 3.32168 0.2114807 1.148436 2.96515 0.2114807 1.150233 2.965034 1.06463 -1.148575 2.96513 0.2114807 -1.150233 2.965035 1.06463 -1.42459 2.257327 1.06463 -1.423288 2.258023 0.2114807 1.423286 2.258023 0.2114807 1.424588 2.257327 1.06463 1.150233 2.965034 1.06463 1.148436 2.96515 0.2114807 0.917655 2.006679 2.867247 0.9195715 0.9933218 2.867252 0.4850214 0.5693662 2.867247 0.4850214 2.430634 2.867252 -0.4850214 0.5693662 2.867247 -0.4850214 2.430634 2.867252 -0.9176544 2.006679 2.867247 -0.4850214 2.430634 2.867252 -0.4850214 0.5693662 2.867247 -0.9195709 0.9933218 2.867252 1.150233 2.965034 2.035787 1.150233 2.965034 2.81463 0.7280011 3.32168 2.81463 0.7280011 3.32168 2.035787 -0.7280011 3.32168 2.81463 -0.7280011 3.32168 2.035787 -1.150233 2.965035 2.81463 -1.150233 2.965035 2.035787 1.4159 2.257327 2.035787 1.150233 2.965034 2.81463 1.150233 2.965034 2.035787 1.408933 2.257327 2.81463 1.455427 0.6375192 2.035787 1.455427 0.6375192 2.81463 0.7855108 -0.2468336 2.035787 0.7855108 -0.2468336 2.81463 -0.7855121 -0.2468336 2.035787 -0.7855121 -0.2468336 2.81463 -1.455427 0.6375192 2.035787 -1.455427 0.6375192 2.81463 -1.415903 2.257327 2.035787 -1.408935 2.257327 2.81463 -1.150233 2.965035 2.035787 -1.150233 2.965035 2.81463 -1.468941 0.6368228 0.2114807 -1.402858 2.260612 -2.794 -1.423288 2.258023 0.2114807 -1.468554 0.634234 -2.794 -0.7536084 -0.2468336 0.2114807 -0.634975 -0.2468336 -2.794 0.7535028 -0.2468336 0.2114807 0.6344855 -0.2468336 -2.794 1.468942 0.6368231 0.2114807 1.468555 0.6342346 -2.794 1.423286 2.258023 0.2114807 1.402859 2.260612 -2.794 1.141757 2.965581 -2.794 1.402859 2.260612 -2.794 1.423286 2.258023 0.2114807 1.148436 2.96515 0.2114807 0.7264899 3.32168 0.2114807 1.141757 2.965581 -2.794 1.148436 2.96515 0.2114807 0.7208679 3.32168 -2.794 -0.7266132 3.32168 0.2114807 -0.7214508 3.32168 -2.794 -1.148575 2.96513 0.2114807 -1.142408 2.965484 -2.794 -1.402858 2.260612 -2.794 -1.142408 2.965484 -2.794 -1.148575 2.96513 0.2114807 -1.423288 2.258023 0.2114807 0.5459522 3.414257 -0.03678464 0.7783643 3.137098 0.1520312 -0.7783643 3.137098 0.1520312 -0.5459522 3.414257 -0.03678464 -1.150233 2.965035 1.06463 -1.150233 2.965035 2.035787 -1.415903 2.257327 2.035787 -1.42459 2.257327 1.06463 -1.455427 0.6375192 2.035787 -1.455427 0.6375192 1.06463 -0.7855121 -0.2468336 2.035787 -0.7855121 -0.2468336 1.06463 0.7855108 -0.2468336 2.035787 0.7855108 -0.2468336 1.06463 1.455427 0.6375192 2.035787 1.455427 0.6375192 1.06463 1.4159 2.257327 2.035787 1.424588 2.257327 1.06463 1.150233 2.965034 2.035787 1.150233 2.965034 1.06463 1.150233 2.965034 1.06463 1.150233 2.965034 2.035787 0.7280011 3.32168 2.035787 0.7280011 3.32168 1.06463 -0.7280011 3.32168 2.035787 -0.7280011 3.32168 1.06463 -1.150233 2.965035 2.035787 -1.150233 2.965035 1.06463 -5.170777 17.61037 3.734037 -4.242768 20.64897 3.060621 -5.003986 17.64844 3.58315 -4.27979 20.70386 3.33354 -4.516876 20.68784 2.99429 -5.342665 17.62504 3.170757 -3.098536 21.78139 2.229442 -3.125937 21.93691 2.485082 0 23.1224 -0.2829433 -3.299249 21.9254 2.236964 -0.1377035 23.36111 -0.2361184 0 23.40346 -0.003297507 -2.206766 22.01919 -2.603881 -2.67029e-7 23.32077 -0.425751 3.125937 21.93691 2.485082 0.1377032 23.36112 -0.2358613 -2.040781 21.92351 -2.623915 -1.96509 22.01101 -2.780446 1.965089 22.01101 -2.780446 -2.769595 20.59413 -4.211433 -3.100518 20.60533 -3.970077 -2.874404 20.54662 -3.882131 -3.578623 17.41521 -4.400506 -3.178521 17.42705 -4.551937 3.098536 21.78139 2.229442 3.299249 21.9254 2.236964 4.516876 20.68784 2.99429 2.206766 22.01919 -2.603881 4.27979 20.70386 3.33354 4.242768 20.64897 3.060621 5.342665 17.62504 3.170757 5.170777 17.61037 3.734037 5.003986 17.64844 3.58315 2.040781 21.92351 -2.623915 2.769594 20.59413 -4.211433 3.100517 20.60533 -3.970076 2.874404 20.54662 -3.882131 3.230714 17.36693 -4.588402 3.578622 17.41521 -4.400508 -4.283557 20.46713 3.111228 -5.17903 17.41521 3.761828 -5.998246 17.45003 0.6420206 -5.364768 20.76712 0.2915521 -5.179031 17.27936 -2.435639 -4.253558 20.78712 -2.235554 -2.889866 20.78712 -3.87289 -3.578623 17.41521 -4.400506 -6.10352e-7 17.41521 -5.60926 -5.34058e-7 20.78712 -4.570226 3.578622 17.41521 -4.400508 2.889865 20.78712 -3.87289 4.253557 20.78712 -2.235555 5.17903 17.31444 -2.413801 5.364768 20.76712 0.2915515 5.998246 17.41853 0.6536981 5.17903 17.41521 3.761827 4.283557 20.46713 3.111227 -3.27065 17.41521 5.407857 -5.17903 17.41521 3.761828 -4.283557 20.46713 3.111228 -2.738367 20.46713 4.493385 1.52588e-7 17.49711 6.564728 2.28882e-7 20.61483 5.299218 3.27065 17.41521 5.407857 2.738367 20.46713 4.493385 5.17903 17.41521 3.761827 4.283557 20.46713 3.111227 -3.016083 21.91464 2.144896 -2.738367 20.46713 4.493385 -4.283557 20.46713 3.111228 -1.978067 21.91464 3.149009 0 23.28257 -0.05717617 0 21.91464 3.991356 2.28882e-7 20.61483 5.299218 2.738367 20.46713 4.493385 1.978067 21.91464 3.149009 3.016082 21.91464 2.144896 4.283557 20.46713 3.111227 3.016082 21.91464 2.144896 5.364768 20.76712 0.2915515 4.283557 20.46713 3.111227 3.728083 21.91463 -0.009486675 0 23.28257 -0.05717617 4.253557 20.78712 -2.235555 3.016083 21.91463 -2.153921 0 23.28257 -0.05717617 1.999062 21.91463 -2.732317 0 23.28257 -0.05717617 2.889865 20.78712 -3.87289 -3.05176e-7 21.91463 -3.310714 -5.34058e-7 20.78712 -4.570226 -1.999062 21.91463 -2.732317 -2.889866 20.78712 -3.87289 0 23.28257 -0.05717617 -4.253558 20.78712 -2.235554 -3.016083 21.91463 -2.153921 -5.364768 20.76712 0.2915521 -3.728083 21.91463 -0.009486675 0 23.28257 -0.05717617 -4.283557 20.46713 3.111228 -3.016083 21.91464 2.144896 0 23.28257 -0.05717617 5.342665 17.47094 3.475971 4.631061 17.22515 5.386468 4.468768 17.61992 5.383808 3.150675 17.72197 6.914651 3.304975 17.35764 6.992104 1.097645 17.89401 7.925245 1.150284 17.42032 7.986712 -1.131046 17.8904 7.899229 -1.189281 17.41803 7.969805 -3.167617 17.71475 6.862621 -3.327641 17.35305 6.958296 -4.47666 17.61093 5.32843 -4.640682 17.21901 5.348699 -5.342665 17.47094 3.475971 -4.640682 17.21901 5.348699 5.342665 17.47094 3.475971 -5.342665 17.47094 3.475971 4.631061 17.22515 5.386468 -3.327641 17.35305 6.958296 3.304975 17.35764 6.992104 1.150284 17.42032 7.986712 -1.189281 17.41803 7.969805 -5.342665 17.47094 3.475971 -4.33 18.01489 4.673275 -4.47666 17.61093 5.32843 -3.167617 17.71475 6.862621 -3.134356 18.3927 5.544436 -0.7991819 18.70685 6.496338 -1.131046 17.8904 7.899229 0.7594423 18.71121 6.515563 1.097645 17.89401 7.925245 3.100141 18.40143 5.582885 3.150675 17.72197 6.914651 4.468768 17.61992 5.383808 4.302413 18.02511 4.718679 5.342665 17.47094 3.475971 -4.33 18.01489 4.673275 -5.342665 17.47094 3.475971 5.342665 17.47094 3.475971 4.302413 18.02511 4.718679 3.100141 18.40143 5.582885 -3.134356 18.3927 5.544436 -0.7991819 18.70685 6.496338 0.7594423 18.71121 6.515563 -3.27065 17.41521 5.407857 1.52588e-7 17.49711 6.564728 3.27065 17.41521 5.407857 -2.11928e-7 17.19965 -0.9145718 -5.17903 17.41521 3.761828 5.17903 17.41521 3.761827 -5.998246 17.45003 0.6420206 5.998246 17.41853 0.6536981 -5.179031 17.27936 -2.435639 5.17903 17.31444 -2.413801 -3.578623 17.41521 -4.400506 3.578622 17.41521 -4.400508 -6.10352e-7 17.41521 -5.60926 5.491019 15.9293 -1.568487 6.779268 15.49622 -1.252987 6.779268 16.51531 1.358205 5.491019 17.04761 1.296943 6.074137 14.861 3.5083 4.960651 15.17491 3.678751 4.960651 15.17491 3.678751 6.074137 14.861 3.5083 5.369005 12.1876 3.047203 4.430282 12.1839 3.19513 5.369004 11.16852 0.4360119 4.430282 11.06559 0.3296999 6.074137 12.82283 -1.714083 4.960651 12.93829 -2.052108 4.960651 12.93829 -2.052108 6.779268 15.49622 -1.252987 5.491019 15.9293 -1.568487 4.960651 15.17491 3.678751 5.491019 15.9293 -1.568487 5.491019 17.04761 1.296943 6.779268 16.51531 1.358205 7.339422 14.20475 2.492701 6.074137 14.861 3.5083 7.618461 15.19002 1.239574 6.779268 15.49622 -1.252987 7.501769 13.59647 0.9928972 7.618462 14.60165 -0.2679984 6.074137 12.82283 -1.714083 7.618462 14.60165 -0.2679984 6.779268 15.49622 -1.252987 7.339422 13.02801 -0.5224433 5.369004 11.16852 0.4360119 7.501769 13.59647 0.9928972 7.060381 12.04274 0.7306836 5.369005 12.1876 3.047203 7.060381 12.63111 2.238256 7.339422 14.20475 2.492701 6.074137 14.861 3.5083 -5.491019 15.9293 -1.56849 -6.779269 16.51531 1.358202 -6.779268 15.49622 -1.25299 -5.491019 17.04761 1.296939 -6.074137 14.861 3.508296 -4.960651 15.17491 3.678747 -4.960651 15.17491 3.678747 -5.369005 12.1876 3.0472 -6.074137 14.861 3.508296 -4.430282 12.1839 3.195126 -5.369004 11.16852 0.4360082 -4.430282 11.06559 0.3296962 -6.074137 12.82283 -1.714086 -4.960651 12.93829 -2.052111 -4.960651 12.93829 -2.052111 -6.779268 15.49622 -1.25299 -5.491019 15.9293 -1.56849 -4.960651 15.17491 3.678747 -5.491019 15.9293 -1.56849 -5.491019 17.04761 1.296939 -6.779269 16.51531 1.358202 -6.074137 14.861 3.508296 -7.339422 14.20475 2.492697 -7.618462 15.19002 1.23957 -6.779268 15.49622 -1.25299 -7.501769 13.59647 0.9928935 -7.618462 14.60165 -0.268002 -6.074137 12.82283 -1.714086 -6.779268 15.49622 -1.25299 -7.618462 14.60165 -0.268002 -7.339422 13.02801 -0.522447 -5.369004 11.16852 0.4360082 -7.501769 13.59647 0.9928935 -7.060381 12.04274 0.7306799 -5.369005 12.1876 3.0472 -7.060381 12.63111 2.238252 -7.339422 14.20475 2.492697 -6.074137 14.861 3.508296 -0.009425878 23.41103 -0.7967458 0.5576283 23.39934 -0.53908 0.03689038 23.7775 -0.1383401 -0.5216832 23.39709 -0.6105281 0.7695869 23.37382 -0.05910605 -0.7907771 23.37064 -0.1601487 0.4981378 23.46865 0.4257396 -0.5811738 23.4664 0.3542907 -0.01403206 23.50832 0.6088333 0.02660024 22.72866 -1.096968 0.8643352 22.62709 -0.9072399 0.5576283 23.39934 -0.53908 -0.009425878 23.41103 -0.7967458 0.7695869 23.37382 -0.05910605 -0.7670481 22.62377 -1.012651 1.167677 22.37595 -0.03995746 -0.5216832 23.39709 -0.6105281 0.4981378 23.46865 0.4257396 -1.173436 22.37125 -0.1890314 0.76126 22.40653 0.7751702 -0.7907771 23.37064 -0.1601487 -0.01403206 23.50832 0.6088333 -0.8701233 22.40321 0.6697574 -0.03361696 22.41689 1.050629 -0.5811738 23.4664 0.3542907 -4.71853 17.79901 3.365966 -5.687595 15.48594 1.18534 -5.585137 17.78805 1.020735 -4.792591 15.47777 3.415359 -1.439286 17.75575 4.907561 -4.338393 12.94179 3.399902 -5.262603 12.97063 1.486615 -1.428023 15.43399 4.81674 1.439286 17.75575 4.907561 -1.244257 12.90112 4.617908 1.428023 15.43399 4.81674 4.71853 17.79901 3.365966 -3.559064 11.65494 2.785722 -3.141288 11.4255 0.4596916 4.792591 15.47777 3.415359 5.585137 17.78805 1.020735 5.687595 15.48594 1.18534 1.244257 12.90112 4.617908 4.338393 12.94179 3.399902 5.262603 12.97063 1.486615 -3.227403 12.02812 3.447853 -1.404052 11.45172 4.051164 3.559064 11.65494 2.785722 3.141288 11.4255 0.4596916 -1.410441 11.00767 3.265981 3.227403 12.02812 3.447853 1.404052 11.45172 4.051164 1.410441 11.00767 3.265981 -2.631589 11.96996 -1.108914 -4.989209 13.47633 -1.377829 -5.262603 12.97063 1.486615 -5.417932 15.74411 -1.723545 -5.687595 15.48594 1.18534 -5.585137 17.78805 1.020735 -5.238266 17.80533 -1.708589 -4.055552 15.77221 -3.584519 -4.050577 17.66646 -3.369531 -3.681875 13.68871 -3.124401 -1.536119 15.68009 -4.917831 -1.462665 17.57208 -4.943027 -1.482104 13.60688 -4.25802 2.631589 11.96996 -1.108914 1.536119 15.68009 -4.917831 1.462665 17.57208 -4.943027 1.482104 13.60688 -4.25802 4.989209 13.47633 -1.377829 5.262603 12.97063 1.486615 3.681875 13.68871 -3.124401 4.055552 15.77221 -3.584519 4.050577 17.66646 -3.369531 5.417932 15.74411 -1.723545 5.687595 15.48594 1.18534 5.238266 17.80533 -1.708589 5.585137 17.78805 1.020735 -5.312577 16.69926 5.422627 -4.310512 16.2554 5.455663 -4.809655 14.9207 5.438337 -3.11834 15.79384 5.527998 -4.183635 13.95346 5.703511 -4.310512 16.2554 5.455663 -2.914673 13.17449 5.981276 -1.696174 15.2444 5.557984 -0.8869153 14.904 5.557123 -1.978843 13.04181 5.955602 -1.696174 15.2444 5.557984 -2.914673 13.17449 5.981276 -3.753741 13.59188 5.846029 -2.445745 15.53017 5.537209 -3.753741 13.59188 5.846029 -4.183635 13.95346 5.703511 -3.11834 15.79384 5.527998 -2.445745 15.53017 5.537209 2.488041 15.60325 5.554798 1.230134 13.20887 5.789317 0.7084534 13.46013 5.644773 1.58376 15.26086 5.581114 4.359922 16.34035 5.430967 2.914674 13.17475 5.981376 1.978843 13.04768 5.957862 3.372112 15.9412 5.540412 3.372112 15.9412 5.540412 1.978843 13.04768 5.957862 1.230134 13.20887 5.789317 2.488041 15.60325 5.554798 4.763709 14.87657 5.45574 4.359922 16.34035 5.430967 5.312578 16.7474 5.445569 2.914674 13.17475 5.981376 3.819744 13.61369 5.845795 -0.4086628 14.06648 5.717132 -0.9816443 13.27203 5.720989 -1.978843 13.04181 5.955602 -0.8869153 14.904 5.557123 -0.04520261 14.692 5.555933 -0.04840403 14.33487 5.73972 0.2862434 14.11509 5.718307 1.58376 15.26086 5.581114 0.7084534 13.46013 5.644773 -2.914673 13.17449 5.981276 -2.007596 12.17982 5.871988 -2.839631 12.72629 5.964701 -1.978843 13.04181 5.955602 -1.098078 12.2919 5.757935 -0.9816443 13.27203 5.720989 -0.03177535 13.10196 5.482392 -0.4086628 14.06648 5.717132 -0.04840403 14.33487 5.73972 0.2862434 14.11509 5.718307 0.6123776 12.57828 5.612192 0.7084534 13.46013 5.644773 1.779391 12.17948 5.889863 1.230134 13.20887 5.789317 1.978843 13.04768 5.957862 2.761012 12.68609 5.945971 2.914674 13.17475 5.981376 -4.310512 16.2554 5.455663 -5.312577 16.69926 5.422627 -5.116048 17.40495 5.551491 -3.11834 15.79384 5.527998 -2.541707 16.2726 5.483816 -2.445745 15.53017 5.537209 -1.696174 15.2444 5.557984 -1.063993 15.62928 5.461385 -0.8869153 14.904 5.557123 -0.09005737 15.28412 5.498054 -0.04520261 14.692 5.555933 1.58376 15.26086 5.581114 2.736594 16.38 5.463316 2.488041 15.60325 5.554798 3.372112 15.9412 5.540412 4.359922 16.34035 5.430967 5.066942 17.50072 5.537494 5.312578 16.7474 5.445569 -4.183635 13.95346 5.703511 -3.807462 12.97629 3.314812 -4.563517 14.24897 3.003769 -4.809655 14.9207 5.438337 -3.753741 13.59188 5.846029 -5.133639 16.46124 2.975424 -3.506438 12.56362 3.453798 -5.312577 16.69926 5.422627 -2.914673 13.17449 5.981276 -4.99123 17.22519 3.104873 -2.892985 12.49216 3.544027 -5.116048 17.40495 5.551491 -2.839631 12.72629 5.964701 -2.632372 15.74835 3.024568 -3.017506 12.48144 3.511198 -2.541707 16.2726 5.483816 -2.007596 12.17982 5.871988 -1.164597 14.84988 3.01531 -2.315123 12.0053 3.433714 -1.063993 15.62928 5.461385 -1.098078 12.2919 5.757935 -0.05084687 14.45149 3.057439 -1.692827 12.07123 3.37452 -0.09005737 15.28412 5.498054 -0.03177535 13.10196 5.482392 2.81488 15.79157 3.009202 -0.0630933 12.92296 3.146859 2.736594 16.38 5.463316 0.6123776 12.57828 5.612192 5.043444 17.2547 3.077139 1.330158 12.36138 3.250904 5.066942 17.50072 5.537494 1.779391 12.17948 5.889863 5.296524 16.43803 2.984572 2.180608 11.94528 3.47239 5.312578 16.7474 5.445569 2.761012 12.68609 5.945971 4.522556 14.2158 3.028349 2.854724 12.46752 3.487357 4.763709 14.87657 5.45574 2.914674 13.17475 5.981376 3.406023 12.85591 3.430633 2.796639 12.70796 3.526829 3.819744 13.61369 5.845795 5.674661 3.144693 -8.601547 5.714538 2.424135 -10.00514 4.532605 2.523582 -9.295475 3.874126 2.827071 -11.78549 3.378525 2.834459 -10.61036 2.123221 3.046813 -10.35946 5.778447 3.455939 -9.985172 5.674661 3.144693 -8.601547 1.714922 3.042753 -11.6055 1.031461 3.290011 -9.465655 4.039578 3.893605 -11.82078 0.1404426 3.277201 -10.26668 0.08418351 3.870115 -7.064664 1.813756 4.113256 -11.65836 3.518524 3.901345 -10.58453 4.60108 3.548506 -9.27387 5.674661 3.144693 -8.601547 -1.063952 3.838957 -7.306532 0.02017557 4.285072 -10.36946 2.070318 4.117325 -10.45309 -0.899348 4.705506 -3.542478 0.227222 4.703858 -3.529049 0.5174878 5.522132 -1.216946 -0.7585769 5.528863 -1.190996 -1.105533 5.854085 -3.55321 -0.6896713 7.038597 -1.202863 -1.034367 4.816926 -7.372505 0.1152912 5.853037 -3.599615 0.5868533 7.035276 -1.232351 0.8224324 4.297884 -9.568449 2.123221 3.046813 -10.35946 3.378525 2.834459 -10.61036 4.532605 2.523582 -9.295475 5.674661 3.144693 -8.601547 1.031461 3.290011 -9.465655 0.08418351 3.870115 -7.064664 0.1130385 4.848086 -7.130668 0.227222 4.703858 -3.529049 0.5174878 5.522132 -1.216946</float_array>
          <technique_common>
            <accessor source="#FlatSkin_EngineerMonkey_DoubleGun-mesh-positions-array" count="1303" stride="3">
              <param name="X" type="float"/>
              <param name="Y" type="float"/>
              <param name="Z" type="float"/>
            </accessor>
          </technique_common>
        </source>
        <source id="FlatSkin_EngineerMonkey_DoubleGun-mesh-normals">
          <float_array id="FlatSkin_EngineerMonkey_DoubleGun-mesh-normals-array" count="3681">0.8878289 -0.1264861 0.442449 0.73043 -0.1085171 0.6743117 -0.1443057 -0.7348269 0.6627258 6.94245e-5 -0.2242889 0.9745228 -3.08281e-6 0.1669903 0.9859585 0.7597815 0.2091637 0.6156155 0.143684 -0.7396054 0.6575247 0.4927331 -0.2127132 0.8437815 -0.7298716 -0.1068205 0.6751865 -0.8855895 -0.1230261 0.4478793 -0.7597815 0.2091641 0.6156156 -0.4927045 -0.2127259 0.843795 0 0.1997913 0.9798384 0.1213712 0.6383592 0.7601097 -0.1213711 0.6383591 0.7601097 -3.47048e-5 0.6636677 0.7480275 0.2295594 -0.00417906 -0.9732857 0.492725 -0.2127667 0.8437728 0.7597787 0.2091729 0.615616 0.9711293 0.194506 -0.1381134 0.7304428 -0.1085199 0.6742973 0.962932 -0.1417723 -0.2294833 0.8503991 -0.3099176 -0.4251734 0.8878321 -0.1264464 0.442454 -0.04257947 -0.7388834 -0.6724867 0.2310014 -0.3986483 -0.8875347 0.2099167 0.2220193 -0.9521777 -0.2295328 -0.3990046 -0.8877557 0.04207015 -0.7344726 -0.6773331 -0.1442527 -0.734831 0.6627327 0.1436899 -0.7395988 0.6575309 -0.2098963 0.222009 -0.9521847 -0.2295827 -0.004200816 -0.9732801 -0.1142409 0.6012693 -0.7908378 0.1142489 0.6012817 -0.7908272 2.92063e-6 0.9382782 -0.3458817 0.1213184 0.6383611 0.7601165 -1.30907e-5 0.6636694 0.748026 -0.492725 -0.212767 0.8437727 -0.2295864 -0.004239201 -0.9732791 -0.7597789 0.209172 0.6156161 -0.9711299 0.1945026 -0.138114 -0.2099081 0.2220041 -0.9521833 -0.2295143 -0.3990122 -0.887757 -0.7298797 -0.1068126 0.6751791 -0.963914 -0.1371277 -0.2281795 0.04203468 -0.7344864 -0.6773204 -0.8565333 -0.3031898 -0.4176444 -0.8855929 -0.1229913 0.4478822 8.14348e-6 0.9382888 -0.3458531 -0.1142665 0.6012724 -0.7908318 -0.1213185 0.6383611 0.7601165 1.30832e-5 0.6636694 0.7480261 -0.1089659 -0.7278472 -0.6770266 -0.09448361 -0.7618616 -0.6408119 -0.05902928 -0.6966907 0.7149389 -0.0464251 -0.5904899 0.8057087 -0.03363174 -0.7359203 -0.6762325 0.4926891 -0.2127428 0.8437998 0.2295886 -0.004193723 -0.9732788 0.1213667 0.6383341 0.7601314 -0.0276916 0.638233 0.7693451 -0.004146933 0.776906 0.629603 0.1142201 0.6012626 -0.7908458 -0.06141877 0.762233 -0.6443824 -0.04047685 0.7548397 -0.6546593 -0.03668713 0.6783003 -0.7338684 0.2295846 -0.004214763 -0.9732797 -0.03356808 -0.7359333 -0.6762214 -0.1089781 -0.7278288 -0.6770443 -0.09446263 -0.761853 -0.640825 0.3320536 -0.9370677 0.1079099 -0.1589933 -0.5855025 0.7949265 -0.3449758 -0.9385819 0.007468223 0.2916007 -0.9544831 -0.06269901 -0.2505458 -0.9549822 -0.1588581 0.345448 -0.9383998 0.008454024 0.171528 -0.5849972 0.7926895 -0.3319165 -0.9372518 0.1067273 -0.2916007 -0.954483 -0.06269896 0.2505458 -0.9549822 -0.1588581 0.09448343 -0.7618619 -0.6408115 0.1089661 -0.7278474 -0.6770263 0.05902928 -0.6966904 0.7149391 0.04642623 -0.5904897 0.8057087 0.03363072 -0.7359201 -0.6762326 -0.4926888 -0.2127426 0.8437999 -0.2295889 -0.004193723 -0.9732787 -0.1213666 0.6383341 0.7601315 0.0276882 0.6382331 0.7693452 0.004146993 0.776906 0.629603 -0.1142202 0.6012626 -0.7908458 0.06141406 0.7622315 -0.6443846 0.04047685 0.7548397 -0.6546593 0.03668135 0.6783012 -0.733868 -0.2295846 -0.004214763 -0.9732797 0.03356778 -0.7359333 -0.6762215 0.108978 -0.7278289 -0.6770443 0.09446269 -0.7618532 -0.640825 0.843931 0.3658891 -0.3923081 0.7540474 0.4260726 -0.4998747 0.6859871 0.6638296 0.2979126 -0.6665524 0.4902282 -0.5615909 0.6081162 0.7130153 0.3490043 -0.5897182 0.7736994 0.2315637 -0.6915323 0.6991006 0.1817736 -0.7016531 0.3834877 -0.6005167 -0.2505589 -0.9549808 -0.1588462 0.2915988 -0.9544802 -0.06275099 -0.344952 -0.9385904 0.007505655 0.3320595 -0.9370579 0.1079776 -0.1590058 -0.5855031 0.7949234 -0.1776866 0.5004193 0.8473536 -0.7540474 0.4260726 -0.4998747 -0.8439334 0.3658827 -0.3923091 -0.6859868 0.6638298 0.2979128 -0.6086749 0.7130944 0.3478669 0.5897328 0.7737019 0.2315185 0.6665528 0.4902275 -0.5615909 0.6911708 0.6991375 0.1830025 0.7016566 0.3834748 -0.6005208 0.2505596 -0.9549806 -0.1588466 -0.2915989 -0.9544802 -0.06275147 0.3454241 -0.9384088 0.008438169 -0.3318921 -0.9372573 0.1067538 0.1715105 -0.5850142 0.7926806 0.167823 0.5014206 0.8487715 -0.5897495 0.773688 0.2315223 0.6859829 0.6638295 0.2979228 -0.6989402 -0.1022437 0.7078339 -0.6665538 0.4902344 -0.5615838 0.6668875 -0.04173451 0.7439888 0.7540513 0.4260801 -0.4998626 0.60292 -0.03081661 -0.7972064 0.7163594 -0.01442795 0.6975824 0.04204481 -0.7344894 -0.6773164 0.1436891 -0.7395904 0.6575406 -0.8855903 -0.1229876 0.4478884 -0.7726106 0.01935154 0.6345853 -0.8565521 -0.3031839 -0.41761 -0.6646816 -0.05092042 -0.7453895 0.7540563 0.4260378 -0.4998909 0.04203933 -0.7344774 -0.67733 0.6029074 -0.03079319 -0.7972168 -0.6859827 0.6638295 0.2979232 0.5897492 0.7736881 0.2315228 0.6989406 -0.1022438 0.7078336 0.6665538 0.4902345 -0.5615837 -0.6668879 -0.04173398 0.7439885 -0.7540516 0.4260799 -0.4998623 -0.6002369 -0.03432947 -0.7990852 -0.711182 -0.01969629 0.702732 -0.04260826 -0.7388427 -0.6725296 -0.1442602 -0.7348353 0.6627263 0.8878172 -0.1264471 0.4424836 0.7752684 0.02113842 0.631278 0.8504 -0.309918 -0.4251714 0.6617473 -0.05023545 -0.7480421 -0.7540563 0.4260379 -0.4998909 -0.0425716 -0.7388971 -0.6724721 -0.6002568 -0.03435361 -0.7990692 -0.9995086 0.03064846 0.00658822 -0.9013096 0.04439669 0.4308943 -0.3445736 0.9374871 -0.04885762 -0.8863351 0.3322559 0.3225153 -0.1438243 0.2972435 0.9439073 -0.3906454 -0.9200794 0.02915769 -0.2776505 -0.919903 0.276927 -0.3906192 -0.9200896 0.02918475 -0.5991606 0.340284 0.7247162 -0.5021658 -0.800251 0.3277621 -0.883077 -0.03530561 0.4678983 -0.5022004 -0.8002513 0.3277085 -0.9012828 0.04438972 0.4309513 -0.8925673 -0.4391724 -0.1022311 -0.9995083 0.03066974 0.006526529 -0.5347818 -0.7515958 -0.3861505 -0.8685082 0.1535528 -0.4712907 -0.5347812 -0.7515724 -0.386197 -0.8526896 0.09018051 -0.5145756 -0.2663859 -0.9143905 -0.3048421 -0.5308951 0.3887268 -0.7530218 -0.1350162 -0.7070631 -0.6941416 0.3445726 0.9374873 -0.04885929 0.9013093 0.04439491 0.4308955 0.9995085 0.03064894 0.006589353 0.1438234 0.2972434 0.9439074 0.8863349 0.3322564 0.3225156 0.390646 -0.9200792 0.02915757 0.3906189 -0.9200897 0.02918487 0.2776504 -0.9199031 0.2769271 0.5991606 0.340284 0.7247161 0.5021656 -0.800251 0.3277624 0.883077 -0.03530561 0.4678981 0.9012829 0.04438859 0.4309511 0.5021997 -0.8002519 0.3277078 0.892567 -0.4391729 -0.102231 0.9995083 0.03066933 0.006526291 0.534782 -0.7515956 -0.3861506 0.8685079 0.1535537 -0.4712913 0.8526896 0.09018063 -0.5145756 0.5347813 -0.7515723 -0.3861968 0.2663859 -0.9143903 -0.3048424 0.530895 0.388727 -0.7530218 0.1350165 -0.7070631 -0.6941415 -0.8925493 -0.4392051 -0.1022484 -0.5347856 -0.7515737 -0.3861882 -0.5021758 -0.8002578 0.3277301 -0.2776146 -0.9199123 0.2769324 -0.2663986 -0.9143756 -0.304876 -0.1350231 -0.7070366 -0.6941672 -0.3905826 -0.920105 0.02918791 -0.8863233 0.3322804 0.3225228 -0.390589 -0.9201021 0.02919739 -0.2837718 -0.9325844 -0.2230694 -0.6403577 -0.7417777 -0.1992684 0.2799263 -0.8649136 0.4166125 0.05298501 0.1594792 0.9857784 0.1634847 -0.6413128 0.7496603 0.1634942 -0.6413075 0.7496628 0.2799932 -0.8649141 0.4165663 0.2483454 0.1435031 0.957983 0.05297636 0.1595158 0.9857729 -0.5308663 0.3887295 -0.7530408 -0.2152757 0.5273488 -0.8219243 -0.1350126 -0.7070657 -0.6941396 -0.2472732 0.9676999 -0.04912292 -0.3187251 0.9451453 -0.0715174 -0.8526788 0.0901668 -0.5145958 -0.1350767 -0.7070437 -0.6941495 0.102015 0.7826742 -0.6140149 0.1117957 0.76902 -0.6293728 -0.03897017 -0.6636579 -0.7470204 0.008774459 0.9209787 0.3895141 0.1118432 0.7690228 -0.6293609 0.1020769 0.7826464 -0.6140401 -0.01248073 0.9495956 0.3132293 -0.3905998 -0.9200977 0.02919167 -0.1350609 -0.7070552 -0.6941409 -0.03896594 -0.6636735 -0.7470068 -0.2837995 -0.9325716 -0.2230877 0.2799406 -0.86492 0.4165894 0.1270843 -0.7845971 0.6068418 0.1270726 -0.7845855 0.6068593 0.008808374 0.9209908 0.3894847 0.2483483 0.14348 0.9579857 0.2800027 -0.8649224 0.4165429 -0.01250374 0.9496049 0.3131999 -0.3905526 -0.9201166 0.02922558 0.008706629 0.920986 0.3894985 -0.143853 0.2972737 0.9438934 0.2483287 0.143444 0.9579962 -0.5991545 0.3402744 0.7247257 -0.3185025 0.9477016 -0.02044183 -0.8830769 -0.03532338 0.467897 -0.2491525 0.9678779 -0.03369814 -0.2679002 0.5461231 0.7937121 -0.3905422 -0.9201218 0.02920186 0.9345666 -0.1966992 0.2964704 0.1271134 -0.7845936 0.6068403 -0.03898549 -0.6636563 -0.7470211 0.9445356 -0.2638223 -0.1955773 0.1118561 0.7690324 -0.629347 0.9077765 0.3226373 -0.2680431 0.9059327 0.3292422 0.2662436 0.008762478 0.9209792 0.3895131 0.9059211 0.3292703 0.266248 0.008731067 0.9209841 0.3895024 0.1270881 -0.7846164 0.6068161 0.9345436 -0.1967669 0.2964981 -0.3413612 0.9386965 -0.04818296 -0.8684831 0.1535859 -0.4713262 -0.9995085 0.03065657 0.006554007 -0.3445725 0.9374873 -0.04886347 -0.3413546 0.9386988 -0.04818612 -0.3445876 0.937482 -0.04885762 -0.2472584 0.9677044 -0.04910767 -0.2491283 0.967884 -0.033701 -0.3185088 0.9476994 -0.02044868 -0.249142 0.9678807 -0.0336942 -0.3445957 0.9374791 -0.04885345 -0.901298 0.04441946 0.4309163 -0.883083 -0.03530526 0.4678868 -0.502163 -0.8002477 0.3277742 -0.3413637 0.9386955 -0.04818308 -0.2472432 0.967708 -0.04911154 -0.3187534 0.9451371 -0.07149988 -0.8527025 0.09014803 -0.5145598 -0.8684924 0.1535578 -0.4713184 -0.5347368 -0.7515829 -0.386238 0.05298912 0.1595014 0.9857746 0.248325 0.1434894 0.9579904 -0.1437975 0.2972629 0.9439052 -0.886329 0.3322585 0.3225295 -0.2678986 0.546114 0.7937191 -0.3905298 -0.920127 0.02920216 -0.01242774 0.9496031 0.3132085 -0.2491623 0.9678754 -0.03369885 -0.2472443 0.9677079 -0.04910922 0.1020339 0.7826483 -0.6140446 -0.2152853 0.5273731 -0.8219063 -0.1351352 -0.7070509 -0.6941308 0.5347837 -0.7515736 -0.3861914 0.8925492 -0.4392054 -0.1022481 0.5021767 -0.8002579 0.3277282 0.2776145 -0.9199123 0.2769323 0.2663984 -0.9143756 -0.3048759 0.1350233 -0.7070366 -0.6941671 0.3905827 -0.9201052 0.02918785 0.3905888 -0.9201022 0.02919721 0.8863234 0.3322803 0.3225222 0.2837717 -0.9325844 -0.2230696 0.6403558 -0.7417869 -0.1992405 -0.2799261 -0.8649135 0.4166126 -0.05298435 0.1594796 0.9857783 -0.1634846 -0.6413129 0.7496604 -0.1634944 -0.6413077 0.7496627 -0.05297636 0.1595158 0.985773 -0.2483455 0.1435031 0.957983 -0.2799933 -0.8649142 0.4165663 0.2152758 0.5273488 -0.8219245 0.5308667 0.3887292 -0.7530407 0.1350129 -0.7070655 -0.6941397 0.2472733 0.9676998 -0.04912328 0.3187252 0.9451453 -0.07151728 0.8526794 0.09016704 -0.5145949 0.1350769 -0.7070438 -0.6941494 0.03897035 -0.6636579 -0.7470205 -0.1117957 0.76902 -0.6293728 -0.1020151 0.7826742 -0.6140148 -0.008774638 0.9209787 0.389514 0.01248073 0.9495956 0.3132293 -0.1020767 0.7826463 -0.61404 -0.1118432 0.7690227 -0.6293609 0.1350607 -0.7070547 -0.6941413 0.3905998 -0.9200977 0.02919155 0.03896564 -0.6636733 -0.7470071 0.2837995 -0.9325715 -0.2230877 -0.2799406 -0.86492 0.4165894 -0.127084 -0.7845972 0.6068419 -0.1270728 -0.7845855 0.6068593 -0.2800027 -0.8649222 0.4165433 -0.2483483 0.1434799 0.9579857 -0.008808672 0.9209907 0.389485 0.3905526 -0.9201167 0.02922564 0.01250416 0.949605 0.3131998 -0.008706331 0.9209861 0.3894984 0.1438531 0.297274 0.9438933 -0.2483287 0.1434444 0.9579961 0.3185022 0.9477017 -0.02044177 0.5991542 0.3402746 0.7247257 0.8830768 -0.03532296 0.4678971 0.2491524 0.9678779 -0.03369843 0.2679003 0.5461233 0.7937121 0.3905418 -0.9201219 0.02920186 -0.1271132 -0.7845934 0.6068405 -0.9345666 -0.1966993 0.2964706 0.03898549 -0.6636562 -0.7470212 -0.9445371 -0.2638491 -0.1955336 -0.1118557 0.7690325 -0.6293469 -0.9077762 0.3226395 -0.2680411 -0.9059326 0.3292423 0.2662438 -0.008762478 0.9209792 0.3895132 -0.9059211 0.3292702 0.2662481 -0.9345436 -0.1967666 0.2964982 -0.1270882 -0.7846164 0.6068162 -0.008730649 0.9209841 0.3895024 0.9995085 0.03065645 0.006554424 0.8684836 0.1535869 -0.4713252 0.3413613 0.9386964 -0.04818266 0.3445717 0.9374877 -0.04885983 0.3445876 0.9374819 -0.04885774 0.3413547 0.9386987 -0.04818618 0.2472584 0.9677044 -0.04910773 0.2491282 0.9678839 -0.03370112 0.2491418 0.9678808 -0.0336939 0.3185085 0.9476994 -0.02044886 0.3445955 0.9374792 -0.04885327 0.9012978 0.04442012 0.4309166 0.8830838 -0.0353049 0.4678854 0.5021631 -0.8002471 0.3277757 0.2472434 0.9677081 -0.04911148 0.3413637 0.9386955 -0.0481829 0.3187536 0.9451369 -0.07149994 0.8527024 0.09014761 -0.51456 0.8684923 0.1535575 -0.4713187 0.5347369 -0.7515832 -0.3862373 -0.05298912 0.1595017 0.9857746 0.8863291 0.3322582 0.3225295 0.1437975 0.2972631 0.9439052 -0.2483251 0.1434897 0.9579904 0.3905295 -0.9201272 0.02920246 0.2678986 0.5461143 0.7937188 0.0124278 0.9496033 0.3132082 0.2491148 0.9678875 -0.03369975 0.2472444 0.9677079 -0.04910957 -0.1020337 0.7826483 -0.6140447 0.2152855 0.5273731 -0.8219062 0.1351354 -0.7070509 -0.6941308 -0.2151682 0.9692854 0.1191159 0.2152341 0.969274 0.1190899 0.1208187 0.8650923 -0.4868453 -0.1208661 0.8651237 -0.4867776 -0.02456957 -0.2584743 -0.9657057 0.02456891 -0.2584692 -0.965707 -0.6399435 0.7127088 0.2872604 -0.2151677 0.9692894 0.1190847 -0.8268283 0.5579575 -0.07098317 -0.1208854 0.8651071 -0.4868024 -0.02457356 -0.2584573 -0.9657101 0.1208177 0.8650765 -0.4868735 0.2152068 0.9692845 0.1190528 0.6400505 0.712625 0.28723 0.8269014 0.5578476 -0.07099378 0.02458822 -0.2584736 -0.9657054 0.6795632 0.06254482 0.730946 -0.6795634 0.06254458 0.7309458 -0.5905923 0.4133197 0.6930857 0.5905914 0.4133198 0.6930862 0.600322 0.3895821 -0.698455 -0.6003221 0.389582 -0.6984549 -0.674094 0.04248178 -0.737423 0.674093 0.0424816 -0.7374238 0.6740936 0.04246526 -0.7374243 0.6795635 0.06258416 0.7309424 0.5906205 0.4132795 0.6930855 0.6003256 0.3895747 -0.6984559 -0.6795634 0.0625838 0.7309424 -0.6740936 0.04246556 -0.7374243 -0.6003256 0.389575 -0.6984559 -0.5906206 0.4132791 0.6930858 -0.5905944 0.4133298 0.6930777 -0.5455049 0.6407718 0.5402184 0.5905936 0.4133296 0.6930785 0.5454848 0.6407707 0.5402401 -0.6774383 0.1255402 0.7247877 0.6774383 0.1255404 0.7247875 0.5906273 0.4132968 0.6930694 0.5454893 0.6407449 0.540266 0.6003608 0.3895523 -0.6984382 0.5522735 0.6360463 -0.5389242 0.6774336 0.1255077 0.7247976 0.6774338 0.1255074 -0.7247976 0.6003575 0.3895666 -0.6984331 0.5522801 0.6360373 -0.538928 -0.6003577 0.3895658 -0.6984334 -0.5522958 0.6360375 -0.5389117 0.677438 0.1255407 -0.7247878 -0.6774379 0.1255395 -0.7247881 -0.6003612 0.389552 -0.6984381 -0.5522704 0.6360449 -0.5389289 -0.5906276 0.4132964 0.6930695 -0.5455228 0.6407415 0.5402364 -0.6774342 0.1255047 -0.7247977 -0.677434 0.1255045 0.7247978 -0.2461804 -0.9336312 0.2602465 0.2461805 -0.9336311 0.2602465 0.6774411 0.1254953 0.7247928 -0.6774411 0.1254953 0.7247928 0.2461482 -0.9336607 0.2601707 0.2461482 -0.9336607 -0.2601707 0.6774153 0.125555 -0.7248066 0.6774153 0.125555 0.7248066 0.2461804 -0.9336312 -0.2602465 -0.2461805 -0.9336311 -0.2602465 -0.6774411 0.1254953 -0.7247928 0.6774411 0.1254953 -0.7247928 -0.2461482 -0.9336607 -0.2601707 -0.2461482 -0.9336607 0.2601707 -0.6774153 0.125555 0.7248066 -0.6774153 0.125555 -0.7248066 -0.2461437 -0.9336429 -0.2602391 0.2461437 -0.9336429 -0.2602391 0.2461437 -0.9336429 0.2602391 -0.2461437 -0.9336429 0.2602391 -0.9913271 0.1313428 0.004448652 -0.9906544 0.1363836 -0.001864671 -0.9684002 -0.2493944 0.001903831 -0.9627452 -0.2703296 -0.006614089 -0.3715541 -0.9284096 -0.001795351 -0.3802893 -0.9248437 -0.006648063 -0.3715459 -0.9284127 -0.001843869 -0.3802881 -0.9248444 -0.006637334 0.3715906 -0.9283949 -0.001820385 0.3802432 -0.9248625 -0.006667733 0.3802468 -0.9248612 -0.006645977 0.9627143 -0.2704393 -0.006621658 0.9683952 -0.2494137 0.00191766 0.3715839 -0.9283977 -0.001821279 0.9627202 -0.2704186 -0.006617069 0.9906387 0.1364972 -0.001893937 0.991325 0.1313584 0.004435598 0.9683905 -0.2494316 0.001900613 0.1528813 0.8052829 0.572841 -0.1528807 0.805283 0.572841 -0.3067072 0.1972165 0.9311479 0.3067074 0.1972162 0.9311479 -0.2830894 0.03716737 0.9583731 0.2830893 0.03716742 0.9583732 0.3214673 -0.0804758 0.9434948 -0.3214673 -0.08047574 0.9434948 -0.2043617 -0.5178768 0.8306865 0.2043614 -0.517877 0.8306865 0.3430017 -0.8641403 -0.3682547 -0.3430221 -0.8641322 -0.3682547 -0.7830253 -0.2247345 -0.5799707 0.7830205 -0.2248524 -0.5799313 -0.7444111 0.1034262 -0.6596629 0.7444574 0.1035542 -0.6595906 0.7005116 0.4547435 -0.5499927 -0.700667 0.4546495 -0.5498725 -0.1840493 0.9667434 -0.1775757 0.1840247 0.9667481 -0.1775757 -0.1872807 0.9823065 -3.42645e-4 -0.8385232 0.5448603 -0.00252664 -0.8375757 0.5463209 7.07054e-4 -0.1867438 0.9824085 -5.85207e-4 0.1867575 0.9824061 -1.67539e-4 0.1872747 0.9823074 -6.35994e-4 0.8384259 0.5450093 -0.002608835 0.8375605 0.5463441 6.49389e-4 -0.9913258 0.1313521 0.004466891 -0.8375752 0.5463218 6.84998e-4 -0.8385211 0.5448633 -0.002540469 -0.9906544 0.1363835 -0.001853704 0.8375663 0.5463354 6.69906e-4 0.9913253 0.1313557 0.004455566 0.990642 0.1364735 -0.001898467 0.8384169 0.5450232 -0.002623796 -2.20527e-6 -1.01755e-6 1 -1.5132e-5 4.67614e-6 1 5.35481e-6 -1.65476e-6 1 2.78709e-6 -2.56189e-6 1 0 -2.56189e-6 1 6.65609e-6 2.02336e-6 1 -7.9942e-6 -2.5619e-6 1 -5.09582e-6 -1.65476e-6 1 1.5132e-5 4.67614e-6 1 0.152902 0.8052808 0.5728386 0.306678 0.1972262 0.9311555 0.839541 0.5432908 0.002481281 0.1865772 0.9824404 0 -0.1528961 0.8052742 0.5728493 -0.1865704 0.9824417 5.60568e-5 -0.3066778 0.1972268 0.9311554 -0.8395405 0.5432917 0.002481341 0.8395466 0.5432821 0.002498209 0.3067054 0.1971587 0.9311608 0.991497 0.1300539 0.004434704 0.2831174 0.03716975 0.9583647 0.9696683 -0.244409 0.002808451 0.3214737 -0.0804792 0.9434923 0.3670606 -0.9301971 0 0.2043561 -0.5178556 0.8307011 -0.3671027 -0.9301804 0 -0.2043627 -0.5178667 0.8306926 -0.9696649 -0.2444222 0.002805233 -0.3214597 -0.08043688 0.9435008 -0.9915009 0.130025 0.004432916 -0.2831302 0.03713047 0.9583625 -0.8395585 0.5432638 0.002494633 -0.3066647 0.1972403 0.9311569 -0.9906602 0.1363413 -0.001871407 -0.7444217 0.1034203 -0.6596518 -0.9627477 -0.2703207 -0.006609082 -0.7830265 -0.2247585 -0.5799597 -0.3802851 -0.9248455 -0.006649792 -0.3430634 -0.8641114 -0.368265 0.3802255 -0.9248698 -0.006670117 0.3429698 -0.86414 -0.3682851 0.9627211 -0.2704147 -0.006631374 0.7830324 -0.2248547 -0.5799144 0.9906426 0.1364693 -0.001885056 0.7444351 0.1035297 -0.6596196 0.9906402 0.1364855 -0.001901566 0.7444505 0.1035485 -0.6595994 0.7004691 0.4548074 -0.5499941 0.8384165 0.5450238 -0.002622187 0.8384134 0.5450286 -0.002622961 0.7005087 0.4547622 -0.5499811 0.1872942 0.9823038 -3.5645e-4 0.1839703 0.9667549 -0.1775949 -0.187282 0.982306 -6.17997e-4 -0.1840348 0.9667481 -0.1775648 -0.8385203 0.5448647 -0.002527058 -0.7006589 0.4546409 -0.5498899 -0.838531 0.5448482 -0.002540171 -0.7006429 0.4546604 -0.5498942 -0.7444015 0.1034186 -0.659675 -0.9906563 0.1363691 -0.001874685 -0.6398959 0.712751 0.2872617 0.6400163 0.7126514 0.2872407 0.2152027 0.9692814 0.1190859 -0.2151935 0.9692779 0.119131 -0.9915021 0.130015 0.004436969 -0.8395452 0.5432842 0.002508461 -0.8375609 0.5463436 6.93601e-4 -0.9913266 0.1313459 0.004448711 -0.9696673 -0.2444126 0.00280708 -0.9683904 -0.2494326 0.001905918 -0.3670687 -0.9301939 -3.34786e-5 -0.3715491 -0.9284115 -0.001829147 0.3670607 -0.930197 0 0.3715817 -0.9283984 -0.00183928 0.9696556 -0.244459 0.002806365 0.9683921 -0.2494275 0.001659035 0.9915009 0.1300246 0.004434466 0.9913243 0.1313642 0.004443645 0.8395418 0.5432896 0.0024935 0.8375689 0.5463315 6.63715e-4 0.1865292 0.9824494 -5.60713e-5 0.8395409 0.5432909 0.002495288 0.8375636 0.5463395 6.33582e-4 0.1867526 0.982407 0 -0.1865338 0.9824486 0 -0.186743 0.9824088 -1.39878e-4 -0.8395401 0.5432921 0.002495288 -0.8375628 0.5463406 7.16189e-4 -0.5905945 0.4133301 0.6930775 -0.5455049 0.6407719 0.5402184 0.5905936 0.4133297 0.6930785 0.5454848 0.6407706 0.5402402 -0.6774383 0.1255402 0.7247876 0.5906274 0.4132966 0.6930695 0.5454893 0.6407451 0.540266 0.6003609 0.3895521 -0.6984382 0.5522737 0.6360461 -0.5389241 0.6774337 0.125508 0.7247976 0.6774337 0.1255071 -0.7247976 0.6003575 0.3895664 -0.6984332 0.5522801 0.6360372 -0.538928 -0.6003577 0.3895659 -0.6984333 -0.5522956 0.6360377 -0.5389116 0.677438 0.1255407 -0.7247879 -0.677438 0.1255395 -0.7247881 -0.6003611 0.3895521 -0.6984381 -0.5522703 0.6360449 -0.538929 -0.5906276 0.4132965 0.6930693 -0.5455226 0.6407417 0.5402364 -0.6774341 0.1255044 -0.7247977 -0.677434 0.1255047 0.7247977 -0.9913271 0.1313425 0.004447817 -0.9906545 0.1363834 -0.001865267 -0.9684001 -0.2493944 0.001903712 -0.9627452 -0.2703296 -0.006614089 -0.3715541 -0.9284096 -0.001795411 -0.3802894 -0.9248437 -0.006648063 -0.371546 -0.9284127 -0.001843929 0.3715906 -0.9283949 -0.001820445 0.3802432 -0.9248625 -0.006667733 0.3802469 -0.9248612 -0.006645619 0.9627143 -0.2704395 -0.006620466 0.9683952 -0.2494138 0.001918435 0.3715842 -0.9283975 -0.001821339 0.9627201 -0.2704188 -0.006616294 0.9906386 0.1364977 -0.001894593 0.991325 0.1313587 0.004435539 0.9683905 -0.2494319 0.001901984 0.1528815 0.805283 0.5728409 0.3067076 0.1972161 0.9311479 -0.2830893 0.03716737 0.9583731 0.2830894 0.03716737 0.9583731 0.3214674 -0.08047574 0.9434948 0.2043615 -0.5178769 0.8306865 0.3430019 -0.8641402 -0.3682547 0.7830205 -0.2248523 -0.5799313 0.7444574 0.1035537 -0.6595906 0.7005119 0.4547431 -0.5499927 -0.1872805 0.9823064 -3.40349e-4 -0.8385227 0.5448611 -0.002526402 -0.8375755 0.5463212 7.07152e-4 -0.1867439 0.9824085 -5.85208e-4 0.1867573 0.9824061 -1.67381e-4 0.1872743 0.9823074 -6.35994e-4 0.8384257 0.5450099 -0.002608418 0.8375607 0.5463441 6.50021e-4 -0.9913257 0.131352 0.004466891 -0.8375748 0.5463222 6.85625e-4 -0.8385213 0.5448632 -0.002540588 -0.9906545 0.1363825 -0.001854479 0.8375666 0.5463348 6.69891e-4 0.9913253 0.1313558 0.00445491 0.9906421 0.1364728 -0.001865148 0.8384178 0.5450218 -0.002622961 -2.20527e-6 -1.01755e-6 1 -1.5132e-5 4.67614e-6 1 5.35479e-6 -1.65476e-6 1 2.78709e-6 -2.56189e-6 1 6.6561e-6 2.02336e-6 1 -7.99421e-6 -2.56189e-6 1 -5.09583e-6 -1.65476e-6 1 1.5132e-5 4.67614e-6 1 0.1528986 0.8052819 0.5728377 0.839541 0.543291 0.002481281 0.186577 0.9824404 0 -0.1528964 0.8052741 0.5728494 -0.3066777 0.1972266 0.9311555 -0.8395401 0.5432921 0.002481341 0.8395465 0.5432822 0.002498209 0.3067048 0.1971585 0.931161 0.9914971 0.1300536 0.004433691 0.2831212 0.03714716 0.9583645 0.9696547 -0.2444627 0.002807259 0.3214854 -0.0804432 0.9434914 0.3670608 -0.930197 0 0.2043563 -0.5178554 0.8307012 -0.3671026 -0.9301806 0 -0.2043884 -0.5178539 0.8306943 -0.9696649 -0.2444221 0.002805233 -0.3214396 -0.08049941 0.9435023 -0.9915009 0.1300251 0.004432916 -0.2831302 0.03713047 0.9583625 -0.8395324 0.543304 0.002494215 -0.3066647 0.1972403 0.9311569 0.3802254 -0.9248699 -0.006670117 0.3429631 -0.8641428 -0.3682847 0.9627212 -0.2704143 -0.006631255 0.7830459 -0.2248186 -0.5799102 0.9906424 0.1364698 -0.001885294 0.7444353 0.1035295 -0.6596195 0.9906406 0.1364836 -0.001901805 0.7444505 0.1035484 -0.6595993 0.7004692 0.4548071 -0.5499941 0.8384177 0.545022 -0.002622425 0.8384128 0.5450296 -0.00262326 0.7005086 0.4547622 -0.5499811 0.1872938 0.9823039 -3.56575e-4 -0.1872817 0.9823061 -6.17917e-4 -0.1840361 0.9667477 -0.1775664 -0.8385199 0.5448653 -0.002527058 -0.7006586 0.4546411 -0.5498901 -0.8385313 0.5448477 -0.00254029 -0.700643 0.4546601 -0.5498942 -0.7444013 0.1034182 -0.6596751 -0.9906564 0.1363686 -0.001874744 -0.9915021 0.1300152 0.004433929 -0.8375606 0.5463441 6.93966e-4 -0.9913266 0.1313462 0.004449307 -0.9696673 -0.2444128 0.002807199 -0.9683904 -0.2494328 0.001905918 0.367061 -0.930197 0 0.371582 -0.9283984 -0.00184375 0.9696557 -0.2444588 0.002803564 0.9683921 -0.2494274 0.001659035 0.9915009 0.1300244 0.004434466 0.9913243 0.1313641 0.004442095 -0.1865339 0.9824486 0 -0.186743 0.9824089 -1.39878e-4 -0.8395401 0.5432921 0.002495288 -0.8375627 0.5463408 7.16189e-4 0.8846857 -0.1743626 0.4323528 0.8033409 -0.5438659 -0.2425974 -0.6986123 0.2701436 0.662543 -0.47138 0.3810032 0.7953851 -0.9166299 0.3901895 0.08684337 -0.8792499 0.2817808 0.3840824 0.3991089 -0.8985562 -0.1825071 0.2545297 0.5459561 0.7982146 -4.65661e-6 -0.9915389 0.1298101 -0.6667651 0.6599642 -0.346225 -0.7807996 0.5470247 -0.3018544 -1.76333e-4 0.319737 0.9475064 -0.7578393 0.6473054 0.08170288 1.47339e-4 0.6751627 -0.7376688 -0.2547377 0.5456746 0.7983409 0.7807387 0.5470436 -0.3019776 0.2498291 -0.854764 0.4549331 0.3439466 0.6152266 -0.7093638 -0.3437703 0.6153895 -0.709308 -0.04686665 0.3198708 -0.9463014 -0.7041682 0.3837707 -0.5973838 0.4745862 -0.5348385 0.6990821 -0.4773748 0.1709837 -0.8619037 -0.4494264 0.1694466 -0.8770997 -0.3991122 -0.8985427 -0.1825665 0.6667604 0.6599668 -0.3462289 0.916637 0.390173 0.08684366 0.7578467 0.6472948 0.0817185 0.4713698 0.3810428 0.7953722 -0.8033409 -0.5438657 -0.2425974 0.8792498 0.2817808 0.3840828 0.6986125 0.2701435 0.6625431 -0.8846852 -0.1743623 0.4323541 -0.2498815 -0.8547931 0.4548494 0.07663613 0.3327013 -0.9399132 0.7325122 0.3879582 -0.5593876 -0.4774754 -0.5375893 0.694993 0.4967307 0.1797128 -0.8490949 0.5242787 0.1813082 -0.8320212 -0.8706884 -0.491498 0.01820838 -0.7184925 -0.5445586 0.4326945 -0.7617674 0.4509733 0.4651166 -0.9085668 0.4176416 -0.009048998 -0.7808244 -0.482674 -0.3966602 -0.8123689 0.3811922 -0.4413042 -0.4530145 0.3723416 -0.8100244 -0.4779614 -0.3610363 -0.8007534 1.76951e-5 -0.3520523 -0.9359804 6.8415e-6 0.3892096 -0.9211493 0.4798831 -0.3647392 -0.7979208 0.4532098 0.372214 -0.8099739 0.8126881 0.3809145 -0.4409562 0.782213 -0.4768302 -0.4009687 0.9089009 0.4169328 -0.008132517 0.8679901 -0.4962081 0.01926094 0.7188414 -0.5414713 0.4359771 0.7623568 0.450455 0.4646531 -0.761784 0.4509827 0.4650805 -0.7185052 -0.5445554 0.4326776 -0.2587535 -0.8216596 0.5078605 -0.4239187 0.4605739 0.7798491 -3.25143e-5 -0.8603914 0.5096341 7.71135e-7 0.4763613 0.8792496 0.2587403 -0.8216562 0.5078727 0.4239127 0.4605871 0.7798447 0.7188792 -0.5414555 0.4359344 0.7623673 0.4504448 0.4646457 -0.7617923 0.4509452 0.4651033 -0.4239168 0.4605718 0.7798514 -0.4572007 0.8405077 0.2907139 -0.2858896 0.8286166 0.4813125 -2.49445e-5 0.9974843 -0.07088816 0 0.8274872 0.5614845 1.50502e-5 0.4763461 0.879258 0.4239174 0.4605722 0.7798509 0.2858904 0.8286169 0.4813115 0.4572013 0.8405078 0.2907125 0.7623715 0.4504609 0.464623 0.7623623 0.4504461 0.4646527 0.9088968 0.4169421 -0.00812447 0.4571982 0.8405079 0.2907171 0.5162041 0.8563898 0.01139461 1.0876e-5 0.9974867 -0.07085502 0.8126796 0.3809468 -0.4409437 0.4000773 0.8587905 -0.3200268 -6.66408e-6 0.997486 -0.07086497 0.1966497 0.8595695 -0.4716665 8.71718e-6 0.9974835 -0.07090061 0.4532029 0.3722411 -0.8099653 -5.99353e-6 0.8547668 -0.5190125 3.11434e-6 0.3892242 -0.9211431 -0.1966545 0.8595663 -0.4716704 -0.4530326 0.3723222 -0.8100234 -8.80659e-6 0.9974833 -0.0709024 -0.8123546 0.3812055 -0.4413189 -0.4000803 0.8587848 -0.3200382 -0.9085471 0.417684 -0.009071528 -0.5162051 0.8563895 0.01138573 6.74278e-6 0.9974861 -0.07086372 -0.7617905 0.450959 0.465093 -0.4571951 0.8405126 0.2907081 -1.05537e-5 0.9974866 -0.07085657 0.6245863 0.6548705 0.4254841 0.0294426 -0.9975838 -0.06292641 0.01792526 -0.8374543 -0.5462135 0.4025279 0.7412051 0.5372024 0.05246686 -0.9877412 0.1470186 0.1772334 0.750153 0.6370707 0.05708611 -0.9486396 0.3111659 -0.1875952 0.7490972 0.6353436 -0.06015169 -0.948905 0.3097759 -0.4075346 0.7417911 0.5325988 -0.05181252 -0.9878838 0.1462914 -0.6256258 0.6537781 0.4256367 -0.02791225 -0.9975938 -0.06346333 -0.01498389 -0.8385309 -0.5446481 -0.01491498 -0.8385519 -0.5446178 0.017937 -0.8374401 -0.5462347 -0.02796262 -0.9975918 -0.06347215 0.02939128 -0.9975851 -0.06292921 -0.05181819 -0.9878935 0.1462231 0.05245178 -0.9877469 0.1469864 0.05706548 -0.9486365 0.3111786 -0.06020027 -0.9488949 0.3097973 -0.625627 0.6537868 0.4256216 -0.05599641 0.9345388 -0.351428 -0.01499325 -0.8385488 -0.5446202 -0.4075166 0.7417968 0.5326048 -0.1264707 0.9783119 -0.1640459 -0.08945059 0.9910548 0.0990408 -0.1876277 0.7491145 0.6353136 0.08388119 0.9912824 0.1016033 0.1772377 0.750154 0.6370682 0.1266082 0.9787496 -0.1613057 0.4025236 0.7412154 0.5371914 0.6245923 0.6548719 0.4254731 0.0583828 0.9351413 -0.3494313 0.01799815 -0.8374627 -0.546198 0.01787722 -0.8374317 -0.5462497 -0.01501166 -0.8385111 -0.5446777 -0.05600512 0.9345459 -0.3514076 0.05839347 0.9351468 -0.349415 0.1265838 0.9787519 -0.1613113 -0.1264868 0.9783089 -0.1640512 -0.08947497 0.9910517 0.09905028 0.08385252 0.9912877 0.101575 0.2587222 -0.8216345 0.5079169 -2.60472e-5 -0.8603895 0.5096371 -0.2587218 -0.8216348 0.5079168 -7.81417e-5 -0.9999769 0.006801009 -0.7184982 -0.5445708 0.4326696 0.7188661 -0.541459 0.4359515 -0.8706854 -0.4915032 0.01820957 0.8679882 -0.4962106 0.01927721 -0.780844 -0.4826716 -0.3966243 0.7822234 -0.4768134 -0.4009684 -0.4779983 -0.3610765 -0.8007131 0.4798831 -0.3647782 -0.7979029 5.28693e-5 -0.3520386 -0.9359855 0.5844243 0.7929645 0.1722079 0.5844284 0.466674 -0.6638213 -0.8544887 0.3957326 -0.3365185 -0.3948697 0.9159783 0.07114565 0.4371574 0.2417109 0.8662963 -0.9287009 0.3031905 0.2135181 0.2962279 -0.6273772 0.7201715 0.4371691 0.2416838 0.866298 -0.928719 0.3031598 0.2134832 -0.9902269 0.02529001 0.1371538 0.2962127 -0.9493523 -0.1048248 -0.7938327 -0.5797382 -0.1836665 0.4371701 -0.4089938 -0.8010034 -0.928708 0.07845085 -0.3624181 -0.9287016 0.07845133 -0.3624346 0.5844644 0.4666358 -0.6638166 -0.8544541 0.3957718 -0.3365604 -0.9287081 0.303205 0.213467 -0.854474 0.3957455 -0.3365408 -0.3948789 0.9159736 0.0711556 0.4371479 0.2417113 0.8663011 0.7246096 0.04674124 0.6875727 0.5844402 0.7929493 0.1722247 0.8797646 0.4391769 0.1820385 0.5844449 0.4666773 -0.6638045 0.9800574 -0.185114 0.07225191 0.8797702 0.1997706 -0.4313888 0.5844238 0.4666725 -0.6638266 0.8797682 0.199768 -0.4313939 0.4371398 -0.4089889 -0.8010224 0.7246308 -0.4313547 -0.5374415 0.29622 -0.9493501 -0.104825 0.9800564 -0.1851211 0.0722481 0.5715702 -0.8199617 -0.03115099 0.2962188 -0.6273683 0.720183 0.5715864 -0.5820848 0.5783307 0.724632 0.04674929 0.6875486 0.4371784 0.2416949 0.8662902 -0.5844286 0.4666736 -0.6638215 -0.5844245 0.7929644 0.1722081 0.8544887 0.3957327 -0.3365188 0.3948696 0.9159783 0.07114535 -0.4371572 0.241711 0.8662964 0.9287011 0.3031902 0.213518 -0.4371695 0.241684 0.8662977 -0.2962278 -0.6273773 0.7201714 0.9287192 0.3031594 0.2134833 0.9902269 0.02529013 0.1371539 -0.2962127 -0.9493524 -0.1048243 0.7938328 -0.5797383 -0.1836661 -0.4371701 -0.4089937 -0.8010034 0.9287081 0.07845091 -0.3624181 0.9287017 0.07845097 -0.3624343 -0.5844645 0.4666355 -0.6638166 0.8544541 0.3957721 -0.3365604 0.928708 0.303205 0.213467 0.8544741 0.3957455 -0.3365409 0.394879 0.9159736 0.07115542 -0.7246094 0.04674154 0.6875729 -0.4371476 0.2417113 0.8663012 -0.5844401 0.7929494 0.1722248 -0.879765 0.4391821 0.1820243 -0.5844446 0.4666773 -0.663805 -0.9800575 -0.1851137 0.07225161 -0.8797699 0.1997705 -0.4313895 -0.8797684 0.199768 -0.4313938 -0.5844236 0.466673 -0.6638264 -0.4371398 -0.4089889 -0.8010224 -0.7246313 -0.4313452 -0.5374484 -0.29622 -0.94935 -0.1048252 -0.9800562 -0.1851215 0.0722481 -0.5715701 -0.8199622 -0.03114444 -0.2962189 -0.6273683 0.7201829 -0.5715852 -0.5820996 0.578317 -0.7246316 0.04674953 0.6875489 -0.4371783 0.2416952 0.8662902 0.01722377 0.9971249 -0.07379329 0.6344264 0.5586256 -0.5342664 0.04531973 0.5702496 -0.8202204 -0.5892089 0.5602079 -0.5822371 0.8739831 0.4762676 0.09655553 -0.8779271 0.4786171 -0.01302999 0.5888872 0.4894047 0.6431912 -0.6397397 0.494642 0.5882708 -0.05838841 0.5010973 0.8634189 0.6344211 0.5586172 -0.5342817 0.7067744 0.4622704 -0.5355149 0.05963015 0.4692277 -0.8810617 0.04529893 0.5702721 -0.820206 0.8739859 0.4762658 0.0965377 -0.6590571 0.4474716 -0.6044939 0.9111731 0.3901244 0.1325399 -0.5892116 0.5601878 -0.5822538 0.5888915 0.4893944 0.6431952 -0.9256321 0.3779253 0.01943796 0.6232667 0.3753733 0.6860274 -0.8779357 0.4786005 -0.01306068 -0.05837064 0.5010783 0.8634313 -0.6790703 0.3701384 0.6339252 -0.06102973 0.3817374 0.9222537 -0.6397469 0.4946175 0.5882835 -0.9921963 0.05833572 0.1101972 -0.9914467 -0.06537121 0.1129603 -0.665593 0.02089947 0.7460223 -0.6604375 -0.04727655 0.7493913 -0.231578 -0.01913112 0.9726282 -0.61533 -0.2114819 0.7593711 -0.9000263 -0.4330039 0.04960083 -0.2273092 -0.05243057 0.9724103 0.2315872 -0.01911675 0.9726263 -0.1898041 -0.1719654 0.9666449 0.2273052 -0.05243313 0.972411 0.6655738 0.02089458 0.7460395 -0.5287103 -0.8193601 0.2216179 -0.2298623 -0.9450273 -0.2325653 0.6604473 -0.0472747 0.7493828 0.9921957 0.05832219 0.110211 0.9914458 -0.06536513 0.1129719 0.1898061 -0.1719595 0.9666456 0.6153193 -0.2114904 0.7593775 0.9000262 -0.433004 0.04960078 -0.4586957 -0.5213832 0.719554 -0.1661899 -0.5690996 0.8052991 0.5287019 -0.8193657 0.2216174 0.2298479 -0.94503 -0.2325689 -0.04936498 -0.998676 -0.01447933 0.4586948 -0.5213796 0.7195571 0.1661971 -0.5691135 0.8052877 0.04936861 -0.9986759 -0.0144701 -0.1511383 -0.9060996 -0.3951464 -0.8257721 -0.4604901 -0.3256524 -0.9000245 -0.4330117 0.0495668 -0.941275 -0.08273392 -0.3273479 -0.9914458 -0.06537991 0.1129636 -0.9921968 0.05834412 0.1101891 -0.9476143 0.06733614 -0.3122388 -0.6337001 -0.1071881 -0.7661168 -0.6562816 0.0637151 -0.7518211 -0.5577775 -0.462628 -0.6891006 -0.2369407 -0.1464788 -0.9604182 -0.2485705 0.02006632 -0.968406 -0.1133229 -0.7056291 -0.6994609 0.1511341 -0.9060989 -0.3951496 0.2369286 -0.1464771 -0.9604215 0.2485665 0.02006554 -0.968407 0.1133209 -0.7056296 -0.6994607 0.8257724 -0.4604852 -0.3256582 0.9000246 -0.4330117 0.0495668 0.5577704 -0.4626281 -0.6891064 0.633709 -0.1071882 -0.7661095 0.6562994 0.06372451 -0.7518047 0.9412741 -0.08273345 -0.3273507 0.9914488 -0.0653665 0.1129457 0.9476196 0.06732988 -0.3122239 0.9921959 0.05833905 0.1102 -0.9005452 -0.3000003 0.3146717 -0.05443692 0.01922714 0.9983322 -0.9899461 -0.1175465 0.07867372 -0.9005602 -0.2999506 0.3146762 -0.7289224 -0.3924191 0.5609629 -0.05375397 0.0691865 0.9961546 -0.05445361 0.01921975 0.9983314 0.05959832 0.1466935 0.987385 0.0311588 0.1623231 0.9862456 -0.2138014 -0.2227079 0.951152 0.08889788 0.08465182 0.992437 -0.3817033 -0.4195308 0.8235877 -0.2138038 -0.2227048 0.9511523 0.03115367 0.1623213 0.9862461 -0.008616089 0.1595894 0.987146 -0.0537312 0.06918531 0.9961559 -0.7289862 -0.3923552 0.5609249 -0.3816365 -0.419585 0.823591 -0.008638024 0.1596068 0.987143 -0.112564 0.01128876 0.9935805 -0.1464768 0.09684777 0.9844619 -0.08448356 0.1584208 0.9837507 -0.05827587 0.1269848 0.9901914 -0.06972861 0.1215265 0.990136 0.299592 -0.2404449 0.9232718 0.03706723 0.048868 0.9981173 -0.01169395 0.1145876 0.9933444 -0.1464843 0.09683829 0.9844616 -0.0697453 0.1215319 0.9901342 -0.01165795 0.1145834 0.9933453 -0.08447992 0.1584118 0.9837525 0.9855257 -0.1206734 0.1190673 0.03707474 0.04888343 0.9981162 0.8739672 -0.369225 0.3159974 0.2995581 -0.2404593 0.9232792 0.651167 -0.5312028 0.542038 0.08890396 0.08463132 0.9924383 0.1596899 0.01123738 0.9871033 0.1156627 0.04084658 0.9924484 0.05959874 0.1467113 0.9873823 -0.03461241 0.1755042 0.9838701 -0.009934127 0.06953448 0.9975301 -0.0106455 0.007527351 0.999915 -0.05828225 0.1269868 0.9901907 -0.1125931 0.01129931 0.993577 -0.6323185 -0.6572155 0.410172 -0.2005224 -0.9092102 0.3648667 -0.2138132 -0.2226868 0.9511544 0.08890128 0.08462274 0.9924393 0.4319798 -0.8624439 0.2637879 0.159705 0.01122957 0.9871009 0.1378963 -0.9487167 0.2844669 0.1156746 0.04081571 0.9924483 -0.009937822 0.06953066 0.9975304 -0.01064288 0.007520973 0.9999151 -0.4516884 -0.8666089 0.2120538 -0.1125669 0.01129359 0.99358 0.01392495 -0.9689905 0.2467058 -0.1464896 0.09685903 0.9844588 -0.06974673 0.121501 0.9901378 0.6575071 -0.6566016 0.3695388 0.2995766 -0.2404403 0.923278 0.2324184 0.9721101 -0.03136289 -0.9899399 -0.1176064 0.07866293 -0.05445116 0.01922857 0.9983313 -0.05371832 0.06917768 0.9961571 0.4629613 0.8861669 -0.01936823 -0.008627891 0.1596013 0.9871439 0.03117638 0.1623135 0.9862466 0.4134967 0.9061576 -0.08887529 0.05960375 0.1467044 0.987383 -0.2084978 0.9622106 -0.1751556 -0.03461486 0.175486 0.9838733 -0.05828839 0.1269749 0.9901918 -0.4380796 0.8946868 -0.08730411 -0.08447062 0.1584123 0.9837532 -0.01167601 0.1145858 0.9933448 0.03706246 0.04887026 0.9981173 -0.2199646 0.9741362 -0.05171275 0.9855334 -0.1206088 0.1190687 -0.9247609 -0.3803964 0.0107696 -0.8228929 -0.5590274 0.1016661 -0.7289536 -0.3924093 0.5609294 -0.9005593 -0.2999573 0.3146721 -0.3816726 -0.4195441 0.8235951 -0.98723 -0.1523337 -0.04659754 -0.5203794 -0.8152558 0.2540933 -0.9899415 -0.1175665 0.07870292 -0.2137702 -0.2227169 0.951157 0.1907226 0.970201 -0.1494488 -0.5811781 -0.7682897 0.2682592 0.2323901 0.9721164 -0.03137832 -0.6323431 -0.6571953 0.4101666 0.4563851 0.8727036 -0.173497 -0.6587048 -0.7433726 0.1162117 0.4629989 0.8861477 -0.01934695 -0.2005006 -0.9092246 0.3648428 0.3978372 0.8769725 -0.2695272 -0.2558025 -0.9614544 0.1008495 0.4135303 0.9061412 -0.08888751 0.432011 -0.8624294 0.2637841 -0.2016683 0.9355735 -0.2898831 0.3824743 -0.9236567 0.02391701 -0.2085149 0.9622138 -0.1751176 0.1378843 -0.9487153 0.2844772 -0.4266113 0.8776822 -0.2183504 0.1201492 -0.9927465 0.004320144 -0.4381135 0.8946703 -0.08730274 -0.4516602 -0.8666173 0.2120794 -0.1721393 0.9708123 -0.1670077 -0.4181798 -0.9083611 0.002418518 -0.2199158 0.9741445 -0.05176377 0.01395481 -0.9689969 0.246679 0.9855594 -0.169323 -0.001593351 0.04907965 -0.996428 0.06872069 0.9855334 -0.120626 0.1190523 0.6574897 -0.6566164 0.3695433 0.8852064 -0.4633921 0.04095995 0.6755403 -0.7288593 0.1113983 0.8739969 -0.3691794 0.3159686 0.2995922 -0.2404719 0.9232648 0.6708022 -0.7328308 0.1139448 0.6625966 -0.734612 0.145983 0.6511771 -0.5311866 0.5420418 -0.4312257 -0.8245991 0.3661705 0.5090229 -0.7524098 -0.4180613 0.4961613 0.0225408 0.8679378 0.207615 -0.6219264 -0.755052 -0.3070543 -0.8868415 0.3452966 0.09678536 -0.8374759 0.5378353 0.7203846 0.578041 -0.3832947 0.49619 0.02248567 0.8679228 -0.344984 -0.6240534 -0.7011016 0.3821862 -0.8215946 0.4229846 0.3859356 0.5951738 -0.7048559 -0.6562539 -0.6829052 -0.3208914 0.5683827 -0.7843301 0.2485303 -0.216611 0.6148557 -0.7583089 -0.01768434 0.9112941 0.4113761 -0.2641166 0.8248227 0.4999099 0.4962089 0.02255493 0.8679102 -0.7146312 -0.6988348 0.03053402 -0.6434487 0.5752697 -0.5050135 0.2780051 0.8732203 0.4002496 -0.6747527 -0.7013154 0.2299253 0.6966977 -0.7021246 0.1470829 0.8263455 -0.5597671 0.0617578 -0.7430277 -0.5976693 0.3011666 -0.7386698 0.6476013 -0.1870284 -0.5576648 0.7660751 -0.3195917 -0.736689 0.6275643 -0.2518977 0.6409281 0.6975802 -0.3203018 0.5692857 0.694294 -0.4403063 0.4962562 0.8585674 0.1288098 0.09682911 -0.8374729 0.537832 -0.3070321 -0.8868398 0.3453209 -0.4311922 -0.8246152 0.3661738 0.4962075 0.02257281 0.8679106 0.3821962 -0.8216212 0.4229239 0.5683754 -0.784331 0.2485446 0.618036 0.7763796 -0.1235564 0.6966995 -0.7021259 0.1470686 0.8263527 -0.5597527 0.06179189</float_array>
          <technique_common>
            <accessor source="#FlatSkin_EngineerMonkey_DoubleGun-mesh-normals-array" count="1227" stride="3">
              <param name="X" type="float"/>
              <param name="Y" type="float"/>
              <param name="Z" type="float"/>
            </accessor>
          </technique_common>
        </source>
        <source id="FlatSkin_EngineerMonkey_DoubleGun-mesh-map-0">
          <float_array id="FlatSkin_EngineerMonkey_DoubleGun-mesh-map-0-array" count="6756">0.5541992 0.1662597 0.5541992 0.1968994 0.5429688 0.1586914 0.5429688 0.1586914 0.5541992 0.1968994 0.5302734 0.1981201 0.5302734 0.1981201 0.5541992 0.1968994 0.5302734 0.2280273 0.5541992 0.1968994 0.5541992 0.2229003 0.5302734 0.2280273 0.5302734 0.1981201 0.5175781 0.1586914 0.5429688 0.1586914 0.5541992 0.2229003 0.5498047 0.2692871 0.5302734 0.2280273 0.5063477 0.1968994 0.5175781 0.1586914 0.5302734 0.1981201 0.5063477 0.1968994 0.5302734 0.1981201 0.5302734 0.2280273 0.5063477 0.1968994 0.5063477 0.1662597 0.5175781 0.1586914 0.5063477 0.2229003 0.5063477 0.1968994 0.5302734 0.2280273 0.5107422 0.2692871 0.5063477 0.2229003 0.5302734 0.2280273 0.5498047 0.2692871 0.5302734 0.2744141 0.5302734 0.2280273 0.5302734 0.2744141 0.5107422 0.2692871 0.5302734 0.2280273 0.5527344 0.3056641 0.5302734 0.2744141 0.5498047 0.2692871 0.5302734 0.2744141 0.5073242 0.3056641 0.5107422 0.2692871 0.5527344 0.3056641 0.5302734 0.3305664 0.5302734 0.2744141 0.5302734 0.3305664 0.5073242 0.3056641 0.5302734 0.2744141 0.6313477 0.1167602 0.6401367 0.1183471 0.6425781 0.09649658 0.6347656 0.09606933 0.6313477 0.1167602 0.6425781 0.09649658 0.6425781 0.09649658 0.6425781 0.08416748 0.6347656 0.09606933 0.6425781 0.08416748 0.6347656 0.08538818 0.6347656 0.09606933 0.6337891 0.07287597 0.6347656 0.08538818 0.6425781 0.08416748 0.6391602 0.07196044 0.6337891 0.07287597 0.6425781 0.08416748 0.6337891 0.07287597 0.6289063 0.06689453 0.6347656 0.08538818 0.6347656 0.09606933 0.6347656 0.08538818 0.6279297 0.08532714 0.6289063 0.06689453 0.6279297 0.08532714 0.6347656 0.08538818 0.6347656 0.09606933 0.6279297 0.09631347 0.6313477 0.1167602 0.6279297 0.09631347 0.6347656 0.09606933 0.6279297 0.08532714 0.6279297 0.08532714 0.6279297 0.08532714 0.6289063 0.06689453 0.6289063 0.06689453 0.6279297 0.08532714 0.6289063 0.06689453 0.6289063 0.06689453 0.6289063 0.06689453 0.6298828 0.05685424 0.6298828 0.05685424 0.6289063 0.06689453 0.6298828 0.05685424 0.6279297 0.08532714 0.6279297 0.09631347 0.6279297 0.08532714 0.6279297 0.09631347 0.6279297 0.09631347 0.6279297 0.08532714 0.6279297 0.09631347 0.6313477 0.1167602 0.6279297 0.09631347 0.6313477 0.1167602 0.6313477 0.1167602 0.6279297 0.09631347 0.6313477 0.1167602 0.6347656 0.1334228 0.6313477 0.1167602 0.6347656 0.1334228 0.6347656 0.1334228 0.6313477 0.1167602 0.6347656 0.1334228 0.6347656 0.1334228 0.6274414 0.145874 0.6347656 0.1334228 0.6274414 0.145874 0.6386719 0.1430664 0.6274414 0.145874 0.6323242 0.1583251 0.6386719 0.1430664 0.6401367 0.1183471 0.6313477 0.1167602 0.6425781 0.09649658 0.6313477 0.1167602 0.6347656 0.09606933 0.6425781 0.09649658 0.6279297 0.09631347 0.6347656 0.09606933 0.6313477 0.1167602 0.6347656 0.09606933 0.6279297 0.09631347 0.6279297 0.08532714 0.6425781 0.08416748 0.6425781 0.09649658 0.6347656 0.09606933 0.6347656 0.08538818 0.6347656 0.09606933 0.6279297 0.08532714 0.6347656 0.08538818 0.6425781 0.08416748 0.6347656 0.09606933 0.6279297 0.08532714 0.6289063 0.06689453 0.6347656 0.08538818 0.6289063 0.06689453 0.6337891 0.07287597 0.6347656 0.08538818 0.6347656 0.08538818 0.6337891 0.07287597 0.6425781 0.08416748 0.6337891 0.07287597 0.6391602 0.07196044 0.6425781 0.08416748 0.6274414 0.145874 0.6347656 0.1334228 0.6386719 0.1430664 0.6323242 0.1583251 0.6274414 0.145874 0.6386719 0.1430664 0.6381836 0.09887695 0.6401367 0.03964233 0.6352539 0.03701782 0.6313477 0.09936523 0.6381836 0.09887695 0.6352539 0.03701782 0.6313477 0.09936523 0.637207 0.1065673 0.6381836 0.09887695 0.6313477 0.09936523 0.6308594 0.1275634 0.637207 0.1065673 0.6308594 0.1275634 0.6367188 0.1275634 0.637207 0.1065673 0.6308594 0.1275634 0.6313477 0.09936523 0.6240234 0.1275634 0.6245117 0.09918212 0.6313477 0.09936523 0.6352539 0.03701782 0.6313477 0.09936523 0.6245117 0.09918212 0.6240234 0.1275634 0.6230469 0.03765869 0.6245117 0.09918212 0.6352539 0.03701782 0.6191406 0.1275634 0.6240234 0.1275634 0.6245117 0.09918212 0.6245117 0.09918212 0.6230469 0.03765869 0.6176758 0.09454345 0.6230469 0.03765869 0.6166992 0.03683471 0.6176758 0.09454345 0.6181641 0.1065673 0.6191406 0.1275634 0.6245117 0.09918212 0.6176758 0.09454345 0.6181641 0.1065673 0.6245117 0.09918212 0.6191406 0.1275634 0.6181641 0.1065673 0.6118164 0.1275634 0.6181641 0.1065673 0.6118164 0.1065673 0.6118164 0.1275634 0.6181641 0.1065673 0.6176758 0.09454345 0.6118164 0.1065673 0.6176758 0.09454345 0.6118164 0.09454345 0.6118164 0.1065673 0.6118164 0.09454345 0.6176758 0.09454345 0.6166992 0.03683471 0.6108399 0.03890991 0.6118164 0.09454345 0.6166992 0.03683471 0.515625 0.1451416 0.5146484 0.1416015 0.515625 0.1376953 0.515625 0.1451416 0.515625 0.1376953 0.5214844 0.1428222 0.515625 0.1376953 0.5214844 0.1379394 0.5214844 0.1428222 0.515625 0.1451416 0.5146484 0.1416015 0.515625 0.1376953 0.515625 0.1451416 0.515625 0.1376953 0.5214844 0.1379394 0.5214844 0.1428222 0.515625 0.1451416 0.5214844 0.1379394 0.6401367 0.03964233 0.6381836 0.09887695 0.6352539 0.03701782 0.6381836 0.09887695 0.6313477 0.09936523 0.6352539 0.03701782 0.637207 0.1065673 0.6313477 0.09936523 0.6381836 0.09887695 0.6308594 0.1275634 0.6313477 0.09936523 0.637207 0.1065673 0.6367188 0.1275634 0.6308594 0.1275634 0.637207 0.1065673 0.6313477 0.09936523 0.6308594 0.1275634 0.6240234 0.1275634 0.6313477 0.09936523 0.6245117 0.09918212 0.6352539 0.03701782 0.6245117 0.09918212 0.6313477 0.09936523 0.6240234 0.1275634 0.6245117 0.09918212 0.6230469 0.03765869 0.6352539 0.03701782 0.6240234 0.1275634 0.6191406 0.1275634 0.6245117 0.09918212 0.6230469 0.03765869 0.6245117 0.09918212 0.6176758 0.09454345 0.6166992 0.03683471 0.6230469 0.03765869 0.6176758 0.09454345 0.6191406 0.1275634 0.6181641 0.1065673 0.6245117 0.09918212 0.6181641 0.1065673 0.6176758 0.09454345 0.6245117 0.09918212 0.6181641 0.1065673 0.6191406 0.1275634 0.6118164 0.1275634 0.6118164 0.1065673 0.6181641 0.1065673 0.6118164 0.1275634 0.6176758 0.09454345 0.6181641 0.1065673 0.6118164 0.1065673 0.6118164 0.09454345 0.6176758 0.09454345 0.6118164 0.1065673 0.6176758 0.09454345 0.6118164 0.09454345 0.6166992 0.03683471 0.6118164 0.09454345 0.6108399 0.03890991 0.6166992 0.03683471 0.5253906 0.04895019 0.5185547 0.05847167 0.519043 0.0670166 0.5185547 0.05847167 0.5253906 0.04895019 0.5151367 0.05847167 0.5258789 0.1144409 0.5253906 0.04895019 0.519043 0.0670166 0.5258789 0.1144409 0.519043 0.0670166 0.5151367 0.0670166 0.5053711 0.1139526 0.5151367 0.0670166 0.5151367 0.05847167 0.5053711 0.1139526 0.5258789 0.1144409 0.5151367 0.0670166 0.5253906 0.04895019 0.5063477 0.04776 0.5151367 0.05847167 0.5063477 0.04776 0.5053711 0.1139526 0.5151367 0.05847167 0.5029297 0.04159545 0.5063477 0.04776 0.5253906 0.04895019 0.5288086 0.04284667 0.5029297 0.04159545 0.5253906 0.04895019 0.5288086 0.04284667 0.5253906 0.04895019 0.5258789 0.1144409 0.5029297 0.04159545 0.5029297 0.1313476 0.5063477 0.04776 0.5029297 0.1313476 0.5053711 0.1139526 0.5063477 0.04776 0.5283203 0.1313476 0.5288086 0.04284667 0.5258789 0.1144409 0.5029297 0.1313476 0.515625 0.1313476 0.5053711 0.1139526 0.5283203 0.1313476 0.5258789 0.1144409 0.515625 0.1248168 0.5053711 0.1139526 0.515625 0.1248168 0.5258789 0.1144409 0.515625 0.1313476 0.5283203 0.1313476 0.515625 0.1248168 0.515625 0.1313476 0.515625 0.1248168 0.5053711 0.1139526 0.5185547 0.05847167 0.5253906 0.04895019 0.519043 0.0670166 0.5253906 0.04895019 0.5258789 0.1144409 0.519043 0.0670166 0.519043 0.0670166 0.5258789 0.1144409 0.5151367 0.0670166 0.5253906 0.04895019 0.5185547 0.05847167 0.5151367 0.05847167 0.5151367 0.0670166 0.5053711 0.1139526 0.5151367 0.05847167 0.5258789 0.1144409 0.5053711 0.1139526 0.5151367 0.0670166 0.5063477 0.04776 0.5253906 0.04895019 0.5151367 0.05847167 0.5053711 0.1139526 0.5063477 0.04776 0.5151367 0.05847167 0.5063477 0.04776 0.5029297 0.04159545 0.5253906 0.04895019 0.5029297 0.04159545 0.5288086 0.04284667 0.5253906 0.04895019 0.5253906 0.04895019 0.5288086 0.04284667 0.5258789 0.1144409 0.5029297 0.1313476 0.5029297 0.04159545 0.5063477 0.04776 0.5053711 0.1139526 0.5029297 0.1313476 0.5063477 0.04776 0.5288086 0.04284667 0.5283203 0.1313476 0.5258789 0.1144409 0.515625 0.1313476 0.5029297 0.1313476 0.5053711 0.1139526 0.5258789 0.1144409 0.5283203 0.1313476 0.515625 0.1313476 0.515625 0.1248168 0.515625 0.1313476 0.5053711 0.1139526 0.515625 0.1248168 0.5258789 0.1144409 0.515625 0.1313476 0.5258789 0.1144409 0.515625 0.1248168 0.5053711 0.1139526 0.5366211 0.395752 0.5229492 0.3930664 0.5356445 0.4282227 0.5366211 0.395752 0.5356445 0.4282227 0.5507813 0.3945313 0.5229492 0.3930664 0.5234375 0.4257813 0.5356445 0.4282227 0.5234375 0.4257813 0.5229492 0.3930664 0.5102539 0.3925781 0.5083008 0.4350586 0.5234375 0.4257813 0.5102539 0.3925781 0.5234375 0.4257813 0.5083008 0.4350586 0.5224609 0.4541016 0.5234375 0.4257813 0.5224609 0.4541016 0.5356445 0.4282227 0.5224609 0.4541016 0.5083008 0.4350586 0.5039063 0.4797363 0.5205078 0.4836426 0.5224609 0.4541016 0.5039063 0.4797363 0.5224609 0.4541016 0.5205078 0.4836426 0.5356445 0.4941406 0.5356445 0.456543 0.5224609 0.4541016 0.5356445 0.4941406 0.5224609 0.4541016 0.5356445 0.456543 0.5356445 0.4282227 0.5356445 0.4941406 0.5522461 0.4943848 0.5356445 0.456543 0.5356445 0.4282227 0.5507813 0.4396973 0.5507813 0.3945313 0.5356445 0.4282227 0.5356445 0.456543 0.5507813 0.4396973 0.5522461 0.4943848 0.5507813 0.4396973 0.5356445 0.456543 0.5507813 0.3945313 0.5507813 0.4396973 0.5639649 0.3947754 0.5507813 0.4396973 0.5522461 0.4943848 0.5668945 0.4819336 0.5507813 0.4396973 0.5644531 0.4372559 0.5639649 0.3947754 0.5644531 0.4372559 0.5507813 0.4396973 0.5668945 0.4819336 0.5229492 0.3930664 0.5366211 0.395752 0.5356445 0.4282227 0.5356445 0.4282227 0.5366211 0.395752 0.5507813 0.3945313 0.5234375 0.4257813 0.5229492 0.3930664 0.5356445 0.4282227 0.5229492 0.3930664 0.5234375 0.4257813 0.5102539 0.3925781 0.5234375 0.4257813 0.5083008 0.4350586 0.5102539 0.3925781 0.5083008 0.4350586 0.5234375 0.4257813 0.5224609 0.4541016 0.5224609 0.4541016 0.5234375 0.4257813 0.5356445 0.4282227 0.5083008 0.4350586 0.5224609 0.4541016 0.5039063 0.4797363 0.5224609 0.4541016 0.5205078 0.4836426 0.5039063 0.4797363 0.5205078 0.4836426 0.5224609 0.4541016 0.5356445 0.4941406 0.5224609 0.4541016 0.5356445 0.456543 0.5356445 0.4941406 0.5356445 0.456543 0.5224609 0.4541016 0.5356445 0.4282227 0.5522461 0.4943848 0.5356445 0.4941406 0.5356445 0.456543 0.5507813 0.4396973 0.5356445 0.4282227 0.5507813 0.3945313 0.5356445 0.456543 0.5356445 0.4282227 0.5507813 0.4396973 0.5507813 0.4396973 0.5522461 0.4943848 0.5356445 0.456543 0.5507813 0.4396973 0.5507813 0.3945313 0.5639649 0.3947754 0.5522461 0.4943848 0.5507813 0.4396973 0.5668945 0.4819336 0.5644531 0.4372559 0.5507813 0.4396973 0.5639649 0.3947754 0.5507813 0.4396973 0.5644531 0.4372559 0.5668945 0.4819336 0.902832 0.01074981 0.902832 0.01074981 0.902832 0.01074981 0.8510742 0.01428985 0.8510742 0.01428985 0.8510742 0.01428985 0.8510742 0.01428985 0.8510742 0.01428985 0.8510742 0.01428985 0.8510742 0.01428985 0.8510742 0.01428985 0.8510742 0.01428985 0.8510742 0.01428985 0.8510742 0.01428985 0.8510742 0.01428985 0.8510742 0.01428985 0.8510742 0.01428985 0.8510742 0.01428985 0.8510742 0.01428985 0.8510742 0.01428985 0.8510742 0.01428985 0.8510742 0.01428985 0.8510742 0.01428985 0.8510742 0.01428985 0.8510742 0.01428985 0.8510742 0.01428985 0.8510742 0.01428985 0.8510742 0.01428985 0.8510742 0.01428985 0.8510742 0.01428985 0.8510742 0.01428985 0.8510742 0.01428985 0.8510742 0.01428985 0.8510742 0.01428985 0.8510742 0.01428985 0.8510742 0.01428985 0.902832 0.01074981 0.902832 0.01074981 0.902832 0.01074981 0.8510742 0.01428985 0.8510742 0.01428985 0.8510742 0.01428985 0.8510742 0.01428985 0.8510742 0.01428985 0.8510742 0.01428985 0.8510742 0.01428985 0.8510742 0.01428985 0.8510742 0.01428985 0.8510742 0.01428985 0.8510742 0.01428985 0.8510742 0.01428985 0.8510742 0.01428985 0.8510742 0.01428985 0.8510742 0.01428985 0.8510742 0.01428985 0.8510742 0.01428985 0.8510742 0.01428985 0.8510742 0.01428985 0.8510742 0.01428985 0.8510742 0.01428985 0.8510742 0.01428985 0.8510742 0.01428985 0.8510742 0.01428985 0.8510742 0.01428985 0.8510742 0.01428985 0.8510742 0.01428985 0.8510742 0.01428985 0.8510742 0.01428985 0.8510742 0.01428985 0.8510742 0.01428985 0.8510742 0.01428985 0.8510742 0.01428985 0.8481445 0.00818634 0.8481445 0.00818634 0.8481445 0.00818634 0.8481445 0.00818634 0.8481445 0.00818634 0.8481445 0.00818634 0.8481445 0.00818634 0.8481445 0.00818634 0.8481445 0.00818634 0.8481445 0.00818634 0.8481445 0.00818634 0.8481445 0.00818634 0.8481445 0.00818634 0.8481445 0.00818634 0.8481445 0.00818634 0.8505859 0.01776123 0.8481445 0.00818634 0.8481445 0.00818634 0.8481445 0.00818634 0.8505859 0.01776123 0.8481445 0.00818634 0.8481445 0.00818634 0.8481445 0.00818634 0.8481445 0.00818634 0.8505859 0.01776123 0.8481445 0.00818634 0.8505859 0.01776123 0.8481445 0.00818634 0.8481445 0.00818634 0.8481445 0.00818634 0.8481445 0.00818634 0.8481445 0.00818634 0.8505859 0.01776123 0.9902344 0.3483887 0.9902344 0.3483887 0.9902344 0.3483887 0.9902344 0.3483887 0.9902344 0.3483887 0.9902344 0.3483887 0.902832 0.01074981 0.902832 0.01074981 0.902832 0.01074981 0.902832 0.01074981 0.902832 0.01074981 0.902832 0.01074981 0.902832 0.01074981 0.902832 0.01074981 0.902832 0.01074981 0.902832 0.01074981 0.902832 0.01074981 0.902832 0.01074981 0.9951172 0.01353454 0.9951172 0.01353454 0.9951172 0.01353454 0.9951172 0.01353454 0.9951172 0.01353454 0.9951172 0.01353454 0.9526367 0.01122283 0.9526367 0.01122283 0.9526367 0.01122283 0.9526367 0.01122283 0.9526367 0.01122283 0.9526367 0.01122283 0.9526367 0.01122283 0.9526367 0.01122283 0.9526367 0.01122283 0.9526367 0.01122283 0.9526367 0.01122283 0.9526367 0.01122283 0.9526367 0.01122283 0.9526367 0.01122283 0.9526367 0.01122283 0.9526367 0.01122283 0.9526367 0.01122283 0.9526367 0.01122283 0.9951172 0.01353454 0.9951172 0.01353454 0.9951172 0.01353454 0.9951172 0.01353454 0.9951172 0.01353454 0.9951172 0.01353454 0.9951172 0.01353454 0.9951172 0.01353454 0.9951172 0.01353454 0.9951172 0.01353454 0.9951172 0.01353454 0.9951172 0.01353454 0.9951172 0.01353454 0.9951172 0.01353454 0.9951172 0.01353454 0.902832 0.01074981 0.902832 0.01074981 0.902832 0.01074981 0.902832 0.01074981 0.902832 0.01074981 0.902832 0.01074981 0.902832 0.01074981 0.902832 0.01074981 0.902832 0.01074981 0.902832 0.01074981 0.902832 0.01074981 0.902832 0.01074981 0.8867188 0.01209259 0.8867188 0.01126098 0.8886719 0.01159667 0.8881836 0.01213836 0.8867188 0.01209259 0.8886719 0.01159667 0.8881836 0.01213836 0.8886719 0.01159667 0.8886719 0.0155487 0.8867188 0.01209259 0.8881836 0.01213836 0.8881836 0.01482391 0.8881836 0.01482391 0.8881836 0.01213836 0.8886719 0.0155487 0.8867188 0.0146408 0.8867188 0.01209259 0.8881836 0.01482391 0.8881836 0.01482391 0.8886719 0.0155487 0.8867188 0.01542663 0.8867188 0.0146408 0.8881836 0.01482391 0.8867188 0.01542663 0.9902344 0.3483887 0.9902344 0.3483887 0.9902344 0.3483887 0.9902344 0.3483887 0.9902344 0.3483887 0.9902344 0.3483887 0.902832 0.01074981 0.902832 0.01074981 0.902832 0.01074981 0.902832 0.01074981 0.902832 0.01074981 0.902832 0.01074981 0.902832 0.01074981 0.902832 0.01074981 0.902832 0.01074981 0.902832 0.01074981 0.902832 0.01074981 0.902832 0.01074981 0.7827149 0.1182861 0.7827149 0.1182861 0.7827149 0.1182861 0.7827149 0.1182861 0.7827149 0.1182861 0.7827149 0.1182861 0.7827149 0.1182861 0.7827149 0.1182861 0.7827149 0.1182861 0.7827149 0.1182861 0.7827149 0.1182861 0.7827149 0.1182861 0.7827149 0.1182861 0.7827149 0.1182861 0.7827149 0.1182861 0.7827149 0.1182861 0.7827149 0.1182861 0.7827149 0.1182861 0.7827149 0.1182861 0.7827149 0.1182861 0.7827149 0.1182861 0.7827149 0.1182861 0.7827149 0.1182861 0.7827149 0.1182861 0.8847656 0.005493164 0.8847656 0.005493164 0.8847656 0.005493164 0.8847656 0.005493164 0.8847656 0.005493164 0.8847656 0.005493164 0.8847656 0.005493164 0.8847656 0.005493164 0.8847656 0.005493164 0.8847656 0.005493164 0.8847656 0.005493164 0.8847656 0.005493164 0.8847656 0.005493164 0.8847656 0.005493164 0.8847656 0.005493164 0.8847656 0.005493164 0.8847656 0.005493164 0.8847656 0.005493164 0.8847656 0.005493164 0.8847656 0.005493164 0.8847656 0.005493164 0.8847656 0.005493164 0.8847656 0.005493164 0.8847656 0.005493164 0.8481445 0.00818634 0.8481445 0.00818634 0.8481445 0.00818634 0.8481445 0.00818634 0.8481445 0.00818634 0.8481445 0.00818634 0.8481445 0.00818634 0.8481445 0.00818634 0.8481445 0.00818634 0.8481445 0.00818634 0.8481445 0.00818634 0.8481445 0.00818634 0.8481445 0.00818634 0.8481445 0.00818634 0.8481445 0.00818634 0.8481445 0.00818634 0.8505859 0.01776123 0.8481445 0.00818634 0.8505859 0.01776123 0.8481445 0.00818634 0.8481445 0.00818634 0.8481445 0.00818634 0.8481445 0.00818634 0.8481445 0.00818634 0.8481445 0.00818634 0.8505859 0.01776123 0.8505859 0.01776123 0.8481445 0.00818634 0.8481445 0.00818634 0.8481445 0.00818634 0.8481445 0.00818634 0.8481445 0.00818634 0.8505859 0.01776123 0.9902344 0.3483887 0.9902344 0.3483887 0.9902344 0.3483887 0.9902344 0.3483887 0.9902344 0.3483887 0.9902344 0.3483887 0.902832 0.01074981 0.902832 0.01074981 0.902832 0.01074981 0.902832 0.01074981 0.902832 0.01074981 0.902832 0.01074981 0.902832 0.01074981 0.902832 0.01074981 0.902832 0.01074981 0.902832 0.01074981 0.902832 0.01074981 0.902832 0.01074981 0.9951172 0.01353454 0.9951172 0.01353454 0.9951172 0.01353454 0.9951172 0.01353454 0.9951172 0.01353454 0.9951172 0.01353454 0.9526367 0.01122283 0.9526367 0.01122283 0.9526367 0.01122283 0.9526367 0.01122283 0.9526367 0.01122283 0.9526367 0.01122283 0.9526367 0.01122283 0.9526367 0.01122283 0.9526367 0.01122283 0.9526367 0.01122283 0.9526367 0.01122283 0.9526367 0.01122283 0.9526367 0.01122283 0.9526367 0.01122283 0.9526367 0.01122283 0.9526367 0.01122283 0.9526367 0.01122283 0.9526367 0.01122283 0.9951172 0.01353454 0.9951172 0.01353454 0.9951172 0.01353454 0.9951172 0.01353454 0.9951172 0.01353454 0.9951172 0.01353454 0.9951172 0.01353454 0.9951172 0.01353454 0.9951172 0.01353454 0.9951172 0.01353454 0.9951172 0.01353454 0.9951172 0.01353454 0.9951172 0.01353454 0.9951172 0.01353454 0.9951172 0.01353454 0.902832 0.01074981 0.902832 0.01074981 0.902832 0.01074981 0.902832 0.01074981 0.902832 0.01074981 0.902832 0.01074981 0.902832 0.01074981 0.902832 0.01074981 0.902832 0.01074981 0.902832 0.01074981 0.902832 0.01074981 0.902832 0.01074981 0.8867188 0.01126098 0.8867188 0.01209259 0.8886719 0.01159667 0.8867188 0.01209259 0.8881836 0.01213836 0.8886719 0.01159667 0.8886719 0.01159667 0.8881836 0.01213836 0.8886719 0.0155487 0.8881836 0.01213836 0.8867188 0.01209259 0.8881836 0.01482391 0.8881836 0.01213836 0.8881836 0.01482391 0.8886719 0.0155487 0.8867188 0.01209259 0.8867188 0.0146408 0.8881836 0.01482391 0.8886719 0.0155487 0.8881836 0.01482391 0.8867188 0.01542663 0.8881836 0.01482391 0.8867188 0.0146408 0.8867188 0.01542663 0.9902344 0.3483887 0.9902344 0.3483887 0.9902344 0.3483887 0.9902344 0.3483887 0.9902344 0.3483887 0.9902344 0.3483887 0.902832 0.01074981 0.902832 0.01074981 0.902832 0.01074981 0.902832 0.01074981 0.902832 0.01074981 0.902832 0.01074981 0.902832 0.01074981 0.902832 0.01074981 0.902832 0.01074981 0.902832 0.01074981 0.902832 0.01074981 0.902832 0.01074981 0.7827149 0.1182861 0.7827149 0.1182861 0.7827149 0.1182861 0.7827149 0.1182861 0.7827149 0.1182861 0.7827149 0.1182861 0.7827149 0.1182861 0.7827149 0.1182861 0.7827149 0.1182861 0.7827149 0.1182861 0.7827149 0.1182861 0.7827149 0.1182861 0.7827149 0.1182861 0.7827149 0.1182861 0.7827149 0.1182861 0.7827149 0.1182861 0.7827149 0.1182861 0.7827149 0.1182861 0.7827149 0.1182861 0.7827149 0.1182861 0.7827149 0.1182861 0.7827149 0.1182861 0.7827149 0.1182861 0.7827149 0.1182861 0.8847656 0.005493164 0.8847656 0.005493164 0.8847656 0.005493164 0.8847656 0.005493164 0.8847656 0.005493164 0.8847656 0.005493164 0.8847656 0.005493164 0.8847656 0.005493164 0.8847656 0.005493164 0.8847656 0.005493164 0.8847656 0.005493164 0.8847656 0.005493164 0.8847656 0.005493164 0.8847656 0.005493164 0.8847656 0.005493164 0.8847656 0.005493164 0.8847656 0.005493164 0.8847656 0.005493164 0.8847656 0.005493164 0.8847656 0.005493164 0.8847656 0.005493164 0.8847656 0.005493164 0.8847656 0.005493164 0.8847656 0.005493164 0.9570313 0.006175994 0.9526367 0.006175994 0.9526367 0.01876831 0.956543 0.01876831 0.9570313 0.006175994 0.9526367 0.01876831 0.956543 0.01876831 0.9526367 0.01876831 0.956543 0.02153015 0.9526367 0.01876831 0.953125 0.02153015 0.956543 0.02153015 0.9658203 0.006443023 0.9663086 0.006614685 0.9658203 0.01637268 0.9663086 0.006614685 0.9663086 0.01646423 0.9658203 0.01637268 0.9658203 0.01637268 0.9663086 0.01646423 0.9663086 0.01811218 0.96875 0.01646423 0.96875 0.006614685 0.9692383 0.006443023 0.9692383 0.01637268 0.96875 0.01646423 0.9692383 0.006443023 0.9692383 0.01811218 0.96875 0.01646423 0.9692383 0.01637268 0.9692383 0.01184844 0.9692383 0.01184844 0.9692383 0.01184844 0.9692383 0.01184844 0.9692383 0.01184844 0.9692383 0.01184844 0.9575195 0.008201599 0.9575195 0.008201599 0.9575195 0.008201599 0.9575195 0.008201599 0.9575195 0.008201599 0.9575195 0.008201599 0.9941406 0.01124572 0.9941406 0.01124572 0.9941406 0.01124572 0.9941406 0.01124572 0.9941406 0.01124572 0.9941406 0.01124572 0.9941406 0.01124572 0.9941406 0.01124572 0.9941406 0.01124572 0.9941406 0.01124572 0.9941406 0.01124572 0.9941406 0.01124572 0.9003906 0.01327514 0.8999024 0.01150512 0.9013672 0.01327514 0.8999024 0.01150512 0.9018555 0.01150512 0.9013672 0.01327514 0.8999024 0.01150512 0.8999024 0.01119232 0.9018555 0.01150512 0.8999024 0.01119232 0.9018555 0.01119232 0.9018555 0.01150512 0.887207 0.01395416 0.8862305 0.01197052 0.8891602 0.01395416 0.8862305 0.01197052 0.8896484 0.01197052 0.8891602 0.01395416 0.8862305 0.01197052 0.8862305 0.01126861 0.8896484 0.01197052 0.8862305 0.01126861 0.8896484 0.01126861 0.8896484 0.01197052 0.9003906 0.01235198 0.8999024 0.01087188 0.9013672 0.01235198 0.8999024 0.01087188 0.9018555 0.01087188 0.9013672 0.01235198 0.8999024 0.01087188 0.8999024 0.01041412 0.9018555 0.01087188 0.8999024 0.01041412 0.9018555 0.01041412 0.9018555 0.01087188 0.8886719 0.01013183 0.8891602 0.011734 0.8876953 0.01013183 0.8891602 0.011734 0.8867188 0.011734 0.8876953 0.01013183 0.8891602 0.011734 0.8891602 0.01229858 0.8867188 0.011734 0.8891602 0.01229858 0.8867188 0.01229858 0.8867188 0.011734 0.9692383 0.01184844 0.9692383 0.01184844 0.9692383 0.01184844 0.9692383 0.01184844 0.9692383 0.01184844 0.9692383 0.01184844 0.9941406 0.01124572 0.9941406 0.01124572 0.9941406 0.01124572 0.9941406 0.01124572 0.9941406 0.01124572 0.9941406 0.01124572 0.9575195 0.008201599 0.9575195 0.008201599 0.9575195 0.008201599 0.9575195 0.008201599 0.9575195 0.008201599 0.9575195 0.008201599 0.9941406 0.01124572 0.9941406 0.01124572 0.9941406 0.01124572 0.9941406 0.01124572 0.9941406 0.01124572 0.9941406 0.01124572 0.9667969 0.01314544 0.9667969 0.01314544 0.9667969 0.01314544 0.9667969 0.01314544 0.9667969 0.01314544 0.9667969 0.01314544 0.9946289 0.009963989 0.9946289 0.009963989 0.9946289 0.009963989 0.9946289 0.009963989 0.9946289 0.009963989 0.9946289 0.009963989 0.9946289 0.009963989 0.9946289 0.009963989 0.9946289 0.009963989 0.9946289 0.009963989 0.9946289 0.009963989 0.9946289 0.009963989 0.9946289 0.009963989 0.9946289 0.009963989 0.9946289 0.009963989 0.9946289 0.009963989 0.9946289 0.009963989 0.9946289 0.009963989 0.9946289 0.009963989 0.9946289 0.009963989 0.9946289 0.009963989 0.9946289 0.009963989 0.9946289 0.009963989 0.9946289 0.009963989 0.9946289 0.009963989 0.9946289 0.009963989 0.9946289 0.009963989 0.9946289 0.009963989 0.9946289 0.009963989 0.9946289 0.009963989 0.9936524 0.1912841 0.9936524 0.1912841 0.9936524 0.1912841 0.9936524 0.1912841 0.9936524 0.1912841 0.9936524 0.1912841 0.9936524 0.1912841 0.9936524 0.1912841 0.9936524 0.1912841 0.9936524 0.1912841 0.9936524 0.1912841 0.9936524 0.1912841 0.9936524 0.1912841 0.9936524 0.1912841 0.9936524 0.1912841 0.9936524 0.1912841 0.9936524 0.1912841 0.9936524 0.1912841 0.9936524 0.1912841 0.9936524 0.1912841 0.9936524 0.1912841 0.9936524 0.1912841 0.9936524 0.1912841 0.9936524 0.1912841 0.9008789 0.01178741 0.9008789 0.01178741 0.9008789 0.01178741 0.9008789 0.01178741 0.9008789 0.01178741 0.9008789 0.01178741 0.9008789 0.01178741 0.9008789 0.01178741 0.9008789 0.01178741 0.9008789 0.01178741 0.9008789 0.01178741 0.9008789 0.01178741 0.9008789 0.01178741 0.9008789 0.01178741 0.9008789 0.01178741 0.9008789 0.01178741 0.9008789 0.01178741 0.9008789 0.01178741 0.9008789 0.01178741 0.9008789 0.01178741 0.9008789 0.01178741 0.9008789 0.01178741 0.9008789 0.01178741 0.9008789 0.01178741 0.980957 0.01059722 0.980957 0.01059722 0.980957 0.01059722 0.980957 0.01059722 0.980957 0.01059722 0.980957 0.01059722 0.980957 0.01059722 0.980957 0.01059722 0.980957 0.01059722 0.980957 0.01059722 0.980957 0.01059722 0.980957 0.01059722 0.980957 0.01059722 0.980957 0.01059722 0.980957 0.01059722 0.980957 0.01059722 0.980957 0.01059722 0.980957 0.01059722 0.956543 0.01876831 0.956543 0.01876831 0.956543 0.01876831 0.956543 0.01876831 0.956543 0.01876831 0.956543 0.01876831 0.956543 0.01876831 0.956543 0.01876831 0.956543 0.01876831 0.956543 0.01876831 0.956543 0.01876831 0.956543 0.01876831 0.9682617 0.01329803 0.9682617 0.01437377 0.9672852 0.01436614 0.9667969 0.01328277 0.9682617 0.01329803 0.9672852 0.01436614 0.9682617 0.01329803 0.9667969 0.01328277 0.9682617 0.01329803 0.9667969 0.01328277 0.9667969 0.01328277 0.9682617 0.01329803 0.9682617 0.01329803 0.9667969 0.01328277 0.9672852 0.01436614 0.9682617 0.01437377 0.9682617 0.01329803 0.9672852 0.01436614 0.8100586 0.06787109 0.8100586 0.06787109 0.8100586 0.06787109 0.8100586 0.06787109 0.8100586 0.06787109 0.8100586 0.06787109 0.8100586 0.06787109 0.8100586 0.06787109 0.8100586 0.06787109 0.8100586 0.06787109 0.8100586 0.06787109 0.8100586 0.06787109 0.8100586 0.06787109 0.8100586 0.06787109 0.8100586 0.06787109 0.8100586 0.06787109 0.8100586 0.06787109 0.8100586 0.06787109 0.8085938 0.04006958 0.8085938 0.04006958 0.8085938 0.04006958 0.8085938 0.04006958 0.8085938 0.04006958 0.8085938 0.04006958 0.8085938 0.04006958 0.8085938 0.04006958 0.8085938 0.04006958 0.8085938 0.04006958 0.8085938 0.04006958 0.8085938 0.04006958 0.8085938 0.04006958 0.8085938 0.04006958 0.8085938 0.04006958 0.8085938 0.04006958 0.8085938 0.04006958 0.8085938 0.04006958 0.8085938 0.04006958 0.8085938 0.04006958 0.8085938 0.04006958 0.8085938 0.04006958 0.8085938 0.04006958 0.8085938 0.04006958 0.8085938 0.04006958 0.8085938 0.04006958 0.8085938 0.04006958 0.8085938 0.04006958 0.8085938 0.04006958 0.8085938 0.04006958 0.8085938 0.04006958 0.8085938 0.04006958 0.8085938 0.04006958 0.8085938 0.04006958 0.8085938 0.04006958 0.8085938 0.04006958 0.8085938 0.04006958 0.8085938 0.04006958 0.8085938 0.04006958 0.8085938 0.04006958 0.8085938 0.04006958 0.8085938 0.04006958 0.9018555 0.01041412 0.9018555 0.01041412 0.9018555 0.01041412 0.9018555 0.01041412 0.9018555 0.01041412 0.9018555 0.01041412 0.9018555 0.01041412 0.9018555 0.01041412 0.9018555 0.01041412 0.9018555 0.01041412 0.9018555 0.01041412 0.9018555 0.01041412 0.9018555 0.01041412 0.9018555 0.01041412 0.9018555 0.01041412 0.9018555 0.01041412 0.9018555 0.01041412 0.9018555 0.01041412 0.9018555 0.01041412 0.9018555 0.01041412 0.9018555 0.01041412 0.9018555 0.01041412 0.9018555 0.01041412 0.9018555 0.01041412 0.9018555 0.01041412 0.9018555 0.01041412 0.9018555 0.01041412 0.9018555 0.01041412 0.9018555 0.01041412 0.9018555 0.01041412 0.8769531 0.01203155 0.8769531 0.01203155 0.8769531 0.01203155 0.8769531 0.01203155 0.8769531 0.01203155 0.8769531 0.01203155 0.8354492 0.01408386 0.8354492 0.01408386 0.8354492 0.01408386 0.8354492 0.01408386 0.8354492 0.01408386 0.8354492 0.01408386 0.8354492 0.01408386 0.8354492 0.01408386 0.8354492 0.01408386 0.8354492 0.01408386 0.8354492 0.01408386 0.8354492 0.01408386 0.8354492 0.01408386 0.8354492 0.01408386 0.8354492 0.01408386 0.8354492 0.01408386 0.8354492 0.01408386 0.8354492 0.01408386 0.8769531 0.01203155 0.8769531 0.01203155 0.8769531 0.01203155 0.8769531 0.01203155 0.8769531 0.01203155 0.8769531 0.01203155 0.9672852 0.01436614 0.9672852 0.01436614 0.9672852 0.01436614 0.9672852 0.01436614 0.9672852 0.01436614 0.9672852 0.01436614 0.7553711 0.1166992 0.7553711 0.1166992 0.7553711 0.1166992 0.7553711 0.1166992 0.7553711 0.1166992 0.7553711 0.1166992 0.7553711 0.1166992 0.7553711 0.1166992 0.7553711 0.1166992 0.7553711 0.1166992 0.7553711 0.1166992 0.7553711 0.1166992 0.7553711 0.1166992 0.7553711 0.1166992 0.7553711 0.1166992 0.7553711 0.1166992 0.7553711 0.1166992 0.7553711 0.1166992 0.7553711 0.1166992 0.7553711 0.1166992 0.7553711 0.1166992 0.7553711 0.1166992 0.7553711 0.1166992 0.7553711 0.1166992 0.7553711 0.1166992 0.7553711 0.1166992 0.7553711 0.1166992 0.7553711 0.1166992 0.7553711 0.1166992 0.7553711 0.1166992 0.7553711 0.1166992 0.7553711 0.1166992 0.7553711 0.1166992 0.7553711 0.1166992 0.7553711 0.1166992 0.7553711 0.1166992 0.7553711 0.1166992 0.7553711 0.1166992 0.7553711 0.1166992 0.7553711 0.1166992 0.7553711 0.1166992 0.7553711 0.1166992 0.8349609 0.03955078 0.8349609 0.03955078 0.8349609 0.03955078 0.8349609 0.03955078 0.8349609 0.03955078 0.8349609 0.03955078 0.8349609 0.03955078 0.8349609 0.03955078 0.8349609 0.03955078 0.8349609 0.03955078 0.8349609 0.03955078 0.8349609 0.03955078 0.8349609 0.03955078 0.8349609 0.03955078 0.8349609 0.03955078 0.8349609 0.03955078 0.8349609 0.03955078 0.8349609 0.03955078 0.9570313 0.006175994 0.9526367 0.006175994 0.9526367 0.01876831 0.956543 0.01876831 0.9570313 0.006175994 0.9526367 0.01876831 0.956543 0.01876831 0.9526367 0.01876831 0.956543 0.02153015 0.9526367 0.01876831 0.953125 0.02153015 0.956543 0.02153015 0.9658203 0.006443023 0.9663086 0.006614685 0.9658203 0.01637268 0.9663086 0.006614685 0.9663086 0.01646423 0.9658203 0.01637268 0.9658203 0.01637268 0.9663086 0.01646423 0.9663086 0.01811218 0.96875 0.01646423 0.96875 0.006614685 0.9692383 0.006443023 0.9692383 0.01637268 0.96875 0.01646423 0.9692383 0.006443023 0.9692383 0.01811218 0.96875 0.01646423 0.9692383 0.01637268 0.9692383 0.01184844 0.9692383 0.01184844 0.9692383 0.01184844 0.9692383 0.01184844 0.9692383 0.01184844 0.9692383 0.01184844 0.9575195 0.008201599 0.9575195 0.008201599 0.9575195 0.008201599 0.9575195 0.008201599 0.9575195 0.008201599 0.9575195 0.008201599 0.9941406 0.01124572 0.9941406 0.01124572 0.9941406 0.01124572 0.9941406 0.01124572 0.9941406 0.01124572 0.9941406 0.01124572 0.9941406 0.01124572 0.9941406 0.01124572 0.9941406 0.01124572 0.9941406 0.01124572 0.9941406 0.01124572 0.9941406 0.01124572 0.9003906 0.01327514 0.8999024 0.01150512 0.9013672 0.01327514 0.8999024 0.01150512 0.9018555 0.01150512 0.9013672 0.01327514 0.8999024 0.01150512 0.8999024 0.01119232 0.9018555 0.01150512 0.8999024 0.01119232 0.9018555 0.01119232 0.9018555 0.01150512 0.887207 0.01395416 0.8862305 0.01197052 0.8891602 0.01395416 0.8862305 0.01197052 0.8896484 0.01197052 0.8891602 0.01395416 0.8862305 0.01197052 0.8862305 0.01126861 0.8896484 0.01197052 0.8862305 0.01126861 0.8896484 0.01126861 0.8896484 0.01197052 0.9003906 0.01235198 0.8999024 0.01087188 0.9013672 0.01235198 0.8999024 0.01087188 0.9018555 0.01087188 0.9013672 0.01235198 0.8999024 0.01087188 0.8999024 0.01041412 0.9018555 0.01087188 0.8999024 0.01041412 0.9018555 0.01041412 0.9018555 0.01087188 0.8886719 0.01013183 0.8891602 0.011734 0.8876953 0.01013183 0.8891602 0.011734 0.8867188 0.011734 0.8876953 0.01013183 0.8891602 0.011734 0.8891602 0.01229858 0.8867188 0.011734 0.8891602 0.01229858 0.8867188 0.01229858 0.8867188 0.011734 0.9692383 0.01184844 0.9692383 0.01184844 0.9692383 0.01184844 0.9692383 0.01184844 0.9692383 0.01184844 0.9692383 0.01184844 0.9941406 0.01124572 0.9941406 0.01124572 0.9941406 0.01124572 0.9941406 0.01124572 0.9941406 0.01124572 0.9941406 0.01124572 0.9575195 0.008201599 0.9575195 0.008201599 0.9575195 0.008201599 0.9575195 0.008201599 0.9575195 0.008201599 0.9575195 0.008201599 0.9941406 0.01124572 0.9941406 0.01124572 0.9941406 0.01124572 0.9941406 0.01124572 0.9941406 0.01124572 0.9941406 0.01124572 0.9667969 0.01314544 0.9667969 0.01314544 0.9667969 0.01314544 0.9667969 0.01314544 0.9667969 0.01314544 0.9667969 0.01314544 0.9946289 0.009963989 0.9946289 0.009963989 0.9946289 0.009963989 0.9946289 0.009963989 0.9946289 0.009963989 0.9946289 0.009963989 0.9946289 0.009963989 0.9946289 0.009963989 0.9946289 0.009963989 0.9946289 0.009963989 0.9946289 0.009963989 0.9946289 0.009963989 0.9946289 0.009963989 0.9946289 0.009963989 0.9946289 0.009963989 0.9946289 0.009963989 0.9946289 0.009963989 0.9946289 0.009963989 0.9946289 0.009963989 0.9946289 0.009963989 0.9946289 0.009963989 0.9946289 0.009963989 0.9946289 0.009963989 0.9946289 0.009963989 0.9946289 0.009963989 0.9946289 0.009963989 0.9946289 0.009963989 0.9946289 0.009963989 0.9946289 0.009963989 0.9946289 0.009963989 0.9936524 0.1912841 0.9936524 0.1912841 0.9936524 0.1912841 0.9936524 0.1912841 0.9936524 0.1912841 0.9936524 0.1912841 0.9936524 0.1912841 0.9936524 0.1912841 0.9936524 0.1912841 0.9936524 0.1912841 0.9936524 0.1912841 0.9936524 0.1912841 0.9936524 0.1912841 0.9936524 0.1912841 0.9936524 0.1912841 0.9936524 0.1912841 0.9936524 0.1912841 0.9936524 0.1912841 0.9936524 0.1912841 0.9936524 0.1912841 0.9936524 0.1912841 0.9936524 0.1912841 0.9936524 0.1912841 0.9936524 0.1912841 0.9008789 0.01178741 0.9008789 0.01178741 0.9008789 0.01178741 0.9008789 0.01178741 0.9008789 0.01178741 0.9008789 0.01178741 0.9008789 0.01178741 0.9008789 0.01178741 0.9008789 0.01178741 0.9008789 0.01178741 0.9008789 0.01178741 0.9008789 0.01178741 0.9008789 0.01178741 0.9008789 0.01178741 0.9008789 0.01178741 0.9008789 0.01178741 0.9008789 0.01178741 0.9008789 0.01178741 0.9008789 0.01178741 0.9008789 0.01178741 0.9008789 0.01178741 0.9008789 0.01178741 0.9008789 0.01178741 0.9008789 0.01178741 0.980957 0.01059722 0.980957 0.01059722 0.980957 0.01059722 0.980957 0.01059722 0.980957 0.01059722 0.980957 0.01059722 0.980957 0.01059722 0.980957 0.01059722 0.980957 0.01059722 0.980957 0.01059722 0.980957 0.01059722 0.980957 0.01059722 0.980957 0.01059722 0.980957 0.01059722 0.980957 0.01059722 0.980957 0.01059722 0.980957 0.01059722 0.980957 0.01059722 0.956543 0.01876831 0.956543 0.01876831 0.956543 0.01876831 0.956543 0.01876831 0.956543 0.01876831 0.956543 0.01876831 0.956543 0.01876831 0.956543 0.01876831 0.956543 0.01876831 0.956543 0.01876831 0.956543 0.01876831 0.956543 0.01876831 0.9682617 0.01329803 0.9682617 0.01437377 0.9672852 0.01436614 0.9667969 0.01328277 0.9682617 0.01329803 0.9672852 0.01436614 0.9682617 0.01329803 0.9667969 0.01328277 0.9682617 0.01329803 0.9667969 0.01328277 0.9667969 0.01328277 0.9682617 0.01329803 0.9682617 0.01329803 0.9667969 0.01328277 0.9672852 0.01436614 0.9682617 0.01437377 0.9682617 0.01329803 0.9672852 0.01436614 0.8100586 0.06787109 0.8100586 0.06787109 0.8100586 0.06787109 0.8100586 0.06787109 0.8100586 0.06787109 0.8100586 0.06787109 0.8100586 0.06787109 0.8100586 0.06787109 0.8100586 0.06787109 0.8100586 0.06787109 0.8100586 0.06787109 0.8100586 0.06787109 0.8100586 0.06787109 0.8100586 0.06787109 0.8100586 0.06787109 0.8100586 0.06787109 0.8100586 0.06787109 0.8100586 0.06787109 0.8085938 0.04006958 0.8085938 0.04006958 0.8085938 0.04006958 0.8085938 0.04006958 0.8085938 0.04006958 0.8085938 0.04006958 0.8085938 0.04006958 0.8085938 0.04006958 0.8085938 0.04006958 0.8085938 0.04006958 0.8085938 0.04006958 0.8085938 0.04006958 0.8085938 0.04006958 0.8085938 0.04006958 0.8085938 0.04006958 0.8085938 0.04006958 0.8085938 0.04006958 0.8085938 0.04006958 0.8085938 0.04006958 0.8085938 0.04006958 0.8085938 0.04006958 0.8085938 0.04006958 0.8085938 0.04006958 0.8085938 0.04006958 0.8085938 0.04006958 0.8085938 0.04006958 0.8085938 0.04006958 0.8085938 0.04006958 0.8085938 0.04006958 0.8085938 0.04006958 0.8085938 0.04006958 0.8085938 0.04006958 0.8085938 0.04006958 0.8085938 0.04006958 0.8085938 0.04006958 0.8085938 0.04006958 0.8085938 0.04006958 0.8085938 0.04006958 0.8085938 0.04006958 0.8085938 0.04006958 0.8085938 0.04006958 0.8085938 0.04006958 0.9018555 0.01041412 0.9018555 0.01041412 0.9018555 0.01041412 0.9018555 0.01041412 0.9018555 0.01041412 0.9018555 0.01041412 0.9018555 0.01041412 0.9018555 0.01041412 0.9018555 0.01041412 0.9018555 0.01041412 0.9018555 0.01041412 0.9018555 0.01041412 0.9018555 0.01041412 0.9018555 0.01041412 0.9018555 0.01041412 0.9018555 0.01041412 0.9018555 0.01041412 0.9018555 0.01041412 0.9018555 0.01041412 0.9018555 0.01041412 0.9018555 0.01041412 0.9018555 0.01041412 0.9018555 0.01041412 0.9018555 0.01041412 0.9018555 0.01041412 0.9018555 0.01041412 0.9018555 0.01041412 0.9018555 0.01041412 0.9018555 0.01041412 0.9018555 0.01041412 0.8779297 0.01608276 0.8779297 0.01608276 0.8779297 0.01608276 0.8779297 0.01608276 0.8779297 0.01608276 0.8779297 0.01608276 0.8354492 0.01124572 0.8354492 0.01124572 0.8354492 0.01124572 0.8354492 0.01124572 0.8354492 0.01124572 0.8354492 0.01124572 0.8354492 0.01124572 0.8354492 0.01124572 0.8354492 0.01124572 0.8354492 0.01124572 0.8354492 0.01124572 0.8354492 0.01124572 0.8354492 0.01124572 0.8354492 0.01124572 0.8354492 0.01124572 0.8354492 0.01124572 0.8354492 0.01124572 0.8354492 0.01124572 0.8779297 0.01608276 0.8779297 0.01608276 0.8779297 0.01608276 0.8779297 0.01608276 0.8779297 0.01608276 0.8779297 0.01608276 0.9672852 0.01436614 0.9672852 0.01436614 0.9672852 0.01436614 0.9672852 0.01436614 0.9672852 0.01436614 0.9672852 0.01436614 0.7553711 0.1166992 0.7553711 0.1166992 0.7553711 0.1166992 0.7553711 0.1166992 0.7553711 0.1166992 0.7553711 0.1166992 0.7553711 0.1166992 0.7553711 0.1166992 0.7553711 0.1166992 0.7553711 0.1166992 0.7553711 0.1166992 0.7553711 0.1166992 0.7553711 0.1166992 0.7553711 0.1166992 0.7553711 0.1166992 0.7553711 0.1166992 0.7553711 0.1166992 0.7553711 0.1166992 0.7553711 0.1166992 0.7553711 0.1166992 0.7553711 0.1166992 0.7553711 0.1166992 0.7553711 0.1166992 0.7553711 0.1166992 0.7553711 0.1166992 0.7553711 0.1166992 0.7553711 0.1166992 0.7553711 0.1166992 0.7553711 0.1166992 0.7553711 0.1166992 0.7553711 0.1166992 0.7553711 0.1166992 0.7553711 0.1166992 0.7553711 0.1166992 0.7553711 0.1166992 0.7553711 0.1166992 0.7553711 0.1166992 0.7553711 0.1166992 0.7553711 0.1166992 0.7553711 0.1166992 0.7553711 0.1166992 0.7553711 0.1166992 0.8349609 0.03955078 0.8349609 0.03955078 0.8349609 0.03955078 0.8349609 0.03955078 0.8349609 0.03955078 0.8349609 0.03955078 0.8349609 0.03955078 0.8349609 0.03955078 0.8349609 0.03955078 0.8349609 0.03955078 0.8349609 0.03955078 0.8349609 0.03955078 0.8349609 0.03955078 0.8349609 0.03955078 0.8349609 0.03955078 0.8349609 0.03955078 0.8349609 0.03955078 0.8349609 0.03955078 0.9179688 0.03302001 0.9179688 0.03302001 0.9179688 0.03302001 0.9179688 0.03302001 0.9179688 0.03302001 0.9179688 0.03302001 0.9179688 0.03302001 0.9179688 0.03302001 0.9179688 0.03302001 0.9179688 0.03302001 0.9179688 0.03302001 0.9179688 0.03302001 0.9179688 0.03302001 0.9179688 0.03302001 0.9179688 0.03302001 0.9179688 0.03302001 0.9179688 0.03302001 0.9179688 0.03302001 0.9179688 0.03302001 0.9179688 0.03302001 0.9179688 0.03302001 0.9179688 0.03302001 0.9179688 0.03302001 0.9179688 0.03302001 0.9179688 0.03302001 0.9179688 0.03302001 0.9179688 0.03302001 0.9179688 0.03302001 0.9179688 0.03302001 0.9179688 0.03302001 0.9179688 0.03302001 0.9179688 0.03302001 0.9179688 0.03302001 0.9179688 0.03302001 0.9179688 0.03302001 0.9179688 0.03302001 0.9179688 0.03302001 0.9179688 0.03302001 0.9179688 0.03302001 0.9179688 0.03302001 0.9179688 0.03302001 0.9179688 0.03302001 0.9179688 0.03302001 0.9179688 0.03302001 0.9179688 0.03302001 0.9179688 0.03302001 0.9179688 0.03302001 0.9179688 0.03302001 0.9179688 0.03302001 0.9179688 0.03302001 0.9179688 0.03302001 0.9179688 0.03302001 0.9179688 0.03302001 0.9179688 0.03302001 0.9179688 0.03302001 0.9179688 0.03302001 0.9179688 0.03302001 0.9179688 0.03302001 0.9179688 0.03302001 0.9179688 0.03302001 0.9179688 0.03302001 0.9179688 0.03302001 0.9179688 0.03302001 0.9179688 0.03302001 0.9179688 0.03302001 0.9179688 0.03302001 0.9179688 0.03302001 0.9179688 0.03302001 0.9179688 0.03302001 0.9179688 0.03302001 0.9179688 0.03302001 0.9179688 0.03302001 0.9179688 0.03302001 0.9179688 0.03302001 0.9179688 0.03302001 0.9179688 0.03302001 0.9179688 0.03302001 0.9179688 0.03302001 0.9179688 0.03302001 0.9179688 0.03302001 0.9179688 0.03302001 0.9179688 0.03302001 0.9179688 0.03302001 0.9179688 0.03302001 0.9179688 0.03302001 0.9179688 0.03302001 0.9179688 0.03302001 0.9179688 0.03302001 0.9179688 0.03302001 0.9179688 0.03302001 0.9179688 0.03302001 0.9179688 0.03302001 0.9179688 0.03302001 0.9179688 0.03302001 0.9179688 0.03302001 0.9179688 0.03302001 0.9179688 0.03302001 0.9179688 0.03302001 0.9179688 0.03302001 0.9179688 0.03302001 0.9179688 0.03302001 0.9179688 0.03302001 0.9179688 0.03302001 0.9179688 0.03302001 0.9179688 0.03302001 0.9179688 0.03302001 0.9179688 0.03302001 0.9179688 0.03302001 0.9179688 0.03302001 0.9179688 0.03302001 0.9179688 0.03302001 0.9179688 0.03302001 0.9179688 0.03302001 0.9179688 0.03302001 0.9179688 0.03302001 0.9179688 0.03302001 0.9179688 0.03302001 0.9179688 0.03302001 0.9179688 0.03302001 0.9179688 0.03302001 0.9179688 0.03302001 0.9179688 0.03302001 0.9179688 0.03302001 0.9179688 0.03302001 0.9179688 0.03302001 0.9179688 0.03302001 0.9179688 0.03302001 0.9179688 0.03302001 0.9179688 0.03302001 0.9179688 0.03302001 0.9179688 0.03302001 0.9179688 0.03302001 0.9179688 0.03302001 0.9179688 0.03302001 0.9179688 0.03302001 0.9179688 0.03302001 0.9179688 0.03302001 0.9179688 0.03302001 0.9179688 0.03302001 0.9179688 0.03302001 0.9179688 0.03302001 0.9179688 0.03302001 0.9179688 0.03302001 0.9179688 0.03302001 0.9179688 0.03302001 0.9179688 0.03302001 0.9179688 0.03302001 0.9179688 0.03302001 0.9179688 0.03302001 0.9179688 0.03302001 0.9179688 0.03302001 0.9179688 0.03302001 0.9179688 0.03302001 0.9179688 0.03302001 0.9179688 0.03302001 0.9179688 0.03302001 0.9179688 0.03302001 0.9179688 0.03302001 0.9179688 0.03302001 0.9179688 0.03302001 0.9179688 0.03302001 0.9179688 0.03302001 0.9179688 0.03302001 0.9179688 0.03302001 0.9179688 0.03302001 0.9179688 0.03302001 0.9179688 0.03302001 0.9179688 0.03302001 0.9179688 0.03302001 0.9179688 0.03302001 0.9179688 0.03302001 0.9179688 0.03302001 0.9179688 0.03302001 0.9179688 0.03302001 0.9179688 0.03302001 0.9179688 0.03302001 0.9179688 0.03302001 0.9179688 0.03302001 0.9179688 0.03302001 0.9179688 0.03302001 0.9179688 0.03302001 0.9179688 0.03302001 0.9179688 0.03302001 0.9179688 0.03302001 0.9179688 0.03302001 0.9179688 0.03302001 0.9179688 0.03302001 0.9179688 0.03302001 0.9179688 0.03302001 0.9179688 0.03302001 0.9179688 0.03302001 0.9179688 0.03302001 0.9179688 0.03302001 0.9179688 0.03302001 0.9179688 0.03302001 0.9179688 0.03302001 0.9179688 0.03302001 0.9179688 0.03302001 0.8198242 0.03616333 0.8193359 0.03616333 0.8193359 0.03756713 0.8198242 0.03756713 0.8198242 0.03616333 0.8193359 0.03756713 0.8198242 0.03616333 0.8198242 0.03756713 0.8208008 0.03616333 0.8198242 0.03756713 0.8208008 0.03756713 0.8208008 0.03616333 0.8208008 0.03616333 0.8208008 0.03756713 0.8208008 0.03756713 0.8208008 0.03616333 0.8208008 0.03616333 0.8208008 0.03756713 0.8217774 0.03616333 0.8208008 0.03616333 0.8208008 0.03756713 0.8217774 0.03756713 0.8217774 0.03616333 0.8208008 0.03756713 0.8222656 0.03616333 0.8217774 0.03616333 0.8217774 0.03756713 0.8222656 0.03756713 0.8222656 0.03616333 0.8217774 0.03756713 0.8222656 0.03756713 0.8227539 0.03756713 0.8222656 0.03616333 0.8227539 0.03756713 0.8227539 0.03616333 0.8222656 0.03616333 0.8227539 0.03756713 0.8232422 0.03756713 0.8227539 0.03616333 0.8232422 0.03756713 0.8232422 0.03616333 0.8227539 0.03616333 0.8237305 0.03616333 0.8232422 0.03616333 0.8232422 0.03756713 0.8237305 0.03756713 0.8237305 0.03616333 0.8232422 0.03756713 0.824707 0.03811645 0.824707 0.0349121 0.8237305 0.0349121 0.8237305 0.03811645 0.824707 0.03811645 0.8237305 0.0349121 0.8237305 0.03811645 0.8237305 0.0349121 0.8222656 0.0349121 0.8222656 0.03811645 0.8237305 0.03811645 0.8222656 0.0349121 0.8222656 0.03811645 0.8222656 0.0349121 0.8208008 0.0349121 0.8208008 0.03811645 0.8222656 0.03811645 0.8208008 0.0349121 0.8208008 0.03811645 0.8208008 0.0349121 0.8198242 0.0349121 0.8198242 0.03811645 0.8208008 0.03811645 0.8198242 0.0349121 0.8256836 0.06057739 0.824707 0.06057739 0.8256836 0.06365966 0.824707 0.06057739 0.824707 0.06365966 0.8256836 0.06365966 0.824707 0.06982421 0.8256836 0.06365966 0.824707 0.06365966 0.824707 0.06365966 0.824707 0.06057739 0.8227539 0.06365966 0.824707 0.06982421 0.824707 0.06365966 0.8227539 0.06365966 0.824707 0.06057739 0.8227539 0.06057739 0.8227539 0.06365966 0.8227539 0.06057739 0.8212891 0.06057739 0.8227539 0.06365966 0.824707 0.06982421 0.8227539 0.06365966 0.8212891 0.06365966 0.8212891 0.06057739 0.8212891 0.06365966 0.8227539 0.06365966 0.824707 0.06982421 0.8212891 0.06365966 0.8203125 0.06365966 0.8212891 0.06365966 0.8212891 0.06057739 0.8203125 0.06365966 0.8212891 0.06057739 0.8203125 0.06057739 0.8203125 0.06365966 0.8261719 0.06384277 0.8251953 0.06384277 0.8261719 0.06536865 0.8251953 0.06384277 0.8251953 0.06536865 0.8261719 0.06536865 0.8256836 0.06848144 0.8261719 0.06536865 0.8251953 0.06536865 0.8251953 0.06536865 0.8251953 0.06384277 0.8242188 0.06384277 0.8242188 0.06536865 0.8251953 0.06536865 0.8242188 0.06384277 0.824707 0.06848144 0.8251953 0.06536865 0.8242188 0.06536865 0.8237305 0.06536865 0.8242188 0.06536865 0.8242188 0.06384277 0.8242188 0.06536865 0.8237305 0.06536865 0.8237305 0.06848144 0.8237305 0.06384277 0.8237305 0.06536865 0.8242188 0.06384277 0.8237305 0.06536865 0.8227539 0.06536865 0.8237305 0.06848144 0.8237305 0.06536865 0.8237305 0.06384277 0.8227539 0.06536865 0.8237305 0.06384277 0.8227539 0.06384277 0.8227539 0.06536865 0.8227539 0.06536865 0.8227539 0.06384277 0.8217774 0.06536865 0.8227539 0.06384277 0.8217774 0.06384277 0.8217774 0.06536865 0.8227539 0.06536865 0.8217774 0.06536865 0.8227539 0.06848144 0.8217774 0.06384277 0.8217774 0.06384277 0.8217774 0.06536865 0.8217774 0.06536865 0.8217774 0.06536865 0.8227539 0.06848144 0.8217774 0.06384277 0.8217774 0.06536865 0.8217774 0.06536865 0.8217774 0.06384277 0.8208008 0.06384277 0.8217774 0.06536865 0.8208008 0.06384277 0.8208008 0.06536865 0.8217774 0.06536865 0.8212891 0.06848144 0.8217774 0.06536865 0.8208008 0.06536865 0.8208008 0.06384277 0.8198242 0.06384277 0.8208008 0.06536865 0.8198242 0.06384277 0.8198242 0.06536865 0.8208008 0.06536865 0.8208008 0.06536865 0.8198242 0.06536865 0.8203125 0.06848144 0.925293 0.03262329 0.925293 0.03262329 0.925293 0.03262329 0.925293 0.03262329 0.925293 0.03262329 0.925293 0.03262329 0.925293 0.03262329 0.925293 0.03262329 0.925293 0.03262329 0.925293 0.03262329 0.925293 0.03262329 0.925293 0.03262329 0.925293 0.03262329 0.925293 0.03262329 0.925293 0.03262329 0.925293 0.03262329 0.925293 0.03262329 0.925293 0.03262329 0.925293 0.03262329 0.925293 0.03262329 0.925293 0.03262329 0.925293 0.03262329 0.925293 0.03262329 0.925293 0.03262329 0.925293 0.03262329 0.925293 0.03262329 0.925293 0.03262329 0.925293 0.03262329 0.925293 0.03262329 0.925293 0.03262329 0.925293 0.03262329 0.925293 0.03262329 0.925293 0.03262329 0.925293 0.03262329 0.925293 0.03262329 0.925293 0.03262329 0.9677734 0.009590148 0.9677734 0.009590148 0.9677734 0.009590148 0.9677734 0.009590148 0.9677734 0.009590148 0.9677734 0.009590148 0.9677734 0.009590148 0.9677734 0.009590148 0.9677734 0.009590148 0.9677734 0.009590148 0.9677734 0.009590148 0.9677734 0.009590148 0.9677734 0.009590148 0.9677734 0.009590148 0.9677734 0.009590148 0.9677734 0.009590148 0.9677734 0.009590148 0.9677734 0.009590148 0.9204102 0.03289794 0.9204102 0.0336914 0.9204102 0.03424072 0.9204102 0.0336914 0.9204102 0.03289794 0.9204102 0.03176879 0.9204102 0.03329467 0.9204102 0.0336914 0.9204102 0.03176879 0.9204102 0.03329467 0.9204102 0.03176879 0.9204102 0.03277587 0.9204102 0.03176879 0.9204102 0.03108215 0.9204102 0.03277587 0.9204102 0.03277587 0.9204102 0.03108215 0.9204102 0.03274536 0.9204102 0.03108215 0.9204102 0.03106689 0.9204102 0.03274536 0.9204102 0.03274536 0.9204102 0.03106689 0.9204102 0.03326416 0.9204102 0.03106689 0.9204102 0.03173828 0.9204102 0.03326416 0.9204102 0.03326416 0.9204102 0.03173828 0.9204102 0.03286743 0.9204102 0.03366088 0.9204102 0.03326416 0.9204102 0.03286743 0.9204102 0.03366088 0.9204102 0.03286743 0.9204102 0.03424072 0.8203125 0.03732299 0.824707 0.03732299 0.8242188 0.03842163 0.8208008 0.03848266 0.8203125 0.03732299 0.8242188 0.03842163 0.8212891 0.03909301 0.8208008 0.03848266 0.8242188 0.03842163 0.8237305 0.0390625 0.8212891 0.03909301 0.8242188 0.03842163 0.8237305 0.0390625 0.8232422 0.03964233 0.8212891 0.03909301 0.8232422 0.03964233 0.8217774 0.03967285 0.8212891 0.03909301 0.8515625 0.04187011 0.8510742 0.04104614 0.8510742 0.04006958 0.8520508 0.04067993 0.8515625 0.04187011 0.8510742 0.04006958 0.8520508 0.04067993 0.8510742 0.04006958 0.8510742 0.03942871 0.8515625 0.04229736 0.8515625 0.04187011 0.8520508 0.04067993 0.8520508 0.04067993 0.8510742 0.03942871 0.8515625 0.03887939 0.8520508 0.04229736 0.8515625 0.04229736 0.8520508 0.04067993 0.8520508 0.04067993 0.8515625 0.03887939 0.8520508 0.03887939 0.8525391 0.04174804 0.8520508 0.04229736 0.8520508 0.04067993 0.8520508 0.04067993 0.8520508 0.03887939 0.8525391 0.0392456 0.8525391 0.04119873 0.8525391 0.04174804 0.8520508 0.04067993 0.8520508 0.04067993 0.8525391 0.0392456 0.8530274 0.04013061 0.8525391 0.04119873 0.8520508 0.04067993 0.8530274 0.04013061 0.7695313 0.06359863 0.7695313 0.06359863 0.7695313 0.06359863 0.7695313 0.06359863 0.7695313 0.06359863 0.7695313 0.06359863 0.7695313 0.06359863 0.7695313 0.06359863 0.7695313 0.06359863 0.7695313 0.06359863 0.7695313 0.06359863 0.7695313 0.06359863 0.7695313 0.03836059 0.7695313 0.03836059 0.7695313 0.03836059 0.7695313 0.03836059 0.7695313 0.03836059 0.7695313 0.03836059 0.7695313 0.03836059 0.7695313 0.03836059 0.7695313 0.03836059 0.7695313 0.03836059 0.7695313 0.03836059 0.7695313 0.03836059 0.7695313 0.03836059 0.7695313 0.03836059 0.7695313 0.03836059 0.7695313 0.03836059 0.7695313 0.03836059 0.7695313 0.03836059 0.7695313 0.03836059 0.7695313 0.03836059 0.7695313 0.03836059 0.7695313 0.03836059 0.7695313 0.03836059 0.7695313 0.03836059 0.7695313 0.03836059 0.7695313 0.03836059 0.7695313 0.03836059 0.7695313 0.03836059 0.7695313 0.03836059 0.7695313 0.03836059 0.7695313 0.03836059 0.7695313 0.03836059 0.7695313 0.03836059 0.7695313 0.03836059 0.7695313 0.03836059 0.7695313 0.03836059 0.8110352 0.06359863 0.8110352 0.06359863 0.8110352 0.06359863 0.8110352 0.06359863 0.8110352 0.06359863 0.8110352 0.06359863 0.8110352 0.06359863 0.8110352 0.06359863 0.8110352 0.06359863 0.8110352 0.06359863 0.8110352 0.06359863 0.8110352 0.06359863 0.8110352 0.06359863 0.8110352 0.06359863 0.8110352 0.06359863 0.8110352 0.06359863 0.8110352 0.06359863 0.8110352 0.06359863 0.8110352 0.03836059 0.8110352 0.03836059 0.8110352 0.03836059 0.8110352 0.03836059 0.8110352 0.03836059 0.8110352 0.03836059 0.8110352 0.03836059 0.8110352 0.03836059 0.8110352 0.03836059 0.8110352 0.03836059 0.8110352 0.03836059 0.8110352 0.03836059 0.8110352 0.03836059 0.8110352 0.03836059 0.8110352 0.03836059 0.8110352 0.03836059 0.8110352 0.03836059 0.8110352 0.03836059 0.8110352 0.03836059 0.8110352 0.03836059 0.8110352 0.03836059 0.8110352 0.03836059 0.8110352 0.03836059 0.8110352 0.03836059 0.8110352 0.03836059 0.8110352 0.03836059 0.8110352 0.03836059 0.8110352 0.03836059 0.8110352 0.03836059 0.8110352 0.03836059 0.8110352 0.03836059 0.8110352 0.03836059 0.8110352 0.03836059 0.8110352 0.03836059 0.8110352 0.03836059 0.8110352 0.03836059 0.7695313 0.06359863 0.7695313 0.06359863 0.7695313 0.06359863 0.7695313 0.06359863 0.7695313 0.06359863 0.7695313 0.06359863 0.7695313 0.06359863 0.7695313 0.06359863 0.7695313 0.06359863 0.7695313 0.06359863 0.7695313 0.06359863 0.7695313 0.06359863 0.7695313 0.03836059 0.7695313 0.03836059 0.7695313 0.03836059 0.7695313 0.03836059 0.7695313 0.03836059 0.7695313 0.03836059 0.7695313 0.03836059 0.7695313 0.03836059 0.7695313 0.03836059 0.7695313 0.03836059 0.7695313 0.03836059 0.7695313 0.03836059 0.7695313 0.03836059 0.7695313 0.03836059 0.7695313 0.03836059 0.7695313 0.03836059 0.7695313 0.03836059 0.7695313 0.03836059 0.7695313 0.03836059 0.7695313 0.03836059 0.7695313 0.03836059 0.7695313 0.03836059 0.7695313 0.03836059 0.7695313 0.03836059 0.7695313 0.03836059 0.7695313 0.03836059 0.7695313 0.03836059 0.7695313 0.03836059 0.7695313 0.03836059 0.7695313 0.03836059 0.7695313 0.03836059 0.7695313 0.03836059 0.7695313 0.03836059 0.7695313 0.03836059 0.7695313 0.03836059 0.7695313 0.03836059 0.8110352 0.06359863 0.8110352 0.06359863 0.8110352 0.06359863 0.8110352 0.06359863 0.8110352 0.06359863 0.8110352 0.06359863 0.8110352 0.06359863 0.8110352 0.06359863 0.8110352 0.06359863 0.8110352 0.06359863 0.8110352 0.06359863 0.8110352 0.06359863 0.8110352 0.06359863 0.8110352 0.06359863 0.8110352 0.06359863 0.8110352 0.06359863 0.8110352 0.06359863 0.8110352 0.06359863 0.8110352 0.03836059 0.8110352 0.03836059 0.8110352 0.03836059 0.8110352 0.03836059 0.8110352 0.03836059 0.8110352 0.03836059 0.8110352 0.03836059 0.8110352 0.03836059 0.8110352 0.03836059 0.8110352 0.03836059 0.8110352 0.03836059 0.8110352 0.03836059 0.8110352 0.03836059 0.8110352 0.03836059 0.8110352 0.03836059 0.8110352 0.03836059 0.8110352 0.03836059 0.8110352 0.03836059 0.8110352 0.03836059 0.8110352 0.03836059 0.8110352 0.03836059 0.8110352 0.03836059 0.8110352 0.03836059 0.8110352 0.03836059 0.8110352 0.03836059 0.8110352 0.03836059 0.8110352 0.03836059 0.8110352 0.03836059 0.8110352 0.03836059 0.8110352 0.03836059 0.8110352 0.03836059 0.8110352 0.03836059 0.8110352 0.03836059 0.8110352 0.03836059 0.8110352 0.03836059 0.8110352 0.03836059 0.8237305 0.04049682 0.8237305 0.04049682 0.8237305 0.04049682 0.8237305 0.04049682 0.8237305 0.04049682 0.8237305 0.04049682 0.8237305 0.04049682 0.8237305 0.04049682 0.8237305 0.04049682 0.8237305 0.04049682 0.8237305 0.04049682 0.8237305 0.04049682 0.8237305 0.04049682 0.8237305 0.04049682 0.8237305 0.04049682 0.8237305 0.04049682 0.8237305 0.04049682 0.8237305 0.04049682 0.8237305 0.04049682 0.8237305 0.04049682 0.8237305 0.04049682 0.8237305 0.04049682 0.8237305 0.04049682 0.8237305 0.04049682 0.925293 0.03262329 0.925293 0.03262329 0.925293 0.03262329 0.925293 0.03262329 0.925293 0.03262329 0.925293 0.03262329 0.925293 0.03262329 0.925293 0.03262329 0.925293 0.03262329 0.925293 0.03262329 0.925293 0.03262329 0.925293 0.03262329 0.925293 0.03262329 0.925293 0.03262329 0.925293 0.03262329 0.925293 0.03262329 0.925293 0.03262329 0.925293 0.03262329 0.925293 0.03262329 0.925293 0.03262329 0.925293 0.03262329 0.925293 0.03262329 0.925293 0.03262329 0.925293 0.03262329 0.925293 0.03262329 0.925293 0.03262329 0.925293 0.03262329 0.925293 0.03262329 0.925293 0.03262329 0.925293 0.03262329 0.925293 0.03262329 0.925293 0.03262329 0.925293 0.03262329 0.925293 0.03262329 0.925293 0.03262329 0.925293 0.03262329 0.925293 0.03262329 0.925293 0.03262329 0.925293 0.03262329 0.925293 0.03262329 0.925293 0.03262329 0.925293 0.03262329 0.925293 0.03262329 0.925293 0.03262329 0.925293 0.03262329 0.925293 0.03262329 0.925293 0.03262329 0.925293 0.03262329 0.5737305 0.2946777 0.5766602 0.2548828 0.5878906 0.2900391 0.5766602 0.2548828 0.590332 0.2592774 0.5878906 0.2900391 0.5878906 0.2900391 0.590332 0.2592774 0.6142578 0.2856445 0.5932617 0.225708 0.590332 0.2592774 0.5766602 0.2548828 0.5795899 0.2114257 0.5932617 0.225708 0.5766602 0.2548828 0.590332 0.2592774 0.6152344 0.2575684 0.6142578 0.2856445 0.6142578 0.2856445 0.6152344 0.2575684 0.6357422 0.2858887 0.6162109 0.2259521 0.6152344 0.2575684 0.590332 0.2592774 0.5932617 0.225708 0.6162109 0.2259521 0.590332 0.2592774 0.6152344 0.2575684 0.6347656 0.2575684 0.6357422 0.2858887 0.6152344 0.2575684 0.6162109 0.2259521 0.6347656 0.2575684 0.6357422 0.2858887 0.6347656 0.2575684 0.6621094 0.2902832 0.5932617 0.225708 0.5795899 0.2114257 0.5986328 0.2001953 0.5795899 0.2114257 0.5966797 0.1639404 0.5986328 0.2001953 0.6347656 0.2575684 0.659668 0.2595215 0.6621094 0.2902832 0.6621094 0.2902832 0.659668 0.2595215 0.6762695 0.2949219 0.659668 0.2595215 0.6733399 0.255127 0.6762695 0.2949219 0.6347656 0.2575684 0.6337891 0.2261962 0.659668 0.2595215 0.6162109 0.2259521 0.6337891 0.2261962 0.6347656 0.2575684 0.659668 0.2595215 0.6567383 0.225708 0.6733399 0.255127 0.6337891 0.2261962 0.6567383 0.225708 0.659668 0.2595215 0.6567383 0.225708 0.6704102 0.2115478 0.6733399 0.255127 0.5932617 0.225708 0.6010742 0.2097167 0.6162109 0.2259521 0.6010742 0.2097167 0.5932617 0.225708 0.5986328 0.2001953 0.6010742 0.2097167 0.6152344 0.2042236 0.6162109 0.2259521 0.6010742 0.2097167 0.5986328 0.2001953 0.6152344 0.2042236 0.6162109 0.2259521 0.6152344 0.2042236 0.6337891 0.2261962 0.6704102 0.2115478 0.6567383 0.225708 0.6513672 0.2003173 0.6533203 0.1640625 0.6704102 0.2115478 0.6513672 0.2003173 0.5986328 0.2001953 0.6142578 0.1936035 0.6152344 0.2042236 0.5986328 0.2001953 0.5966797 0.1639404 0.6142578 0.1936035 0.6489258 0.2098388 0.6567383 0.225708 0.6337891 0.2261962 0.6567383 0.225708 0.6489258 0.2098388 0.6513672 0.2003173 0.6152344 0.2042236 0.6347656 0.204956 0.6337891 0.2261962 0.6347656 0.204956 0.6489258 0.2098388 0.6337891 0.2261962 0.6152344 0.2042236 0.6142578 0.1936035 0.6347656 0.204956 0.6513672 0.2003173 0.6489258 0.2098388 0.6347656 0.204956 0.6142578 0.1936035 0.6357422 0.19458 0.6347656 0.204956 0.6357422 0.19458 0.6513672 0.2003173 0.6347656 0.204956 0.6533203 0.1640625 0.6513672 0.2003173 0.6357422 0.19458 0.6142578 0.1936035 0.5966797 0.1639404 0.6357422 0.19458 0.5966797 0.1639404 0.6533203 0.1640625 0.6357422 0.19458 0.5966797 0.1639404 0.6040039 0.1359863 0.6533203 0.1640625 0.6040039 0.1359863 0.5966797 0.1639404 0.5883789 0.1173095 0.5966797 0.1639404 0.5742188 0.1499023 0.5883789 0.1173095 0.5883789 0.1173095 0.5742188 0.1499023 0.5805664 0.09222412 0.5742188 0.1499023 0.5620117 0.1312255 0.5805664 0.09222412 0.5805664 0.09222412 0.5620117 0.1312255 0.5512695 0.1084594 0.5737305 0.0639038 0.5805664 0.09222412 0.5512695 0.1084594 0.5932617 0.07244873 0.5805664 0.09222412 0.5737305 0.0639038 0.5883789 0.1173095 0.5805664 0.09222412 0.5932617 0.07244873 0.5888672 0.04309082 0.5932617 0.07244873 0.5737305 0.0639038 0.5976563 0.09863281 0.5883789 0.1173095 0.5932617 0.07244873 0.5976563 0.09863281 0.6040039 0.1359863 0.5883789 0.1173095 0.6123047 0.06246948 0.5932617 0.07244873 0.5888672 0.04309082 0.5976563 0.09863281 0.5932617 0.07244873 0.6123047 0.06246948 0.6118164 0.03108215 0.6123047 0.06246948 0.5888672 0.04309082 0.6040039 0.1359863 0.5976563 0.09863281 0.612793 0.09094238 0.612793 0.09094238 0.5976563 0.09863281 0.6123047 0.06246948 0.6040039 0.1359863 0.6459961 0.1361083 0.6533203 0.1640625 0.6040039 0.1359863 0.612793 0.09094238 0.6459961 0.1361083 0.6123047 0.06246948 0.6118164 0.03108215 0.6376953 0.06256103 0.6118164 0.03108215 0.6381836 0.0311737 0.6376953 0.06256103 0.612793 0.09094238 0.6123047 0.06246948 0.637207 0.09100341 0.612793 0.09094238 0.637207 0.09100341 0.6459961 0.1361083 0.6123047 0.06246948 0.6376953 0.06256103 0.637207 0.09100341 0.6533203 0.1640625 0.6459961 0.1361083 0.6616211 0.1174316 0.6757813 0.1500244 0.6533203 0.1640625 0.6616211 0.1174316 0.6523438 0.09875488 0.6459961 0.1361083 0.637207 0.09100341 0.6523438 0.09875488 0.637207 0.09100341 0.6376953 0.06256103 0.6459961 0.1361083 0.6523438 0.09875488 0.6616211 0.1174316 0.6567383 0.07250976 0.6376953 0.06256103 0.6381836 0.0311737 0.6567383 0.07250976 0.6523438 0.09875488 0.6376953 0.06256103 0.6616211 0.1174316 0.6523438 0.09875488 0.6567383 0.07250976 0.6611328 0.04318237 0.6567383 0.07250976 0.6381836 0.0311737 0.6757813 0.1500244 0.6616211 0.1174316 0.6694336 0.09234619 0.6694336 0.09234619 0.6616211 0.1174316 0.6567383 0.07250976 0.6694336 0.09234619 0.6567383 0.07250976 0.6611328 0.04318237 0.6879883 0.1313476 0.6757813 0.1500244 0.6694336 0.09234619 0.6762695 0.06402587 0.6694336 0.09234619 0.6611328 0.04318237 0.6879883 0.1313476 0.6694336 0.09234619 0.6762695 0.06402587 0.6987305 0.1085205 0.6879883 0.1313476 0.6762695 0.06402587 0.8896484 0.01391601 0.8896484 0.01391601 0.8896484 0.01391601 0.8896484 0.01391601 0.8896484 0.01391601 0.8896484 0.01391601 0.8881836 0.01473236 0.8896484 0.01391601 0.8896484 0.01391601 0.8085938 0.1214599 0.8085938 0.1214599 0.8085938 0.1214599 0.8085938 0.1214599 0.8085938 0.1214599 0.8085938 0.1214599 0.8896484 0.01391601 0.8896484 0.01391601 0.8881836 0.01473236 0.8881836 0.01473236 0.8896484 0.01391601 0.8881836 0.01473236 0.8085938 0.1214599 0.8085938 0.1214599 0.8085938 0.1214599 0.8085938 0.1214599 0.8085938 0.1214599 0.8085938 0.1214599 0.8085938 0.1191406 0.8085938 0.1191406 0.8085938 0.1191406 0.8085938 0.1191406 0.8085938 0.1191406 0.8085938 0.1191406 0.8085938 0.1191406 0.8085938 0.1191406 0.8085938 0.1191406 0.8085938 0.1191406 0.8085938 0.1191406 0.8085938 0.1191406 0.8896484 0.01391601 0.8896484 0.01391601 0.8896484 0.01391601 0.8896484 0.01391601 0.8896484 0.01391601 0.8896484 0.01391601 0.8896484 0.01391601 0.8896484 0.01391601 0.8896484 0.01391601 0.8896484 0.01391601 0.8896484 0.01391601 0.8896484 0.01391601 0.8896484 0.01391601 0.8896484 0.01391601 0.8896484 0.01391601 0.8881836 0.01473236 0.8881836 0.01473236 0.8891602 0.01416015 0.8896484 0.01391601 0.8881836 0.01473236 0.8891602 0.01416015 0.8896484 0.01391601 0.8896484 0.01391601 0.8891602 0.01416015 0.8896484 0.01391601 0.8891602 0.01416015 0.8896484 0.01391601 0.8896484 0.01391601 0.8896484 0.01391601 0.8896484 0.01391601 0.8896484 0.01391601 0.8896484 0.01391601 0.8896484 0.01391601 0.8896484 0.01391601 0.8896484 0.01391601 0.8896484 0.01391601 0.9946289 0.01593017 0.9946289 0.01593017 0.9946289 0.01593017 0.9946289 0.01593017 0.9946289 0.01593017 0.9946289 0.01593017 0.9946289 0.01593017 0.9946289 0.01593017 0.9946289 0.01593017 0.9946289 0.01593017 0.9946289 0.01593017 0.9946289 0.01593017 0.9946289 0.01593017 0.9946289 0.01593017 0.9946289 0.01593017 0.9946289 0.01593017 0.9946289 0.01593017 0.9946289 0.01593017 0.9946289 0.01593017 0.9946289 0.01593017 0.9946289 0.01593017 0.9946289 0.01593017 0.9946289 0.01593017 0.9946289 0.01593017 0.9946289 0.01593017 0.9946289 0.01593017 0.9946289 0.01593017 0.9946289 0.01593017 0.9946289 0.01593017 0.9946289 0.01593017 0.9946289 0.01593017 0.9946289 0.01593017 0.9946289 0.01593017 0.9946289 0.01593017 0.9946289 0.01593017 0.9946289 0.01593017 0.9946289 0.01593017 0.9946289 0.01593017 0.9946289 0.01593017 0.9946289 0.01593017 0.9946289 0.01593017 0.9946289 0.01593017 0.9946289 0.01593017 0.9946289 0.01593017 0.9946289 0.01593017 0.9946289 0.01593017 0.9946289 0.01593017 0.9946289 0.01593017 0.9946289 0.01593017 0.9946289 0.01593017 0.9946289 0.01593017 0.9946289 0.01593017 0.9946289 0.01593017 0.9946289 0.01593017 0.9946289 0.01593017 0.9946289 0.01593017 0.9946289 0.01593017 0.9946289 0.01593017 0.9946289 0.01593017 0.9946289 0.01593017 0.9946289 0.01593017 0.9946289 0.01593017 0.9946289 0.01593017 0.9946289 0.01593017 0.9946289 0.01593017 0.9946289 0.01593017 0.9946289 0.01593017 0.9946289 0.01593017 0.9946289 0.01593017 0.9946289 0.01593017 0.9946289 0.01593017 0.9946289 0.01593017 0.9946289 0.01593017 0.9946289 0.01593017 0.9946289 0.01593017 0.9946289 0.01593017 0.9946289 0.01593017 0.9946289 0.01593017 0.9946289 0.01593017 0.9946289 0.01593017 0.9946289 0.01593017 0.9946289 0.01593017 0.9946289 0.01593017 0.9946289 0.01593017 0.9946289 0.01593017 0.9946289 0.01593017 0.9946289 0.01593017 0.9946289 0.01593017 0.9946289 0.01593017 0.9946289 0.01593017 0.9946289 0.01593017 0.9946289 0.01593017 0.9946289 0.01593017 0.9677734 0.01162719 0.9677734 0.01162719 0.9677734 0.01162719 0.9677734 0.01162719 0.9677734 0.01162719 0.9677734 0.01162719 0.9677734 0.01162719 0.9677734 0.01162719 0.9677734 0.01162719 0.9677734 0.01162719 0.9677734 0.01162719 0.9677734 0.01162719 0.9677734 0.01162719 0.9677734 0.01162719 0.9677734 0.01162719 0.9677734 0.01162719 0.9677734 0.01162719 0.9677734 0.01162719 0.9677734 0.01162719 0.9677734 0.01162719 0.9677734 0.01162719 0.9677734 0.01162719 0.9677734 0.01162719 0.9677734 0.01162719 0.9677734 0.01162719 0.9677734 0.01162719 0.9677734 0.01162719 0.9677734 0.01162719 0.9677734 0.01162719 0.9677734 0.01162719 0.9677734 0.01162719 0.9677734 0.01162719 0.9677734 0.01162719 0.9677734 0.01162719 0.9677734 0.01162719 0.9677734 0.01162719 0.9677734 0.01162719 0.9677734 0.01162719 0.9677734 0.01162719 0.9677734 0.01162719 0.9677734 0.01162719 0.9677734 0.01162719 0.9677734 0.01162719 0.9677734 0.01162719 0.9677734 0.01162719 0.9677734 0.01162719 0.9677734 0.01162719 0.9677734 0.01162719 0.9677734 0.01162719 0.9677734 0.01162719 0.9677734 0.01162719 0.9677734 0.01162719 0.9677734 0.01162719 0.9677734 0.01162719 0.9677734 0.01162719 0.9677734 0.01162719 0.9677734 0.01162719 0.9677734 0.01162719 0.9677734 0.01162719 0.9677734 0.01162719 0.9677734 0.01162719 0.9677734 0.01162719 0.9677734 0.01162719 0.9677734 0.01162719 0.9677734 0.01162719 0.9677734 0.01162719 0.9677734 0.01162719 0.9677734 0.01162719 0.9677734 0.01162719 0.9677734 0.01162719 0.9677734 0.01162719 0.9677734 0.01162719 0.9677734 0.01162719 0.9677734 0.01162719 0.9677734 0.01162719 0.9677734 0.01162719 0.9677734 0.01162719 0.9677734 0.01162719 0.9677734 0.01162719 0.9677734 0.01162719 0.9677734 0.01162719 0.9677734 0.01162719 0.9677734 0.01162719 0.9677734 0.01162719 0.9677734 0.01162719 0.9677734 0.01162719 0.9677734 0.01162719 0.9677734 0.01162719 0.9677734 0.01162719 0.9677734 0.01162719 0.9677734 0.01162719 0.9677734 0.01162719 0.9677734 0.01162719 0.9677734 0.01162719 0.9677734 0.01162719 0.9677734 0.01162719 0.9677734 0.01162719 0.9677734 0.01162719 0.9677734 0.01162719 0.9677734 0.01162719 0.9677734 0.01162719 0.9677734 0.01162719 0.9677734 0.01162719 0.9677734 0.01162719 0.9677734 0.01162719 0.9677734 0.01162719 0.9677734 0.01162719 0.9677734 0.01162719 0.9677734 0.01162719 0.9677734 0.01162719 0.9677734 0.01162719 0.9677734 0.01162719 0.9677734 0.01162719 0.9677734 0.01162719 0.9677734 0.01162719 0.9677734 0.01162719 0.9677734 0.01162719 0.9677734 0.01162719 0.9677734 0.01162719 0.9677734 0.01162719 0.9677734 0.01162719 0.9677734 0.01162719 0.9677734 0.01162719 0.9677734 0.01162719 0.9677734 0.01162719 0.9677734 0.01162719 0.9677734 0.01162719 0.9677734 0.01162719 0.9677734 0.01162719 0.9677734 0.01162719 0.9677734 0.01162719 0.9677734 0.01162719 0.7270508 0.1618652 0.7324219 0.1601562 0.7304688 0.1768798 0.7324219 0.1601562 0.7270508 0.1618652 0.7319336 0.1212768 0.7270508 0.1618652 0.7265625 0.1231079 0.7319336 0.1212768 0.7319336 0.1212768 0.7265625 0.1231079 0.7260742 0.1015625 0.7324219 0.1601562 0.7319336 0.1212768 0.7373047 0.1578369 0.7324219 0.1601562 0.7373047 0.1578369 0.7348633 0.1783447 0.7314453 0.09967041 0.7319336 0.1212768 0.7260742 0.1015625 0.7314453 0.09967041 0.7260742 0.1015625 0.7255859 0.08050537 0.7319336 0.1212768 0.7368164 0.1212768 0.7373047 0.1578369 0.7368164 0.1212768 0.7319336 0.1212768 0.7314453 0.09967041 0.7314453 0.07916259 0.7314453 0.09967041 0.7255859 0.08050537 0.7314453 0.07916259 0.7255859 0.08050537 0.7246094 0.04946899 0.7368164 0.09820556 0.7368164 0.1212768 0.7314453 0.09967041 0.7314453 0.09967041 0.7314453 0.07916259 0.7368164 0.09820556 0.7373047 0.1578369 0.7368164 0.1212768 0.7421875 0.1220703 0.7421875 0.1220703 0.7368164 0.1212768 0.7368164 0.09820556 0.7431641 0.158081 0.7373047 0.1578369 0.7421875 0.1220703 0.7431641 0.158081 0.7402344 0.1766357 0.7373047 0.1578369 0.730957 0.04867553 0.7314453 0.07916259 0.7246094 0.04946899 0.7314453 0.07916259 0.7368164 0.07629394 0.7368164 0.09820556 0.7314453 0.07916259 0.730957 0.04867553 0.7368164 0.07629394 0.7426758 0.09912109 0.7421875 0.1220703 0.7368164 0.09820556 0.7368164 0.09820556 0.7368164 0.07629394 0.7426758 0.09912109 0.730957 0.04867553 0.7246094 0.04946899 0.7304688 0.02807617 0.7246094 0.04946899 0.7246094 0.02879333 0.7304688 0.02807617 0.7246094 0.02879333 0.7241211 0.007362365 0.7304688 0.02807617 0.7241211 0.007362365 0.7299805 0.006694793 0.7304688 0.02807617 0.7304688 0.02807617 0.7299805 0.006694793 0.7363281 0.02217102 0.730957 0.04867553 0.7304688 0.02807617 0.7363281 0.02217102 0.7299805 0.006694793 0.7358399 -3.83377e-4 0.7363281 0.02217102 0.730957 0.04867553 0.7363281 0.04391479 0.7368164 0.07629394 0.7363281 0.04391479 0.730957 0.04867553 0.7363281 0.02217102 0.7363281 0.02217102 0.7358399 -3.83377e-4 0.7421875 0.02210998 0.7363281 0.04391479 0.7363281 0.02217102 0.7421875 0.02210998 0.7358399 -3.83377e-4 0.7416992 -3.90291e-4 0.7421875 0.02210998 0.7368164 0.07629394 0.7426758 0.07672119 0.7426758 0.09912109 0.7368164 0.07629394 0.7363281 0.04391479 0.7426758 0.07672119 0.7426758 0.09912109 0.7480469 0.1010131 0.7421875 0.1220703 0.7480469 0.1010131 0.7426758 0.09912109 0.7426758 0.07672119 0.7480469 0.1010131 0.7475586 0.123413 0.7421875 0.1220703 0.7431641 0.158081 0.7421875 0.1220703 0.7475586 0.123413 0.7475586 0.1647949 0.7431641 0.158081 0.7475586 0.123413 0.7475586 0.1647949 0.7451172 0.1761474 0.7431641 0.158081 0.7480469 0.07977294 0.7480469 0.1010131 0.7426758 0.07672119 0.7480469 0.04849243 0.7480469 0.07977294 0.7426758 0.07672119 0.7363281 0.04391479 0.7421875 0.04379272 0.7426758 0.07672119 0.7421875 0.04379272 0.7480469 0.04849243 0.7426758 0.07672119 0.7421875 0.04379272 0.7363281 0.04391479 0.7421875 0.02210998 0.7480469 0.04849243 0.7421875 0.04379272 0.7480469 0.02780151 0.7421875 0.04379272 0.7421875 0.02210998 0.7480469 0.02780151 0.7421875 0.02210998 0.7416992 -3.90291e-4 0.7480469 0.02780151 0.7416992 -3.90291e-4 0.7480469 0.006313323 0.7480469 0.02780151</float_array>
          <technique_common>
            <accessor source="#FlatSkin_EngineerMonkey_DoubleGun-mesh-map-0-array" count="3378" stride="2">
              <param name="S" type="float"/>
              <param name="T" type="float"/>
            </accessor>
          </technique_common>
        </source>
        <source id="FlatSkin_EngineerMonkey_DoubleGun-mesh-colors-Col" name="Col">
          <float_array id="FlatSkin_EngineerMonkey_DoubleGun-mesh-colors-Col-array" count="13512">0.4705882 0.2313725 0.1019608 1 0.4705882 0.2313725 0.1019608 1 0.4705882 0.2313725 0.1019608 1 0.4705882 0.2313725 0.1019608 1 0.4705882 0.2313725 0.1019608 1 0.4705882 0.2313725 0.1019608 1 0.4705882 0.2313725 0.1019608 1 0.4705882 0.2313725 0.1019608 1 0.4705882 0.2313725 0.1019608 1 0.4705882 0.2313725 0.1019608 1 0.4705882 0.2313725 0.1019608 1 0.4705882 0.2313725 0.1019608 1 0.4705882 0.2313725 0.1019608 1 0.4705882 0.2313725 0.1019608 1 0.4705882 0.2313725 0.1019608 1 0.4705882 0.2313725 0.1019608 1 0.4705882 0.2313725 0.1019608 1 0.4705882 0.2313725 0.1019608 1 0.4705882 0.2313725 0.1019608 1 0.4705882 0.2313725 0.1019608 1 0.4705882 0.2313725 0.1019608 1 0.4705882 0.2313725 0.1019608 1 0.4705882 0.2313725 0.1019608 1 0.4705882 0.2313725 0.1019608 1 0.4705882 0.2313725 0.1019608 1 0.4705882 0.2313725 0.1019608 1 0.4705882 0.2313725 0.1019608 1 0.4705882 0.2313725 0.1019608 1 0.4705882 0.2313725 0.1019608 1 0.4705882 0.2313725 0.1019608 1 0.4705882 0.2313725 0.1019608 1 0.4705882 0.2313725 0.1019608 1 0.4705882 0.2313725 0.1019608 1 0.4705882 0.2313725 0.1019608 1 0.4705882 0.2313725 0.1019608 1 0.4705882 0.2313725 0.1019608 1 0.4705882 0.2313725 0.1019608 1 0.4705882 0.2313725 0.1019608 1 0.4705882 0.2313725 0.1019608 1 0.4705882 0.2313725 0.1019608 1 0.4705882 0.2313725 0.1019608 1 0.4705882 0.2313725 0.1019608 1 0.4705882 0.2313725 0.1019608 1 0.4705882 0.2313725 0.1019608 1 0.4705882 0.2313725 0.1019608 1 0.4705882 0.2313725 0.1019608 1 0.4705882 0.2313725 0.1019608 1 0.4705882 0.2313725 0.1019608 1 0.4705882 0.2313725 0.1019608 1 0.4705882 0.2313725 0.1019608 1 0.4705882 0.2313725 0.1019608 1 0.4705882 0.2313725 0.1019608 1 0.4705882 0.2313725 0.1019608 1 0.4705882 0.2313725 0.1019608 1 0.4705882 0.2313725 0.1019608 1 0.4705882 0.2313725 0.1019608 1 0.4705882 0.2313725 0.1019608 1 0.4705882 0.2313725 0.1019608 1 0.4705882 0.2313725 0.1019608 1 0.4705882 0.2313725 0.1019608 1 0.4705882 0.2313725 0.1019608 1 0.4705882 0.2313725 0.1019608 1 0.4705882 0.2313725 0.1019608 1 0.4705882 0.2313725 0.1019608 1 0.4705882 0.2313725 0.1019608 1 0.4705882 0.2313725 0.1019608 1 0.4705882 0.2313725 0.1019608 1 0.4705882 0.2313725 0.1019608 1 0.4705882 0.2313725 0.1019608 1 0.4705882 0.2313725 0.1019608 1 0.4705882 0.2313725 0.1019608 1 0.4705882 0.2313725 0.1019608 1 0.4705882 0.2313725 0.1019608 1 0.4705882 0.2313725 0.1019608 1 0.4705882 0.2313725 0.1019608 1 0.4705882 0.2313725 0.1019608 1 0.4705882 0.2313725 0.1019608 1 0.4705882 0.2313725 0.1019608 1 0.4705882 0.2313725 0.1019608 1 0.4705882 0.2313725 0.1019608 1 0.4705882 0.2313725 0.1019608 1 0.4705882 0.2313725 0.1019608 1 0.4705882 0.2313725 0.1019608 1 0.4705882 0.2313725 0.1019608 1 0.4705882 0.2313725 0.1019608 1 0.4705882 0.2313725 0.1019608 1 0.4705882 0.2313725 0.1019608 1 0.4705882 0.2313725 0.1019608 1 0.4705882 0.2313725 0.1019608 1 0.4705882 0.2313725 0.1019608 1 0.4705882 0.2313725 0.1019608 1 0.4705882 0.2313725 0.1019608 1 0.4705882 0.2313725 0.1019608 1 0.4705882 0.2313725 0.1019608 1 0.4705882 0.2313725 0.1019608 1 0.4705882 0.2313725 0.1019608 1 0.4705882 0.2313725 0.1019608 1 0.4705882 0.2313725 0.1019608 1 0.4705882 0.2313725 0.1019608 1 0.4705882 0.2313725 0.1019608 1 0.4705882 0.2313725 0.1019608 1 0.4705882 0.2313725 0.1019608 1 0.4705882 0.2313725 0.1019608 1 0.4705882 0.2313725 0.1019608 1 0.4705882 0.2313725 0.1019608 1 0.4705882 0.2313725 0.1019608 1 0.4705882 0.2313725 0.1019608 1 0.4705882 0.2313725 0.1019608 1 0.4705882 0.2313725 0.1019608 1 0.4705882 0.2313725 0.1019608 1 0.4705882 0.2313725 0.1019608 1 0.4705882 0.2313725 0.1019608 1 0.4705882 0.2313725 0.1019608 1 0.4705882 0.2313725 0.1019608 1 0.4705882 0.2313725 0.1019608 1 0.4705882 0.2313725 0.1019608 1 0.4705882 0.2313725 0.1019608 1 0.4705882 0.2313725 0.1019608 1 0.4705882 0.2313725 0.1019608 1 0.4705882 0.2313725 0.1019608 1 0.4705882 0.2313725 0.1019608 1 0.4705882 0.2313725 0.1019608 1 0.4705882 0.2313725 0.1019608 1 0.4705882 0.2313725 0.1019608 1 0.4705882 0.2313725 0.1019608 1 0.4705882 0.2313725 0.1019608 1 0.4705882 0.2313725 0.1019608 1 0.4705882 0.2313725 0.1019608 1 0.4705882 0.2313725 0.1019608 1 0.4705882 0.2313725 0.1019608 1 0.4705882 0.2313725 0.1019608 1 0.4705882 0.2313725 0.1019608 1 0.4705882 0.2313725 0.1019608 1 0.4705882 0.2313725 0.1019608 1 0.4705882 0.2313725 0.1019608 1 0.4705882 0.2313725 0.1019608 1 0.4705882 0.2313725 0.1019608 1 0.4705882 0.2313725 0.1019608 1 0.4705882 0.2313725 0.1019608 1 0.4705882 0.2313725 0.1019608 1 0.4705882 0.2313725 0.1019608 1 0.4705882 0.2313725 0.1019608 1 0.4705882 0.2313725 0.1019608 1 0.4705882 0.2313725 0.1019608 1 0.4705882 0.2313725 0.1019608 1 0.4705882 0.2313725 0.1019608 1 0.4705882 0.2313725 0.1019608 1 0.4705882 0.2313725 0.1019608 1 0.4705882 0.2313725 0.1019608 1 0.4705882 0.2313725 0.1019608 1 0.4705882 0.2313725 0.1019608 1 0.4705882 0.2313725 0.1019608 1 0.4705882 0.2313725 0.1019608 1 0.4705882 0.2313725 0.1019608 1 0.4705882 0.2313725 0.1019608 1 0.4705882 0.2313725 0.1019608 1 0.4705882 0.2313725 0.1019608 1 0.4705882 0.2313725 0.1019608 1 0.4705882 0.2313725 0.1019608 1 0.4705882 0.2313725 0.1019608 1 0.4705882 0.2313725 0.1019608 1 0.4705882 0.2313725 0.1019608 1 0.4705882 0.2313725 0.1019608 1 0.4705882 0.2313725 0.1019608 1 0.4705882 0.2313725 0.1019608 1 0.4705882 0.2313725 0.1019608 1 0.4705882 0.2313725 0.1019608 1 0.4705882 0.2313725 0.1019608 1 0.4705882 0.2313725 0.1019608 1 0.4705882 0.2313725 0.1019608 1 0.4705882 0.2313725 0.1019608 1 0.4705882 0.2313725 0.1019608 1 0.4705882 0.2313725 0.1019608 1 0.4705882 0.2313725 0.1019608 1 0.4705882 0.2313725 0.1019608 1 0.4705882 0.2313725 0.1019608 1 0.4705882 0.2313725 0.1019608 1 0.4705882 0.2313725 0.1019608 1 0.4705882 0.2313725 0.1019608 1 0.4705882 0.2313725 0.1019608 1 0.4705882 0.2313725 0.1019608 1 0.4705882 0.2313725 0.1019608 1 0.4705882 0.2313725 0.1019608 1 0.4705882 0.2313725 0.1019608 1 0.4705882 0.2313725 0.1019608 1 0.4705882 0.2313725 0.1019608 1 0.4705882 0.2313725 0.1019608 1 0.4705882 0.2313725 0.1019608 1 0.4705882 0.2313725 0.1019608 1 0.4705882 0.2313725 0.1019608 1 0.4705882 0.2313725 0.1019608 1 0.4705882 0.2313725 0.1019608 1 0.4705882 0.2313725 0.1019608 1 0.4705882 0.2313725 0.1019608 1 0.4705882 0.2313725 0.1019608 1 0.4705882 0.2313725 0.1019608 1 0.4705882 0.2313725 0.1019608 1 0.4705882 0.2313725 0.1019608 1 0.4705882 0.2313725 0.1019608 1 0.4705882 0.2313725 0.1019608 1 0.4705882 0.2313725 0.1019608 1 0.4705882 0.2313725 0.1019608 1 0.4705882 0.2313725 0.1019608 1 0.4705882 0.2313725 0.1019608 1 0.4705882 0.2313725 0.1019608 1 0.4705882 0.2313725 0.1019608 1 0.4705882 0.2313725 0.1019608 1 0.4705882 0.2313725 0.1019608 1 0.4705882 0.2313725 0.1019608 1 0.4705882 0.2313725 0.1019608 1 0.4705882 0.2313725 0.1019608 1 0.4705882 0.2313725 0.1019608 1 0.4705882 0.2313725 0.1019608 1 0.4705882 0.2313725 0.1019608 1 0.4705882 0.2313725 0.1019608 1 0.4705882 0.2313725 0.1019608 1 0.4705882 0.2313725 0.1019608 1 0.4705882 0.2313725 0.1019608 1 0.4705882 0.2313725 0.1019608 1 0.4705882 0.2313725 0.1019608 1 0.4705882 0.2313725 0.1019608 1 0.4705882 0.2313725 0.1019608 1 0.4705882 0.2313725 0.1019608 1 0.4705882 0.2313725 0.1019608 1 0.4705882 0.2313725 0.1019608 1 0.4705882 0.2313725 0.1019608 1 0.4705882 0.2313725 0.1019608 1 0.4705882 0.2313725 0.1019608 1 0.4705882 0.2313725 0.1019608 1 0.4705882 0.2313725 0.1019608 1 0.4705882 0.2313725 0.1019608 1 0.4705882 0.2313725 0.1019608 1 0.4705882 0.2313725 0.1019608 1 0.4705882 0.2313725 0.1019608 1 0.4705882 0.2313725 0.1019608 1 0.4705882 0.2313725 0.1019608 1 0.4705882 0.2313725 0.1019608 1 0.4705882 0.2313725 0.1019608 1 0.4705882 0.2313725 0.1019608 1 0.4705882 0.2313725 0.1019608 1 0.4705882 0.2313725 0.1019608 1 0.4705882 0.2313725 0.1019608 1 0.4705882 0.2313725 0.1019608 1 0.4705882 0.2313725 0.1019608 1 0.4705882 0.2313725 0.1019608 1 0.4705882 0.2313725 0.1019608 1 0.4705882 0.2313725 0.1019608 1 0.4705882 0.2313725 0.1019608 1 0.4705882 0.2313725 0.1019608 1 0.4705882 0.2313725 0.1019608 1 0.4705882 0.2313725 0.1019608 1 0.4705882 0.2313725 0.1019608 1 0.4705882 0.2313725 0.1019608 1 0.4705882 0.2313725 0.1019608 1 0.4705882 0.2313725 0.1019608 1 0.4705882 0.2313725 0.1019608 1 0.4705882 0.2313725 0.1019608 1 0.4705882 0.2313725 0.1019608 1 0.4705882 0.2313725 0.1019608 1 0.4705882 0.2313725 0.1019608 1 0.4705882 0.2313725 0.1019608 1 0.4705882 0.2313725 0.1019608 1 0.4705882 0.2313725 0.1019608 1 0.4705882 0.2313725 0.1019608 1 0.4705882 0.2313725 0.1019608 1 0.4705882 0.2313725 0.1019608 1 0.4705882 0.2313725 0.1019608 1 0.4705882 0.2313725 0.1019608 1 0.4705882 0.2313725 0.1019608 1 0.4705882 0.2313725 0.1019608 1 0.4705882 0.2313725 0.1019608 1 0.4705882 0.2313725 0.1019608 1 0.4705882 0.2313725 0.1019608 1 0.4705882 0.2313725 0.1019608 1 0.4705882 0.2313725 0.1019608 1 0.4705882 0.2313725 0.1019608 1 0.4705882 0.2313725 0.1019608 1 0.4705882 0.2313725 0.1019608 1 0.4705882 0.2313725 0.1019608 1 0.4705882 0.2313725 0.1019608 1 0.4705882 0.2313725 0.1019608 1 0.4705882 0.2313725 0.1019608 1 0.4705882 0.2313725 0.1019608 1 0.4705882 0.2313725 0.1019608 1 0.4705882 0.2313725 0.1019608 1 0.4705882 0.2313725 0.1019608 1 0.4705882 0.2313725 0.1019608 1 0.4705882 0.2313725 0.1019608 1 0.4705882 0.2313725 0.1019608 1 0.4705882 0.2313725 0.1019608 1 0.4705882 0.2313725 0.1019608 1 0.4705882 0.2313725 0.1019608 1 0.4705882 0.2313725 0.1019608 1 0.4705882 0.2313725 0.1019608 1 0.4705882 0.2313725 0.1019608 1 0.4705882 0.2313725 0.1019608 1 0.4705882 0.2313725 0.1019608 1 0.4705882 0.2313725 0.1019608 1 0.4705882 0.2313725 0.1019608 1 0.4705882 0.2313725 0.1019608 1 0.4705882 0.2313725 0.1019608 1 0.4705882 0.2313725 0.1019608 1 0.4705882 0.2313725 0.1019608 1 0.4705882 0.2313725 0.1019608 1 0.4705882 0.2313725 0.1019608 1 0.4705882 0.2313725 0.1019608 1 0.4705882 0.2313725 0.1019608 1 0.4705882 0.2313725 0.1019608 1 0.4705882 0.2313725 0.1019608 1 0.4705882 0.2313725 0.1019608 1 0.4705882 0.2313725 0.1019608 1 0.4705882 0.2313725 0.1019608 1 0.4705882 0.2313725 0.1019608 1 0.4705882 0.2313725 0.1019608 1 0.4705882 0.2313725 0.1019608 1 0.4705882 0.2313725 0.1019608 1 0.4705882 0.2313725 0.1019608 1 0.4705882 0.2313725 0.1019608 1 0.4705882 0.2313725 0.1019608 1 0.4705882 0.2313725 0.1019608 1 0.4705882 0.2313725 0.1019608 1 0.4705882 0.2313725 0.1019608 1 0.4705882 0.2313725 0.1019608 1 0.4705882 0.2313725 0.1019608 1 0.4705882 0.2313725 0.1019608 1 0.4705882 0.2313725 0.1019608 1 0.4705882 0.2313725 0.1019608 1 0.4705882 0.2313725 0.1019608 1 0.4705882 0.2313725 0.1019608 1 0.4705882 0.2313725 0.1019608 1 0.4705882 0.2313725 0.1019608 1 0.4705882 0.2313725 0.1019608 1 0.4705882 0.2313725 0.1019608 1 0.4705882 0.2313725 0.1019608 1 0.4705882 0.2313725 0.1019608 1 0.4705882 0.2313725 0.1019608 1 0.4705882 0.2313725 0.1019608 1 0.4705882 0.2313725 0.1019608 1 0.4705882 0.2313725 0.1019608 1 0.4705882 0.2313725 0.1019608 1 0.4705882 0.2313725 0.1019608 1 0.4705882 0.2313725 0.1019608 1 0.4705882 0.2313725 0.1019608 1 0.4705882 0.2313725 0.1019608 1 0.4705882 0.2313725 0.1019608 1 0.4705882 0.2313725 0.1019608 1 0.4705882 0.2313725 0.1019608 1 0.4705882 0.2313725 0.1019608 1 0.4705882 0.2313725 0.1019608 1 0.4705882 0.2313725 0.1019608 1 0.4705882 0.2313725 0.1019608 1 0.4705882 0.2313725 0.1019608 1 0.4705882 0.2313725 0.1019608 1 0.4705882 0.2313725 0.1019608 1 0.4705882 0.2313725 0.1019608 1 0.4705882 0.2313725 0.1019608 1 0.4705882 0.2313725 0.1019608 1 0.4705882 0.2313725 0.1019608 1 0.4705882 0.2313725 0.1019608 1 0.4705882 0.2313725 0.1019608 1 0.4705882 0.2313725 0.1019608 1 0.4705882 0.2313725 0.1019608 1 0.4705882 0.2313725 0.1019608 1 0.4705882 0.2313725 0.1019608 1 0.4705882 0.2313725 0.1019608 1 0.4705882 0.2313725 0.1019608 1 0.4705882 0.2313725 0.1019608 1 0.4705882 0.2313725 0.1019608 1 0.4705882 0.2313725 0.1019608 1 0.4705882 0.2313725 0.1019608 1 0.4705882 0.2313725 0.1019608 1 0.4705882 0.2313725 0.1019608 1 0.4705882 0.2313725 0.1019608 1 0.4705882 0.2313725 0.1019608 1 0.4705882 0.2313725 0.1019608 1 0.4705882 0.2313725 0.1019608 1 0.4705882 0.2313725 0.1019608 1 0.4705882 0.2313725 0.1019608 1 0.4705882 0.2313725 0.1019608 1 0.4705882 0.2313725 0.1019608 1 0.4705882 0.2313725 0.1019608 1 0.4705882 0.2313725 0.1019608 1 0.4705882 0.2313725 0.1019608 1 0.4705882 0.2313725 0.1019608 1 0.4705882 0.2313725 0.1019608 1 0.4705882 0.2313725 0.1019608 1 0.4705882 0.2313725 0.1019608 1 0.4705882 0.2313725 0.1019608 1 0.4705882 0.2313725 0.1019608 1 0.4705882 0.2313725 0.1019608 1 0.4705882 0.2313725 0.1019608 1 0.4705882 0.2313725 0.1019608 1 0.4705882 0.2313725 0.1019608 1 0.4705882 0.2313725 0.1019608 1 0.4705882 0.2313725 0.1019608 1 0.4705882 0.2313725 0.1019608 1 0.4705882 0.2313725 0.1019608 1 0.4705882 0.2313725 0.1019608 1 0.4705882 0.2313725 0.1019608 1 0.4705882 0.2313725 0.1019608 1 0.4705882 0.2313725 0.1019608 1 0.4705882 0.2313725 0.1019608 1 0.4705882 0.2313725 0.1019608 1 0.4705882 0.2313725 0.1019608 1 0.4705882 0.2313725 0.1019608 1 0.4705882 0.2313725 0.1019608 1 0.4705882 0.2313725 0.1019608 1 0.4705882 0.2313725 0.1019608 1 0.4705882 0.2313725 0.1019608 1 0.4705882 0.2313725 0.1019608 1 0.4705882 0.2313725 0.1019608 1 0.4705882 0.2313725 0.1019608 1 0.4705882 0.2313725 0.1019608 1 0.4705882 0.2313725 0.1019608 1 0.4705882 0.2313725 0.1019608 1 0.4705882 0.2313725 0.1019608 1 0.4705882 0.2313725 0.1019608 1 0.4705882 0.2313725 0.1019608 1 0.4705882 0.2313725 0.1019608 1 0.4705882 0.2313725 0.1019608 1 0.4705882 0.2313725 0.1019608 1 0.4705882 0.2313725 0.1019608 1 0.4705882 0.2313725 0.1019608 1 0.4705882 0.2313725 0.1019608 1 0.4705882 0.2313725 0.1019608 1 0.4705882 0.2313725 0.1019608 1 0.4705882 0.2313725 0.1019608 1 0.4705882 0.2313725 0.1019608 1 0.4705882 0.2313725 0.1019608 1 0.4705882 0.2313725 0.1019608 1 0.4705882 0.2313725 0.1019608 1 0.4705882 0.2313725 0.1019608 1 0.4705882 0.2313725 0.1019608 1 0.4705882 0.2313725 0.1019608 1 0.4705882 0.2313725 0.1019608 1 0.4705882 0.2313725 0.1019608 1 0.4705882 0.2313725 0.1019608 1 0.4705882 0.2313725 0.1019608 1 0.4705882 0.2313725 0.1019608 1 0.4705882 0.2313725 0.1019608 1 0.4705882 0.2313725 0.1019608 1 0.4705882 0.2313725 0.1019608 1 0.4705882 0.2313725 0.1019608 1 0.4705882 0.2313725 0.1019608 1 0.4705882 0.2313725 0.1019608 1 0.4705882 0.2313725 0.1019608 1 0.4705882 0.2313725 0.1019608 1 0.4705882 0.2313725 0.1019608 1 0.4705882 0.2313725 0.1019608 1 0.4705882 0.2313725 0.1019608 1 0.4705882 0.2313725 0.1019608 1 0.4705882 0.2313725 0.1019608 1 0.4705882 0.2313725 0.1019608 1 0.4705882 0.2313725 0.1019608 1 0.4705882 0.2313725 0.1019608 1 0.4705882 0.2313725 0.1019608 1 0.4705882 0.2313725 0.1019608 1 0.4705882 0.2313725 0.1019608 1 0.4705882 0.2313725 0.1019608 1 0.4705882 0.2313725 0.1019608 1 0.4705882 0.2313725 0.1019608 1 0.4705882 0.2313725 0.1019608 1 0.4705882 0.2313725 0.1019608 1 0.4705882 0.2313725 0.1019608 1 0.4705882 0.2313725 0.1019608 1 0.4705882 0.2313725 0.1019608 1 0.4705882 0.2313725 0.1019608 1 0.4705882 0.2313725 0.1019608 1 0.4705882 0.2313725 0.1019608 1 0.4705882 0.2313725 0.1019608 1 0.4705882 0.2313725 0.1019608 1 0.4705882 0.2313725 0.1019608 1 0.4705882 0.2313725 0.1019608 1 0.4705882 0.2313725 0.1019608 1 0.4705882 0.2313725 0.1019608 1 0.4705882 0.2313725 0.1019608 1 0.4705882 0.2313725 0.1019608 1 0.4705882 0.2313725 0.1019608 1 0.4705882 0.2313725 0.1019608 1 0.4705882 0.2313725 0.1019608 1 0.4705882 0.2313725 0.1019608 1 0.4705882 0.2313725 0.1019608 1 0.4705882 0.2313725 0.1019608 1 0.4705882 0.2313725 0.1019608 1 0.4705882 0.2313725 0.1019608 1 0.4705882 0.2313725 0.1019608 1 0.4705882 0.2313725 0.1019608 1 0.4705882 0.2313725 0.1019608 1 0.4705882 0.2313725 0.1019608 1 0.4705882 0.2313725 0.1019608 1 0.4705882 0.2313725 0.1019608 1 0.4705882 0.2313725 0.1019608 1 0.4705882 0.2313725 0.1019608 1 0.4705882 0.2313725 0.1019608 1 0.4705882 0.2313725 0.1019608 1 0.4705882 0.2313725 0.1019608 1 0.4705882 0.2313725 0.1019608 1 0.4705882 0.2313725 0.1019608 1 0.4705882 0.2313725 0.1019608 1 0.4705882 0.2313725 0.1019608 1 0.4705882 0.2313725 0.1019608 1 0.4705882 0.2313725 0.1019608 1 0.4705882 0.2313725 0.1019608 1 0.4705882 0.2313725 0.1019608 1 0.4705882 0.2313725 0.1019608 1 0.4705882 0.2313725 0.1019608 1 0.4705882 0.2313725 0.1019608 1 0.4705882 0.2313725 0.1019608 1 0.4705882 0.2313725 0.1019608 1 0.4705882 0.2313725 0.1019608 1 0.4705882 0.2313725 0.1019608 1 0.4705882 0.2313725 0.1019608 1 0.4705882 0.2313725 0.1019608 1 0.4705882 0.2313725 0.1019608 1 0.4705882 0.2313725 0.1019608 1 0.4705882 0.2313725 0.1019608 1 0.4705882 0.2313725 0.1019608 1 0.4705882 0.2313725 0.1019608 1 0.4705882 0.2313725 0.1019608 1 0.4705882 0.2313725 0.1019608 1 0.4705882 0.2313725 0.1019608 1 0.4705882 0.2313725 0.1019608 1 0.4705882 0.2313725 0.1019608 1 0.4705882 0.2313725 0.1019608 1 0.4705882 0.2313725 0.1019608 1 0.4705882 0.2313725 0.1019608 1 0.4705882 0.2313725 0.1019608 1 0.4705882 0.2313725 0.1019608 1 0.4705882 0.2313725 0.1019608 1 0.4705882 0.2313725 0.1019608 1 0.4705882 0.2313725 0.1019608 1 0.4705882 0.2313725 0.1019608 1 0.4705882 0.2313725 0.1019608 1 0.4705882 0.2313725 0.1019608 1 0.1411765 0.1411765 0.1411765 1 0.1411765 0.1411765 0.1411765 1 0.1411765 0.1411765 0.1411765 1 0.1411765 0.1411765 0.1411765 1 0.1411765 0.1411765 0.1411765 1 0.1411765 0.1411765 0.1411765 1 0.1411765 0.1411765 0.1411765 1 0.1411765 0.1411765 0.1411765 1 0.1411765 0.1411765 0.1411765 1 0.1411765 0.1411765 0.1411765 1 0.1411765 0.1411765 0.1411765 1 0.1411765 0.1411765 0.1411765 1 0.1411765 0.1411765 0.1411765 1 0.1411765 0.1411765 0.1411765 1 0.1411765 0.1411765 0.1411765 1 0.1411765 0.1411765 0.1411765 1 0.1411765 0.1411765 0.1411765 1 0.1411765 0.1411765 0.1411765 1 0.1411765 0.1411765 0.1411765 1 0.1411765 0.1411765 0.1411765 1 0.1411765 0.1411765 0.1411765 1 0.1411765 0.1411765 0.1411765 1 0.1411765 0.1411765 0.1411765 1 0.1411765 0.1411765 0.1411765 1 0.1411765 0.1411765 0.1411765 1 0.1411765 0.1411765 0.1411765 1 0.1411765 0.1411765 0.1411765 1 0.1411765 0.1411765 0.1411765 1 0.1411765 0.1411765 0.1411765 1 0.1411765 0.1411765 0.1411765 1 0.1411765 0.1411765 0.1411765 1 0.1411765 0.1411765 0.1411765 1 0.1411765 0.1411765 0.1411765 1 0.1411765 0.1411765 0.1411765 1 0.1411765 0.1411765 0.1411765 1 0.1411765 0.1411765 0.1411765 1 0.1411765 0.1411765 0.1411765 1 0.1411765 0.1411765 0.1411765 1 0.1411765 0.1411765 0.1411765 1 0.1411765 0.1411765 0.1411765 1 0.1411765 0.1411765 0.1411765 1 0.1411765 0.1411765 0.1411765 1 0.1411765 0.1411765 0.1411765 1 0.1411765 0.1411765 0.1411765 1 0.1411765 0.1411765 0.1411765 1 0.1411765 0.1411765 0.1411765 1 0.1411765 0.1411765 0.1411765 1 0.1411765 0.1411765 0.1411765 1 0.1411765 0.1411765 0.1411765 1 0.1411765 0.1411765 0.1411765 1 0.1411765 0.1411765 0.1411765 1 0.1411765 0.1411765 0.1411765 1 0.1411765 0.1411765 0.1411765 1 0.1411765 0.1411765 0.1411765 1 0.1411765 0.1411765 0.1411765 1 0.1411765 0.1411765 0.1411765 1 0.1411765 0.1411765 0.1411765 1 0.1411765 0.1411765 0.1411765 1 0.1411765 0.1411765 0.1411765 1 0.1411765 0.1411765 0.1411765 1 0.1411765 0.1411765 0.1411765 1 0.1411765 0.1411765 0.1411765 1 0.1411765 0.1411765 0.1411765 1 0.1411765 0.1411765 0.1411765 1 0.1411765 0.1411765 0.1411765 1 0.1411765 0.1411765 0.1411765 1 0.1411765 0.1411765 0.1411765 1 0.1411765 0.1411765 0.1411765 1 0.1411765 0.1411765 0.1411765 1 0.1411765 0.1411765 0.1411765 1 0.1411765 0.1411765 0.1411765 1 0.1411765 0.1411765 0.1411765 1 0.1411765 0.1411765 0.1411765 1 0.1411765 0.1411765 0.1411765 1 0.1411765 0.1411765 0.1411765 1 0.1411765 0.1411765 0.1411765 1 0.1411765 0.1411765 0.1411765 1 0.1411765 0.1411765 0.1411765 1 0.1411765 0.1411765 0.1411765 1 0.1411765 0.1411765 0.1411765 1 0.1411765 0.1411765 0.1411765 1 0.1411765 0.1411765 0.1411765 1 0.1411765 0.1411765 0.1411765 1 0.1411765 0.1411765 0.1411765 1 0.1411765 0.1411765 0.1411765 1 0.1411765 0.1411765 0.1411765 1 0.1411765 0.1411765 0.1411765 1 0.1411765 0.1411765 0.1411765 1 0.1411765 0.1411765 0.1411765 1 0.1411765 0.1411765 0.1411765 1 0.1411765 0.1411765 0.1411765 1 0.1411765 0.1411765 0.1411765 1 0.1411765 0.1411765 0.1411765 1 0.1411765 0.1411765 0.1411765 1 0.1411765 0.1411765 0.1411765 1 0.1411765 0.1411765 0.1411765 1 0.1411765 0.1411765 0.1411765 1 0.1411765 0.1411765 0.1411765 1 0.1411765 0.1411765 0.1411765 1 0.1411765 0.1411765 0.1411765 1 0.1411765 0.1411765 0.1411765 1 0.1411765 0.1411765 0.1411765 1 0.1411765 0.1411765 0.1411765 1 0.1411765 0.1411765 0.1411765 1 0.1411765 0.1411765 0.1411765 1 0.1411765 0.1411765 0.1411765 1 0.1411765 0.1411765 0.1411765 1 0.1411765 0.1411765 0.1411765 1 0.1411765 0.1411765 0.1411765 1 0.1411765 0.1411765 0.1411765 1 0.1411765 0.1411765 0.1411765 1 0.1411765 0.1411765 0.1411765 1 0.1411765 0.1411765 0.1411765 1 0.1411765 0.1411765 0.1411765 1 0.1411765 0.1411765 0.1411765 1 0.1411765 0.1411765 0.1411765 1 0.1411765 0.1411765 0.1411765 1 0.1411765 0.1411765 0.1411765 1 0.1411765 0.1411765 0.1411765 1 0.1411765 0.1411765 0.1411765 1 0.1411765 0.1411765 0.1411765 1 0.1411765 0.1411765 0.1411765 1 0.1411765 0.1411765 0.1411765 1 0.1411765 0.1411765 0.1411765 1 0.1411765 0.1411765 0.1411765 1 0.1411765 0.1411765 0.1411765 1 0.1411765 0.1411765 0.1411765 1 0.1411765 0.1411765 0.1411765 1 0.1411765 0.1411765 0.1411765 1 0.1411765 0.1411765 0.1411765 1 0.1411765 0.1411765 0.1411765 1 0.1411765 0.1411765 0.1411765 1 0.1411765 0.1411765 0.1411765 1 0.1411765 0.1411765 0.1411765 1 0.1411765 0.1411765 0.1411765 1 0.1411765 0.1411765 0.1411765 1 0.1411765 0.1411765 0.1411765 1 0.1411765 0.1411765 0.1411765 1 0.1411765 0.1411765 0.1411765 1 0.1411765 0.1411765 0.1411765 1 0.1411765 0.1411765 0.1411765 1 0.1411765 0.1411765 0.1411765 1 0.1411765 0.1411765 0.1411765 1 0.1411765 0.1411765 0.1411765 1 0.1411765 0.1411765 0.1411765 1 0.1411765 0.1411765 0.1411765 1 0.1411765 0.1411765 0.1411765 1 0.1411765 0.1411765 0.1411765 1 0.1411765 0.1411765 0.1411765 1 0.1411765 0.1411765 0.1411765 1 0.1411765 0.1411765 0.1411765 1 0.1411765 0.1411765 0.1411765 1 0.1411765 0.1411765 0.1411765 1 0.1411765 0.1411765 0.1411765 1 0.1411765 0.1411765 0.1411765 1 0.1411765 0.1411765 0.1411765 1 0.1411765 0.1411765 0.1411765 1 0.1411765 0.1411765 0.1411765 1 0.1411765 0.1411765 0.1411765 1 0.1411765 0.1411765 0.1411765 1 0.1411765 0.1411765 0.1411765 1 0.1411765 0.1411765 0.1411765 1 0.1411765 0.1411765 0.1411765 1 0.1411765 0.1411765 0.1411765 1 0.1411765 0.1411765 0.1411765 1 0.1411765 0.1411765 0.1411765 1 0.1411765 0.1411765 0.1411765 1 0.1411765 0.1411765 0.1411765 1 0.1411765 0.1411765 0.1411765 1 0.1411765 0.1411765 0.1411765 1 0.1411765 0.1411765 0.1411765 1 0.1411765 0.1411765 0.1411765 1 0.1411765 0.1411765 0.1411765 1 0.1411765 0.1411765 0.1411765 1 0.1411765 0.1411765 0.1411765 1 0.1411765 0.1411765 0.1411765 1 0.1411765 0.1411765 0.1411765 1 0.1411765 0.1411765 0.1411765 1 0.1411765 0.1411765 0.1411765 1 0.1411765 0.1411765 0.1411765 1 0.1411765 0.1411765 0.1411765 1 0.1411765 0.1411765 0.1411765 1 0.1411765 0.1411765 0.1411765 1 0.1411765 0.1411765 0.1411765 1 0.1411765 0.1411765 0.1411765 1 0.1411765 0.1411765 0.1411765 1 0.1411765 0.1411765 0.1411765 1 0.1411765 0.1411765 0.1411765 1 0.1411765 0.1411765 0.1411765 1 0.1411765 0.1411765 0.1411765 1 0.1411765 0.1411765 0.1411765 1 0.1411765 0.1411765 0.1411765 1 0.1411765 0.1411765 0.1411765 1 0.1411765 0.1411765 0.1411765 1 0.1411765 0.1411765 0.1411765 1 0.1411765 0.1411765 0.1411765 1 0.1411765 0.1411765 0.1411765 1 0.1411765 0.1411765 0.1411765 1 0.1411765 0.1411765 0.1411765 1 0.1411765 0.1411765 0.1411765 1 0.1411765 0.1411765 0.1411765 1 0.1411765 0.1411765 0.1411765 1 0.1411765 0.1411765 0.1411765 1 0.1411765 0.1411765 0.1411765 1 0.1411765 0.1411765 0.1411765 1 0.1411765 0.1411765 0.1411765 1 0.1411765 0.1411765 0.1411765 1 0.1411765 0.1411765 0.1411765 1 0.1411765 0.1411765 0.1411765 1 0.1411765 0.1411765 0.1411765 1 0.1411765 0.1411765 0.1411765 1 0.1411765 0.1411765 0.1411765 1 0.1411765 0.1411765 0.1411765 1 0.1411765 0.1411765 0.1411765 1 0.1411765 0.1411765 0.1411765 1 0.1411765 0.1411765 0.1411765 1 0.1411765 0.1411765 0.1411765 1 0.1411765 0.1411765 0.1411765 1 0.1411765 0.1411765 0.1411765 1 0.1411765 0.1411765 0.1411765 1 0.1411765 0.1411765 0.1411765 1 0.1411765 0.1411765 0.1411765 1 0.1411765 0.1411765 0.1411765 1 0.1411765 0.1411765 0.1411765 1 0.1411765 0.1411765 0.1411765 1 0.1411765 0.1411765 0.1411765 1 0.1411765 0.1411765 0.1411765 1 0.1411765 0.1411765 0.1411765 1 0.1411765 0.1411765 0.1411765 1 0.1411765 0.1411765 0.1411765 1 0.1411765 0.1411765 0.1411765 1 0.1411765 0.1411765 0.1411765 1 0.1411765 0.1411765 0.1411765 1 0.1411765 0.1411765 0.1411765 1 0.1411765 0.1411765 0.1411765 1 0.1411765 0.1411765 0.1411765 1 0.1411765 0.1411765 0.1411765 1 0.1411765 0.1411765 0.1411765 1 0.1411765 0.1411765 0.1411765 1 0.1411765 0.1411765 0.1411765 1 0.1411765 0.1411765 0.1411765 1 0.1411765 0.1411765 0.1411765 1 0.1411765 0.1411765 0.1411765 1 0.1411765 0.1411765 0.1411765 1 0.1411765 0.1411765 0.1411765 1 0.1411765 0.1411765 0.1411765 1 0.1411765 0.1411765 0.1411765 1 0.1411765 0.1411765 0.1411765 1 0.1411765 0.1411765 0.1411765 1 0.1411765 0.1411765 0.1411765 1 0.1411765 0.1411765 0.1411765 1 0.1411765 0.1411765 0.1411765 1 0.1411765 0.1411765 0.1411765 1 0.1411765 0.1411765 0.1411765 1 0.1411765 0.1411765 0.1411765 1 0.1411765 0.1411765 0.1411765 1 0.1411765 0.1411765 0.1411765 1 0.1411765 0.1411765 0.1411765 1 0.1411765 0.1411765 0.1411765 1 0.1411765 0.1411765 0.1411765 1 0.1411765 0.1411765 0.1411765 1 0.1411765 0.1411765 0.1411765 1 0.1411765 0.1411765 0.1411765 1 0.1411765 0.1411765 0.1411765 1 0.1411765 0.1411765 0.1411765 1 0.1411765 0.1411765 0.1411765 1 0.1411765 0.1411765 0.1411765 1 0.1411765 0.1411765 0.1411765 1 0.1411765 0.1411765 0.1411765 1 0.1411765 0.1411765 0.1411765 1 0.1411765 0.1411765 0.1411765 1 0.1411765 0.1411765 0.1411765 1 0.1411765 0.1411765 0.1411765 1 0.1411765 0.1411765 0.1411765 1 0.1411765 0.1411765 0.1411765 1 0.1411765 0.1411765 0.1411765 1 0.1411765 0.1411765 0.1411765 1 0.1411765 0.1411765 0.1411765 1 0.1411765 0.1411765 0.1411765 1 0.1411765 0.1411765 0.1411765 1 0.1411765 0.1411765 0.1411765 1 0.1411765 0.1411765 0.1411765 1 0.1411765 0.1411765 0.1411765 1 0.1411765 0.1411765 0.1411765 1 0.1411765 0.1411765 0.1411765 1 0.1411765 0.1411765 0.1411765 1 0.1411765 0.1411765 0.1411765 1 0.1411765 0.1411765 0.1411765 1 0.1411765 0.1411765 0.1411765 1 0.1411765 0.1411765 0.1411765 1 0.1411765 0.1411765 0.1411765 1 0.1411765 0.1411765 0.1411765 1 0.1411765 0.1411765 0.1411765 1 0.1411765 0.1411765 0.1411765 1 0.1411765 0.1411765 0.1411765 1 0.1411765 0.1411765 0.1411765 1 0.1411765 0.1411765 0.1411765 1 0.1411765 0.1411765 0.1411765 1 0.1411765 0.1411765 0.1411765 1 0.1411765 0.1411765 0.1411765 1 0.1411765 0.1411765 0.1411765 1 0.1411765 0.1411765 0.1411765 1 0.1411765 0.1411765 0.1411765 1 0.1411765 0.1411765 0.1411765 1 0.1411765 0.1411765 0.1411765 1 0.1411765 0.1411765 0.1411765 1 0.1411765 0.1411765 0.1411765 1 0.1411765 0.1411765 0.1411765 1 0.1411765 0.1411765 0.1411765 1 0.1411765 0.1411765 0.1411765 1 0.1411765 0.1411765 0.1411765 1 0.1411765 0.1411765 0.1411765 1 0.1411765 0.1411765 0.1411765 1 0.1411765 0.1411765 0.1411765 1 0.1411765 0.1411765 0.1411765 1 0.1411765 0.1411765 0.1411765 1 0.1411765 0.1411765 0.1411765 1 0.1411765 0.1411765 0.1411765 1 0.1411765 0.1411765 0.1411765 1 0.1411765 0.1411765 0.1411765 1 0.1411765 0.1411765 0.1411765 1 0.1411765 0.1411765 0.1411765 1 0.1411765 0.1411765 0.1411765 1 0.1411765 0.1411765 0.1411765 1 0.1411765 0.1411765 0.1411765 1 0.1411765 0.1411765 0.1411765 1 0.1411765 0.1411765 0.1411765 1 0.1411765 0.1411765 0.1411765 1 0.1411765 0.1411765 0.1411765 1 0.1411765 0.1411765 0.1411765 1 0.1411765 0.1411765 0.1411765 1 0.1411765 0.1411765 0.1411765 1 0.1411765 0.1411765 0.1411765 1 0.1411765 0.1411765 0.1411765 1 0.1411765 0.1411765 0.1411765 1 0.1411765 0.1411765 0.1411765 1 0.1411765 0.1411765 0.1411765 1 0.1411765 0.1411765 0.1411765 1 0.1411765 0.1411765 0.1411765 1 0.1411765 0.1411765 0.1411765 1 0.1411765 0.1411765 0.1411765 1 0.1411765 0.1411765 0.1411765 1 0.1411765 0.1411765 0.1411765 1 0.1411765 0.1411765 0.1411765 1 0.1411765 0.1411765 0.1411765 1 0.1411765 0.1411765 0.1411765 1 0.1411765 0.1411765 0.1411765 1 0.1411765 0.1411765 0.1411765 1 0.1411765 0.1411765 0.1411765 1 0.1411765 0.1411765 0.1411765 1 0.1411765 0.1411765 0.1411765 1 0.1411765 0.1411765 0.1411765 1 0.1411765 0.1411765 0.1411765 1 0.1411765 0.1411765 0.1411765 1 0.1411765 0.1411765 0.1411765 1 0.1411765 0.1411765 0.1411765 1 0.1411765 0.1411765 0.1411765 1 0.1411765 0.1411765 0.1411765 1 0.1411765 0.1411765 0.1411765 1 0.1411765 0.1411765 0.1411765 1 0.1411765 0.1411765 0.1411765 1 0.1411765 0.1411765 0.1411765 1 0.1411765 0.1411765 0.1411765 1 0.1411765 0.1411765 0.1411765 1 0.1411765 0.1411765 0.1411765 1 0.1411765 0.1411765 0.1411765 1 0.1411765 0.1411765 0.1411765 1 0.1411765 0.1411765 0.1411765 1 0.1411765 0.1411765 0.1411765 1 0.1411765 0.1411765 0.1411765 1 0.1411765 0.1411765 0.1411765 1 0.1411765 0.1411765 0.1411765 1 0.1411765 0.1411765 0.1411765 1 0.1411765 0.1411765 0.1411765 1 0.1411765 0.1411765 0.1411765 1 0.1411765 0.1411765 0.1411765 1 0.1411765 0.1411765 0.1411765 1 0.1411765 0.1411765 0.1411765 1 0.1411765 0.1411765 0.1411765 1 0.1411765 0.1411765 0.1411765 1 0.1411765 0.1411765 0.1411765 1 0.1411765 0.1411765 0.1411765 1 0.1411765 0.1411765 0.1411765 1 0.1411765 0.1411765 0.1411765 1 0.1411765 0.1411765 0.1411765 1 0.1411765 0.1411765 0.1411765 1 0.1411765 0.1411765 0.1411765 1 0.1411765 0.1411765 0.1411765 1 0.1411765 0.1411765 0.1411765 1 0.1411765 0.1411765 0.1411765 1 0.1411765 0.1411765 0.1411765 1 0.1411765 0.1411765 0.1411765 1 0.1411765 0.1411765 0.1411765 1 0.1411765 0.1411765 0.1411765 1 0.1411765 0.1411765 0.1411765 1 0.1411765 0.1411765 0.1411765 1 0.1411765 0.1411765 0.1411765 1 0.1411765 0.1411765 0.1411765 1 0.1411765 0.1411765 0.1411765 1 0.1411765 0.1411765 0.1411765 1 0.1411765 0.1411765 0.1411765 1 0.1411765 0.1411765 0.1411765 1 0.1411765 0.1411765 0.1411765 1 0.1411765 0.1411765 0.1411765 1 0.1411765 0.1411765 0.1411765 1 0.1411765 0.1411765 0.1411765 1 0.1411765 0.1411765 0.1411765 1 0.1411765 0.1411765 0.1411765 1 0.1411765 0.1411765 0.1411765 1 0.1411765 0.1411765 0.1411765 1 0.1411765 0.1411765 0.1411765 1 0.1411765 0.1411765 0.1411765 1 0.1411765 0.1411765 0.1411765 1 0.1411765 0.1411765 0.1411765 1 0.1411765 0.1411765 0.1411765 1 0.1411765 0.1411765 0.1411765 1 0.1411765 0.1411765 0.1411765 1 0.1411765 0.1411765 0.1411765 1 0.1411765 0.1411765 0.1411765 1 0.1411765 0.1411765 0.1411765 1 0.1411765 0.1411765 0.1411765 1 0.1411765 0.1411765 0.1411765 1 0.1411765 0.1411765 0.1411765 1 0.1411765 0.1411765 0.1411765 1 0.1411765 0.1411765 0.1411765 1 0.1411765 0.1411765 0.1411765 1 0.1411765 0.1411765 0.1411765 1 0.1411765 0.1411765 0.1411765 1 0.1411765 0.1411765 0.1411765 1 0.1411765 0.1411765 0.1411765 1 0.1411765 0.1411765 0.1411765 1 0.1411765 0.1411765 0.1411765 1 0.1411765 0.1411765 0.1411765 1 0.1411765 0.1411765 0.1411765 1 0.1411765 0.1411765 0.1411765 1 0.1411765 0.1411765 0.1411765 1 0.1411765 0.1411765 0.1411765 1 0.1411765 0.1411765 0.1411765 1 0.1411765 0.1411765 0.1411765 1 0.1411765 0.1411765 0.1411765 1 0.1411765 0.1411765 0.1411765 1 0.1411765 0.1411765 0.1411765 1 0.1411765 0.1411765 0.1411765 1 0.1411765 0.1411765 0.1411765 1 0.1411765 0.1411765 0.1411765 1 0.1411765 0.1411765 0.1411765 1 0.1411765 0.1411765 0.1411765 1 0.1411765 0.1411765 0.1411765 1 0.1411765 0.1411765 0.1411765 1 0.1411765 0.1411765 0.1411765 1 0.1411765 0.1411765 0.1411765 1 0.1411765 0.1411765 0.1411765 1 0.1411765 0.1411765 0.1411765 1 0.1411765 0.1411765 0.1411765 1 0.1411765 0.1411765 0.1411765 1 0.1411765 0.1411765 0.1411765 1 0.1411765 0.1411765 0.1411765 1 0.1411765 0.1411765 0.1411765 1 0.1411765 0.1411765 0.1411765 1 0.1411765 0.1411765 0.1411765 1 0.1411765 0.1411765 0.1411765 1 0.1411765 0.1411765 0.1411765 1 0.1411765 0.1411765 0.1411765 1 0.1411765 0.1411765 0.1411765 1 0.1411765 0.1411765 0.1411765 1 0.1411765 0.1411765 0.1411765 1 0.1411765 0.1411765 0.1411765 1 0.1411765 0.1411765 0.1411765 1 0.1411765 0.1411765 0.1411765 1 0.1411765 0.1411765 0.1411765 1 0.1411765 0.1411765 0.1411765 1 0.1411765 0.1411765 0.1411765 1 0.1411765 0.1411765 0.1411765 1 0.1411765 0.1411765 0.1411765 1 0.1411765 0.1411765 0.1411765 1 0.1411765 0.1411765 0.1411765 1 0.1411765 0.1411765 0.1411765 1 0.1411765 0.1411765 0.1411765 1 0.1411765 0.1411765 0.1411765 1 0.1411765 0.1411765 0.1411765 1 0.1411765 0.1411765 0.1411765 1 0.1411765 0.1411765 0.1411765 1 0.1411765 0.1411765 0.1411765 1 0.1411765 0.1411765 0.1411765 1 0.1411765 0.1411765 0.1411765 1 0.1411765 0.1411765 0.1411765 1 0.1411765 0.1411765 0.1411765 1 0.1411765 0.1411765 0.1411765 1 0.1411765 0.1411765 0.1411765 1 0.1411765 0.1411765 0.1411765 1 0.1411765 0.1411765 0.1411765 1 0.1411765 0.1411765 0.1411765 1 0.1411765 0.1411765 0.1411765 1 0.1411765 0.1411765 0.1411765 1 0.1411765 0.1411765 0.1411765 1 0.1411765 0.1411765 0.1411765 1 0.1411765 0.1411765 0.1411765 1 0.1411765 0.1411765 0.1411765 1 0.1411765 0.1411765 0.1411765 1 0.1411765 0.1411765 0.1411765 1 0.1411765 0.1411765 0.1411765 1 0.1411765 0.1411765 0.1411765 1 0.1411765 0.1411765 0.1411765 1 0.1411765 0.1411765 0.1411765 1 0.1411765 0.1411765 0.1411765 1 0.1411765 0.1411765 0.1411765 1 0.1411765 0.1411765 0.1411765 1 0.1411765 0.1411765 0.1411765 1 0.1411765 0.1411765 0.1411765 1 0.1411765 0.1411765 0.1411765 1 0.1411765 0.1411765 0.1411765 1 0.1411765 0.1411765 0.1411765 1 0.1411765 0.1411765 0.1411765 1 0.1411765 0.1411765 0.1411765 1 0.1411765 0.1411765 0.1411765 1 0.1411765 0.1411765 0.1411765 1 0.1411765 0.1411765 0.1411765 1 0.1411765 0.1411765 0.1411765 1 0.1411765 0.1411765 0.1411765 1 0.1411765 0.1411765 0.1411765 1 0.1411765 0.1411765 0.1411765 1 0.1411765 0.1411765 0.1411765 1 0.1411765 0.1411765 0.1411765 1 0.1411765 0.1411765 0.1411765 1 0.1411765 0.1411765 0.1411765 1 0.1411765 0.1411765 0.1411765 1 0.1411765 0.1411765 0.1411765 1 0.1411765 0.1411765 0.1411765 1 0.1411765 0.1411765 0.1411765 1 0.1411765 0.1411765 0.1411765 1 0.1411765 0.1411765 0.1411765 1 0.1411765 0.1411765 0.1411765 1 0.1411765 0.1411765 0.1411765 1 0.1411765 0.1411765 0.1411765 1 0.1411765 0.1411765 0.1411765 1 0.1411765 0.1411765 0.1411765 1 0.1411765 0.1411765 0.1411765 1 0.1411765 0.1411765 0.1411765 1 0.1411765 0.1411765 0.1411765 1 0.1411765 0.1411765 0.1411765 1 0.1411765 0.1411765 0.1411765 1 0.1411765 0.1411765 0.1411765 1 0.1411765 0.1411765 0.1411765 1 0.1411765 0.1411765 0.1411765 1 0.1411765 0.1411765 0.1411765 1 0.1411765 0.1411765 0.1411765 1 0.1411765 0.1411765 0.1411765 1 0.1411765 0.1411765 0.1411765 1 0.1411765 0.1411765 0.1411765 1 0.1411765 0.1411765 0.1411765 1 0.1411765 0.1411765 0.1411765 1 0.1411765 0.1411765 0.1411765 1 0.1411765 0.1411765 0.1411765 1 0.1411765 0.1411765 0.1411765 1 0.1411765 0.1411765 0.1411765 1 0.1411765 0.1411765 0.1411765 1 0.1411765 0.1411765 0.1411765 1 0.1411765 0.1411765 0.1411765 1 0.1411765 0.1411765 0.1411765 1 0.1411765 0.1411765 0.1411765 1 0.1411765 0.1411765 0.1411765 1 0.1411765 0.1411765 0.1411765 1 0.1411765 0.1411765 0.1411765 1 0.1411765 0.1411765 0.1411765 1 0.1411765 0.1411765 0.1411765 1 0.1411765 0.1411765 0.1411765 1 0.1411765 0.1411765 0.1411765 1 0.1411765 0.1411765 0.1411765 1 0.1411765 0.1411765 0.1411765 1 0.1411765 0.1411765 0.1411765 1 0.1411765 0.1411765 0.1411765 1 0.1411765 0.1411765 0.1411765 1 0.1411765 0.1411765 0.1411765 1 0.1411765 0.1411765 0.1411765 1 0.1411765 0.1411765 0.1411765 1 0.1411765 0.1411765 0.1411765 1 0.1411765 0.1411765 0.1411765 1 0.1411765 0.1411765 0.1411765 1 0.1411765 0.1411765 0.1411765 1 0.1411765 0.1411765 0.1411765 1 0.1411765 0.1411765 0.1411765 1 0.1411765 0.1411765 0.1411765 1 0.1411765 0.1411765 0.1411765 1 0.1411765 0.1411765 0.1411765 1 0.1411765 0.1411765 0.1411765 1 0.1411765 0.1411765 0.1411765 1 0.1411765 0.1411765 0.1411765 1 0.1411765 0.1411765 0.1411765 1 0.1411765 0.1411765 0.1411765 1 0.1411765 0.1411765 0.1411765 1 0.1411765 0.1411765 0.1411765 1 0.1411765 0.1411765 0.1411765 1 0.1411765 0.1411765 0.1411765 1 0.1411765 0.1411765 0.1411765 1 0.1411765 0.1411765 0.1411765 1 0.1411765 0.1411765 0.1411765 1 0.1411765 0.1411765 0.1411765 1 0.1411765 0.1411765 0.1411765 1 0.1411765 0.1411765 0.1411765 1 0.1411765 0.1411765 0.1411765 1 0.1411765 0.1411765 0.1411765 1 0.1411765 0.1411765 0.1411765 1 0.1411765 0.1411765 0.1411765 1 0.1411765 0.1411765 0.1411765 1 0.1411765 0.1411765 0.1411765 1 0.1411765 0.1411765 0.1411765 1 0.1411765 0.1411765 0.1411765 1 0.1411765 0.1411765 0.1411765 1 0.1411765 0.1411765 0.1411765 1 0.1411765 0.1411765 0.1411765 1 0.1411765 0.1411765 0.1411765 1 0.1411765 0.1411765 0.1411765 1 0.1411765 0.1411765 0.1411765 1 0.1411765 0.1411765 0.1411765 1 0.1411765 0.1411765 0.1411765 1 0.1411765 0.1411765 0.1411765 1 0.1411765 0.1411765 0.1411765 1 0.1411765 0.1411765 0.1411765 1 0.1411765 0.1411765 0.1411765 1 0.1411765 0.1411765 0.1411765 1 0.1411765 0.1411765 0.1411765 1 0.1411765 0.1411765 0.1411765 1 0.1411765 0.1411765 0.1411765 1 0.1411765 0.1411765 0.1411765 1 0.1411765 0.1411765 0.1411765 1 0.1411765 0.1411765 0.1411765 1 0.1411765 0.1411765 0.1411765 1 0.1411765 0.1411765 0.1411765 1 0.1411765 0.1411765 0.1411765 1 0.1411765 0.1411765 0.1411765 1 0.1411765 0.1411765 0.1411765 1 0.1411765 0.1411765 0.1411765 1 0.1411765 0.1411765 0.1411765 1 0.1411765 0.1411765 0.1411765 1 0.1411765 0.1411765 0.1411765 1 0.1411765 0.1411765 0.1411765 1 0.1411765 0.1411765 0.1411765 1 0.1411765 0.1411765 0.1411765 1 0.1411765 0.1411765 0.1411765 1 0.1411765 0.1411765 0.1411765 1 0.1411765 0.1411765 0.1411765 1 0.1411765 0.1411765 0.1411765 1 0.1411765 0.1411765 0.1411765 1 0.1411765 0.1411765 0.1411765 1 0.1411765 0.1411765 0.1411765 1 0.1411765 0.1411765 0.1411765 1 0.1411765 0.1411765 0.1411765 1 0.1411765 0.1411765 0.1411765 1 0.1411765 0.1411765 0.1411765 1 0.1411765 0.1411765 0.1411765 1 0.1411765 0.1411765 0.1411765 1 0.1411765 0.1411765 0.1411765 1 0.1411765 0.1411765 0.1411765 1 0.1411765 0.1411765 0.1411765 1 0.1411765 0.1411765 0.1411765 1 0.1411765 0.1411765 0.1411765 1 0.1411765 0.1411765 0.1411765 1 0.1411765 0.1411765 0.1411765 1 0.1411765 0.1411765 0.1411765 1 0.1411765 0.1411765 0.1411765 1 0.1411765 0.1411765 0.1411765 1 0.1411765 0.1411765 0.1411765 1 0.1411765 0.1411765 0.1411765 1 0.1411765 0.1411765 0.1411765 1 0.1411765 0.1411765 0.1411765 1 0.1411765 0.1411765 0.1411765 1 0.1411765 0.1411765 0.1411765 1 0.1411765 0.1411765 0.1411765 1 0.1411765 0.1411765 0.1411765 1 0.1411765 0.1411765 0.1411765 1 0.1411765 0.1411765 0.1411765 1 0.1411765 0.1411765 0.1411765 1 0.1411765 0.1411765 0.1411765 1 0.1411765 0.1411765 0.1411765 1 0.1411765 0.1411765 0.1411765 1 0.1411765 0.1411765 0.1411765 1 0.1411765 0.1411765 0.1411765 1 0.1411765 0.1411765 0.1411765 1 0.1411765 0.1411765 0.1411765 1 0.1411765 0.1411765 0.1411765 1 0.1411765 0.1411765 0.1411765 1 0.1411765 0.1411765 0.1411765 1 0.1411765 0.1411765 0.1411765 1 0.1411765 0.1411765 0.1411765 1 0.1411765 0.1411765 0.1411765 1 0.1411765 0.1411765 0.1411765 1 0.1411765 0.1411765 0.1411765 1 0.1411765 0.1411765 0.1411765 1 0.1411765 0.1411765 0.1411765 1 0.1411765 0.1411765 0.1411765 1 0.1411765 0.1411765 0.1411765 1 0.1411765 0.1411765 0.1411765 1 0.1411765 0.1411765 0.1411765 1 0.1411765 0.1411765 0.1411765 1 0.1411765 0.1411765 0.1411765 1 0.1411765 0.1411765 0.1411765 1 0.1411765 0.1411765 0.1411765 1 0.1411765 0.1411765 0.1411765 1 0.1411765 0.1411765 0.1411765 1 0.1411765 0.1411765 0.1411765 1 0.1411765 0.1411765 0.1411765 1 0.1411765 0.1411765 0.1411765 1 0.1411765 0.1411765 0.1411765 1 0.1411765 0.1411765 0.1411765 1 0.1411765 0.1411765 0.1411765 1 0.1411765 0.1411765 0.1411765 1 0.1411765 0.1411765 0.1411765 1 0.1411765 0.1411765 0.1411765 1 0.1411765 0.1411765 0.1411765 1 0.1411765 0.1411765 0.1411765 1 0.1411765 0.1411765 0.1411765 1 0.1411765 0.1411765 0.1411765 1 0.1411765 0.1411765 0.1411765 1 0.1411765 0.1411765 0.1411765 1 0.1411765 0.1411765 0.1411765 1 0.1411765 0.1411765 0.1411765 1 0.1411765 0.1411765 0.1411765 1 0.1411765 0.1411765 0.1411765 1 0.1411765 0.1411765 0.1411765 1 0.1411765 0.1411765 0.1411765 1 0.1411765 0.1411765 0.1411765 1 0.1411765 0.1411765 0.1411765 1 0.1411765 0.1411765 0.1411765 1 0.1411765 0.1411765 0.1411765 1 0.1411765 0.1411765 0.1411765 1 0.1411765 0.1411765 0.1411765 1 0.1411765 0.1411765 0.1411765 1 0.1411765 0.1411765 0.1411765 1 0.1411765 0.1411765 0.1411765 1 0.1411765 0.1411765 0.1411765 1 0.1411765 0.1411765 0.1411765 1 0.1411765 0.1411765 0.1411765 1 0.1411765 0.1411765 0.1411765 1 0.1411765 0.1411765 0.1411765 1 0.1411765 0.1411765 0.1411765 1 0.1411765 0.1411765 0.1411765 1 0.1411765 0.1411765 0.1411765 1 0.1411765 0.1411765 0.1411765 1 0.1411765 0.1411765 0.1411765 1 0.1411765 0.1411765 0.1411765 1 0.1411765 0.1411765 0.1411765 1 0.1411765 0.1411765 0.1411765 1 0.1411765 0.1411765 0.1411765 1 0.1411765 0.1411765 0.1411765 1 0.1411765 0.1411765 0.1411765 1 0.1411765 0.1411765 0.1411765 1 0.1411765 0.1411765 0.1411765 1 0.1411765 0.1411765 0.1411765 1 0.1411765 0.1411765 0.1411765 1 0.1411765 0.1411765 0.1411765 1 0.1411765 0.1411765 0.1411765 1 0.1411765 0.1411765 0.1411765 1 0.1411765 0.1411765 0.1411765 1 0.1411765 0.1411765 0.1411765 1 0.1411765 0.1411765 0.1411765 1 0.1411765 0.1411765 0.1411765 1 0.1411765 0.1411765 0.1411765 1 0.1411765 0.1411765 0.1411765 1 0.1411765 0.1411765 0.1411765 1 0.1411765 0.1411765 0.1411765 1 0.1411765 0.1411765 0.1411765 1 0.1411765 0.1411765 0.1411765 1 0.1411765 0.1411765 0.1411765 1 0.1411765 0.1411765 0.1411765 1 0.1411765 0.1411765 0.1411765 1 0.1411765 0.1411765 0.1411765 1 0.1411765 0.1411765 0.1411765 1 0.1411765 0.1411765 0.1411765 1 0.1411765 0.1411765 0.1411765 1 0.1411765 0.1411765 0.1411765 1 0.1411765 0.1411765 0.1411765 1 0.1411765 0.1411765 0.1411765 1 0.1411765 0.1411765 0.1411765 1 0.1411765 0.1411765 0.1411765 1 0.1411765 0.1411765 0.1411765 1 0.1411765 0.1411765 0.1411765 1 0.1411765 0.1411765 0.1411765 1 0.1411765 0.1411765 0.1411765 1 0.1411765 0.1411765 0.1411765 1 0.1411765 0.1411765 0.1411765 1 0.1411765 0.1411765 0.1411765 1 0.1411765 0.1411765 0.1411765 1 0.1411765 0.1411765 0.1411765 1 0.1411765 0.1411765 0.1411765 1 0.1411765 0.1411765 0.1411765 1 0.1411765 0.1411765 0.1411765 1 0.1411765 0.1411765 0.1411765 1 0.1411765 0.1411765 0.1411765 1 0.1411765 0.1411765 0.1411765 1 0.1411765 0.1411765 0.1411765 1 0.1411765 0.1411765 0.1411765 1 0.1411765 0.1411765 0.1411765 1 0.1411765 0.1411765 0.1411765 1 0.1411765 0.1411765 0.1411765 1 0.1411765 0.1411765 0.1411765 1 0.1411765 0.1411765 0.1411765 1 0.1411765 0.1411765 0.1411765 1 0.1411765 0.1411765 0.1411765 1 0.1411765 0.1411765 0.1411765 1 0.1411765 0.1411765 0.1411765 1 0.1411765 0.1411765 0.1411765 1 0.1411765 0.1411765 0.1411765 1 0.1411765 0.1411765 0.1411765 1 0.1411765 0.1411765 0.1411765 1 0.1411765 0.1411765 0.1411765 1 0.1411765 0.1411765 0.1411765 1 0.1411765 0.1411765 0.1411765 1 0.1411765 0.1411765 0.1411765 1 0.1411765 0.1411765 0.1411765 1 0.1411765 0.1411765 0.1411765 1 0.1411765 0.1411765 0.1411765 1 0.1411765 0.1411765 0.1411765 1 0.1411765 0.1411765 0.1411765 1 0.1411765 0.1411765 0.1411765 1 0.1411765 0.1411765 0.1411765 1 0.1411765 0.1411765 0.1411765 1 0.1411765 0.1411765 0.1411765 1 0.1411765 0.1411765 0.1411765 1 0.1411765 0.1411765 0.1411765 1 0.1411765 0.1411765 0.1411765 1 0.1411765 0.1411765 0.1411765 1 0.1411765 0.1411765 0.1411765 1 0.1411765 0.1411765 0.1411765 1 0.1411765 0.1411765 0.1411765 1 0.1411765 0.1411765 0.1411765 1 0.1411765 0.1411765 0.1411765 1 0.1411765 0.1411765 0.1411765 1 0.1411765 0.1411765 0.1411765 1 0.1411765 0.1411765 0.1411765 1 0.1411765 0.1411765 0.1411765 1 0.1411765 0.1411765 0.1411765 1 0.1411765 0.1411765 0.1411765 1 0.1411765 0.1411765 0.1411765 1 0.1411765 0.1411765 0.1411765 1 0.1411765 0.1411765 0.1411765 1 0.1411765 0.1411765 0.1411765 1 0.1411765 0.1411765 0.1411765 1 0.1411765 0.1411765 0.1411765 1 0.1411765 0.1411765 0.1411765 1 0.1411765 0.1411765 0.1411765 1 0.1411765 0.1411765 0.1411765 1 0.1411765 0.1411765 0.1411765 1 0.1411765 0.1411765 0.1411765 1 0.1411765 0.1411765 0.1411765 1 0.1411765 0.1411765 0.1411765 1 0.1411765 0.1411765 0.1411765 1 0.1411765 0.1411765 0.1411765 1 0.1411765 0.1411765 0.1411765 1 0.1411765 0.1411765 0.1411765 1 0.1411765 0.1411765 0.1411765 1 0.1411765 0.1411765 0.1411765 1 0.1411765 0.1411765 0.1411765 1 0.1411765 0.1411765 0.1411765 1 0.1411765 0.1411765 0.1411765 1 0.1411765 0.1411765 0.1411765 1 0.1411765 0.1411765 0.1411765 1 0.1411765 0.1411765 0.1411765 1 0.1411765 0.1411765 0.1411765 1 0.1411765 0.1411765 0.1411765 1 0.1411765 0.1411765 0.1411765 1 0.1411765 0.1411765 0.1411765 1 0.1411765 0.1411765 0.1411765 1 0.1411765 0.1411765 0.1411765 1 0.1411765 0.1411765 0.1411765 1 0.1411765 0.1411765 0.1411765 1 0.1411765 0.1411765 0.1411765 1 0.1411765 0.1411765 0.1411765 1 0.1411765 0.1411765 0.1411765 1 0.1411765 0.1411765 0.1411765 1 0.1411765 0.1411765 0.1411765 1 0.1411765 0.1411765 0.1411765 1 0.1411765 0.1411765 0.1411765 1 0.1411765 0.1411765 0.1411765 1 0.1411765 0.1411765 0.1411765 1 0.1411765 0.1411765 0.1411765 1 0.1411765 0.1411765 0.1411765 1 0.1411765 0.1411765 0.1411765 1 0.1411765 0.1411765 0.1411765 1 0.1411765 0.1411765 0.1411765 1 0.1411765 0.1411765 0.1411765 1 0.1411765 0.1411765 0.1411765 1 0.1411765 0.1411765 0.1411765 1 0.1411765 0.1411765 0.1411765 1 0.1411765 0.1411765 0.1411765 1 0.1411765 0.1411765 0.1411765 1 0.1411765 0.1411765 0.1411765 1 0.1411765 0.1411765 0.1411765 1 0.1411765 0.1411765 0.1411765 1 0.1411765 0.1411765 0.1411765 1 0.1411765 0.1411765 0.1411765 1 0.1411765 0.1411765 0.1411765 1 0.1411765 0.1411765 0.1411765 1 0.1411765 0.1411765 0.1411765 1 0.1411765 0.1411765 0.1411765 1 0.1411765 0.1411765 0.1411765 1 0.1411765 0.1411765 0.1411765 1 0.1411765 0.1411765 0.1411765 1 0.1411765 0.1411765 0.1411765 1 0.1411765 0.1411765 0.1411765 1 0.1411765 0.1411765 0.1411765 1 0.1411765 0.1411765 0.1411765 1 0.1411765 0.1411765 0.1411765 1 0.1411765 0.1411765 0.1411765 1 0.1411765 0.1411765 0.1411765 1 0.1411765 0.1411765 0.1411765 1 0.1411765 0.1411765 0.1411765 1 0.1411765 0.1411765 0.1411765 1 0.1411765 0.1411765 0.1411765 1 0.1411765 0.1411765 0.1411765 1 0.1411765 0.1411765 0.1411765 1 0.1411765 0.1411765 0.1411765 1 0.1411765 0.1411765 0.1411765 1 0.1411765 0.1411765 0.1411765 1 0.1411765 0.1411765 0.1411765 1 0.1411765 0.1411765 0.1411765 1 0.1411765 0.1411765 0.1411765 1 0.1411765 0.1411765 0.1411765 1 0.1411765 0.1411765 0.1411765 1 0.1411765 0.1411765 0.1411765 1 0.1411765 0.1411765 0.1411765 1 0.1411765 0.1411765 0.1411765 1 0.1411765 0.1411765 0.1411765 1 0.1411765 0.1411765 0.1411765 1 0.1411765 0.1411765 0.1411765 1 0.1411765 0.1411765 0.1411765 1 0.1411765 0.1411765 0.1411765 1 0.1411765 0.1411765 0.1411765 1 0.1411765 0.1411765 0.1411765 1 0.1411765 0.1411765 0.1411765 1 0.1411765 0.1411765 0.1411765 1 0.1411765 0.1411765 0.1411765 1 0.1411765 0.1411765 0.1411765 1 0.1411765 0.1411765 0.1411765 1 0.1411765 0.1411765 0.1411765 1 0.1411765 0.1411765 0.1411765 1 0.1411765 0.1411765 0.1411765 1 0.1411765 0.1411765 0.1411765 1 0.1411765 0.1411765 0.1411765 1 0.1411765 0.1411765 0.1411765 1 0.1411765 0.1411765 0.1411765 1 0.1411765 0.1411765 0.1411765 1 0.1411765 0.1411765 0.1411765 1 0.1411765 0.1411765 0.1411765 1 0.1411765 0.1411765 0.1411765 1 0.1411765 0.1411765 0.1411765 1 0.1411765 0.1411765 0.1411765 1 0.1411765 0.1411765 0.1411765 1 0.1411765 0.1411765 0.1411765 1 0.1411765 0.1411765 0.1411765 1 0.1411765 0.1411765 0.1411765 1 0.1411765 0.1411765 0.1411765 1 0.1411765 0.1411765 0.1411765 1 0.1411765 0.1411765 0.1411765 1 0.1411765 0.1411765 0.1411765 1 0.1411765 0.1411765 0.1411765 1 0.1411765 0.1411765 0.1411765 1 0.1411765 0.1411765 0.1411765 1 0.1411765 0.1411765 0.1411765 1 0.1411765 0.1411765 0.1411765 1 0.1411765 0.1411765 0.1411765 1 0.1411765 0.1411765 0.1411765 1 0.1411765 0.1411765 0.1411765 1 0.1411765 0.1411765 0.1411765 1 0.1411765 0.1411765 0.1411765 1 0.1411765 0.1411765 0.1411765 1 0.1411765 0.1411765 0.1411765 1 0.1411765 0.1411765 0.1411765 1 0.1411765 0.1411765 0.1411765 1 0.1411765 0.1411765 0.1411765 1 0.1411765 0.1411765 0.1411765 1 0.1411765 0.1411765 0.1411765 1 0.1411765 0.1411765 0.1411765 1 0.1411765 0.1411765 0.1411765 1 0.1411765 0.1411765 0.1411765 1 0.1411765 0.1411765 0.1411765 1 0.1411765 0.1411765 0.1411765 1 0.1411765 0.1411765 0.1411765 1 0.1411765 0.1411765 0.1411765 1 0.1411765 0.1411765 0.1411765 1 0.1411765 0.1411765 0.1411765 1 0.1411765 0.1411765 0.1411765 1 0.1411765 0.1411765 0.1411765 1 0.1411765 0.1411765 0.1411765 1 0.1411765 0.1411765 0.1411765 1 0.1411765 0.1411765 0.1411765 1 0.1411765 0.1411765 0.1411765 1 0.1411765 0.1411765 0.1411765 1 0.1411765 0.1411765 0.1411765 1 0.1411765 0.1411765 0.1411765 1 0.1411765 0.1411765 0.1411765 1 0.1411765 0.1411765 0.1411765 1 0.1411765 0.1411765 0.1411765 1 0.1411765 0.1411765 0.1411765 1 0.1411765 0.1411765 0.1411765 1 0.1411765 0.1411765 0.1411765 1 0.1411765 0.1411765 0.1411765 1 0.1411765 0.1411765 0.1411765 1 0.1411765 0.1411765 0.1411765 1 0.1411765 0.1411765 0.1411765 1 0.1411765 0.1411765 0.1411765 1 0.1411765 0.1411765 0.1411765 1 0.1411765 0.1411765 0.1411765 1 0.1411765 0.1411765 0.1411765 1 0.1411765 0.1411765 0.1411765 1 0.1411765 0.1411765 0.1411765 1 0.1411765 0.1411765 0.1411765 1 0.1411765 0.1411765 0.1411765 1 0.1411765 0.1411765 0.1411765 1 0.1411765 0.1411765 0.1411765 1 0.1411765 0.1411765 0.1411765 1 0.1411765 0.1411765 0.1411765 1 0.1411765 0.1411765 0.1411765 1 0.1411765 0.1411765 0.1411765 1 0.1411765 0.1411765 0.1411765 1 0.1411765 0.1411765 0.1411765 1 0.1411765 0.1411765 0.1411765 1 0.1411765 0.1411765 0.1411765 1 0.1411765 0.1411765 0.1411765 1 0.1411765 0.1411765 0.1411765 1 0.1411765 0.1411765 0.1411765 1 0.1411765 0.1411765 0.1411765 1 0.1411765 0.1411765 0.1411765 1 0.1411765 0.1411765 0.1411765 1 0.1411765 0.1411765 0.1411765 1 0.1411765 0.1411765 0.1411765 1 0.1411765 0.1411765 0.1411765 1 0.1411765 0.1411765 0.1411765 1 0.1411765 0.1411765 0.1411765 1 0.1411765 0.1411765 0.1411765 1 0.1411765 0.1411765 0.1411765 1 0.1411765 0.1411765 0.1411765 1 0.1411765 0.1411765 0.1411765 1 0.1411765 0.1411765 0.1411765 1 0.1411765 0.1411765 0.1411765 1 0.1411765 0.1411765 0.1411765 1 0.1411765 0.1411765 0.1411765 1 0.1411765 0.1411765 0.1411765 1 0.1411765 0.1411765 0.1411765 1 0.1411765 0.1411765 0.1411765 1 0.1411765 0.1411765 0.1411765 1 0.1411765 0.1411765 0.1411765 1 0.1411765 0.1411765 0.1411765 1 0.1411765 0.1411765 0.1411765 1 0.1411765 0.1411765 0.1411765 1 0.1411765 0.1411765 0.1411765 1 0.1411765 0.1411765 0.1411765 1 0.1411765 0.1411765 0.1411765 1 0.1411765 0.1411765 0.1411765 1 0.1411765 0.1411765 0.1411765 1 0.1411765 0.1411765 0.1411765 1 0.1411765 0.1411765 0.1411765 1 0.1411765 0.1411765 0.1411765 1 0.1411765 0.1411765 0.1411765 1 0.1411765 0.1411765 0.1411765 1 0.1411765 0.1411765 0.1411765 1 0.1411765 0.1411765 0.1411765 1 0.1411765 0.1411765 0.1411765 1 0.1411765 0.1411765 0.1411765 1 0.1411765 0.1411765 0.1411765 1 0.1411765 0.1411765 0.1411765 1 0.1411765 0.1411765 0.1411765 1 0.1411765 0.1411765 0.1411765 1 0.1411765 0.1411765 0.1411765 1 0.1411765 0.1411765 0.1411765 1 0.1411765 0.1411765 0.1411765 1 0.1411765 0.1411765 0.1411765 1 0.1411765 0.1411765 0.1411765 1 0.1411765 0.1411765 0.1411765 1 0.1411765 0.1411765 0.1411765 1 0.1411765 0.1411765 0.1411765 1 0.1411765 0.1411765 0.1411765 1 0.1411765 0.1411765 0.1411765 1 0.1411765 0.1411765 0.1411765 1 0.1411765 0.1411765 0.1411765 1 0.1411765 0.1411765 0.1411765 1 0.1411765 0.1411765 0.1411765 1 0.1411765 0.1411765 0.1411765 1 0.1411765 0.1411765 0.1411765 1 0.1411765 0.1411765 0.1411765 1 0.1411765 0.1411765 0.1411765 1 0.1411765 0.1411765 0.1411765 1 0.1411765 0.1411765 0.1411765 1 0.1411765 0.1411765 0.1411765 1 0.1411765 0.1411765 0.1411765 1 0.1411765 0.1411765 0.1411765 1 0.1411765 0.1411765 0.1411765 1 0.1411765 0.1411765 0.1411765 1 0.1411765 0.1411765 0.1411765 1 0.1411765 0.1411765 0.1411765 1 0.1411765 0.1411765 0.1411765 1 0.1411765 0.1411765 0.1411765 1 0.1411765 0.1411765 0.1411765 1 0.1411765 0.1411765 0.1411765 1 0.1411765 0.1411765 0.1411765 1 0.1411765 0.1411765 0.1411765 1 0.1411765 0.1411765 0.1411765 1 0.1411765 0.1411765 0.1411765 1 0.1411765 0.1411765 0.1411765 1 0.1411765 0.1411765 0.1411765 1 0.1411765 0.1411765 0.1411765 1 0.1411765 0.1411765 0.1411765 1 0.1411765 0.1411765 0.1411765 1 0.1411765 0.1411765 0.1411765 1 0.1411765 0.1411765 0.1411765 1 0.1411765 0.1411765 0.1411765 1 0.1411765 0.1411765 0.1411765 1 0.1411765 0.1411765 0.1411765 1 0.1411765 0.1411765 0.1411765 1 0.1411765 0.1411765 0.1411765 1 0.1411765 0.1411765 0.1411765 1 0.1411765 0.1411765 0.1411765 1 0.1411765 0.1411765 0.1411765 1 0.1411765 0.1411765 0.1411765 1 0.1411765 0.1411765 0.1411765 1 0.1411765 0.1411765 0.1411765 1 0.1411765 0.1411765 0.1411765 1 0.1411765 0.1411765 0.1411765 1 0.1411765 0.1411765 0.1411765 1 0.1411765 0.1411765 0.1411765 1 0.1411765 0.1411765 0.1411765 1 0.1411765 0.1411765 0.1411765 1 0.1411765 0.1411765 0.1411765 1 0.1411765 0.1411765 0.1411765 1 0.1411765 0.1411765 0.1411765 1 0.1411765 0.1411765 0.1411765 1 0.1411765 0.1411765 0.1411765 1 0.1411765 0.1411765 0.1411765 1 0.1411765 0.1411765 0.1411765 1 0.1411765 0.1411765 0.1411765 1 0.1411765 0.1411765 0.1411765 1 0.1411765 0.1411765 0.1411765 1 0.1411765 0.1411765 0.1411765 1 0.1411765 0.1411765 0.1411765 1 0.1411765 0.1411765 0.1411765 1 0.1411765 0.1411765 0.1411765 1 0.1411765 0.1411765 0.1411765 1 0.1411765 0.1411765 0.1411765 1 0.1411765 0.1411765 0.1411765 1 0.1411765 0.1411765 0.1411765 1 0.1411765 0.1411765 0.1411765 1 0.1411765 0.1411765 0.1411765 1 0.1411765 0.1411765 0.1411765 1 0.1411765 0.1411765 0.1411765 1 0.1411765 0.1411765 0.1411765 1 0.1411765 0.1411765 0.1411765 1 0.1411765 0.1411765 0.1411765 1 0.1411765 0.1411765 0.1411765 1 0.1411765 0.1411765 0.1411765 1 0.1411765 0.1411765 0.1411765 1 0.1411765 0.1411765 0.1411765 1 0.1411765 0.1411765 0.1411765 1 0.1411765 0.1411765 0.1411765 1 0.1411765 0.1411765 0.1411765 1 0.1411765 0.1411765 0.1411765 1 0.1411765 0.1411765 0.1411765 1 0.1411765 0.1411765 0.1411765 1 0.1411765 0.1411765 0.1411765 1 0.1411765 0.1411765 0.1411765 1 0.1411765 0.1411765 0.1411765 1 0.1411765 0.1411765 0.1411765 1 0.1411765 0.1411765 0.1411765 1 0.1411765 0.1411765 0.1411765 1 0.1411765 0.1411765 0.1411765 1 0.1411765 0.1411765 0.1411765 1 0.1411765 0.1411765 0.1411765 1 0.1411765 0.1411765 0.1411765 1 0.1411765 0.1411765 0.1411765 1 0.1411765 0.1411765 0.1411765 1 0.1411765 0.1411765 0.1411765 1 0.1411765 0.1411765 0.1411765 1 0.1411765 0.1411765 0.1411765 1 0.1411765 0.1411765 0.1411765 1 0.1411765 0.1411765 0.1411765 1 0.1411765 0.1411765 0.1411765 1 0.1411765 0.1411765 0.1411765 1 0.1411765 0.1411765 0.1411765 1 0.1411765 0.1411765 0.1411765 1 0.1411765 0.1411765 0.1411765 1 0.1411765 0.1411765 0.1411765 1 0.1411765 0.1411765 0.1411765 1 0.1411765 0.1411765 0.1411765 1 0.1411765 0.1411765 0.1411765 1 0.1411765 0.1411765 0.1411765 1 0.1411765 0.1411765 0.1411765 1 0.1411765 0.1411765 0.1411765 1 0.1411765 0.1411765 0.1411765 1 0.1411765 0.1411765 0.1411765 1 0.1411765 0.1411765 0.1411765 1 0.1411765 0.1411765 0.1411765 1 0.1411765 0.1411765 0.1411765 1 0.1411765 0.1411765 0.1411765 1 0.1411765 0.1411765 0.1411765 1 0.1411765 0.1411765 0.1411765 1 0.1411765 0.1411765 0.1411765 1 0.1411765 0.1411765 0.1411765 1 0.1411765 0.1411765 0.1411765 1 0.1411765 0.1411765 0.1411765 1 0.1411765 0.1411765 0.1411765 1 0.1411765 0.1411765 0.1411765 1 0.1411765 0.1411765 0.1411765 1 0.1411765 0.1411765 0.1411765 1 0.1411765 0.1411765 0.1411765 1 0.1411765 0.1411765 0.1411765 1 0.1411765 0.1411765 0.1411765 1 0.1411765 0.1411765 0.1411765 1 0.1411765 0.1411765 0.1411765 1 0.1411765 0.1411765 0.1411765 1 0.1411765 0.1411765 0.1411765 1 0.1411765 0.1411765 0.1411765 1 0.1411765 0.1411765 0.1411765 1 0.1411765 0.1411765 0.1411765 1 0.1411765 0.1411765 0.1411765 1 0.1411765 0.1411765 0.1411765 1 0.1411765 0.1411765 0.1411765 1 0.1411765 0.1411765 0.1411765 1 0.1411765 0.1411765 0.1411765 1 0.1411765 0.1411765 0.1411765 1 0.1411765 0.1411765 0.1411765 1 0.1411765 0.1411765 0.1411765 1 0.1411765 0.1411765 0.1411765 1 0.1411765 0.1411765 0.1411765 1 0.1411765 0.1411765 0.1411765 1 0.1411765 0.1411765 0.1411765 1 0.1411765 0.1411765 0.1411765 1 0.1411765 0.1411765 0.1411765 1 0.1411765 0.1411765 0.1411765 1 0.1411765 0.1411765 0.1411765 1 0.1411765 0.1411765 0.1411765 1 0.1411765 0.1411765 0.1411765 1 0.1411765 0.1411765 0.1411765 1 0.1411765 0.1411765 0.1411765 1 0.1411765 0.1411765 0.1411765 1 0.1411765 0.1411765 0.1411765 1 0.1411765 0.1411765 0.1411765 1 0.1411765 0.1411765 0.1411765 1 0.1411765 0.1411765 0.1411765 1 0.1411765 0.1411765 0.1411765 1 0.1411765 0.1411765 0.1411765 1 0.1411765 0.1411765 0.1411765 1 0.1411765 0.1411765 0.1411765 1 0.1411765 0.1411765 0.1411765 1 0.1411765 0.1411765 0.1411765 1 0.1411765 0.1411765 0.1411765 1 0.1411765 0.1411765 0.1411765 1 0.1411765 0.1411765 0.1411765 1 0.1411765 0.1411765 0.1411765 1 0.1411765 0.1411765 0.1411765 1 0.1411765 0.1411765 0.1411765 1 0.1411765 0.1411765 0.1411765 1 0.1411765 0.1411765 0.1411765 1 0.1411765 0.1411765 0.1411765 1 0.1411765 0.1411765 0.1411765 1 0.1411765 0.1411765 0.1411765 1 0.1411765 0.1411765 0.1411765 1 0.1411765 0.1411765 0.1411765 1 0.1411765 0.1411765 0.1411765 1 0.1411765 0.1411765 0.1411765 1 0.1411765 0.1411765 0.1411765 1 0.1411765 0.1411765 0.1411765 1 0.1411765 0.1411765 0.1411765 1 0.1411765 0.1411765 0.1411765 1 0.1411765 0.1411765 0.1411765 1 0.1411765 0.1411765 0.1411765 1 0.1411765 0.1411765 0.1411765 1 0.1411765 0.1411765 0.1411765 1 0.1411765 0.1411765 0.1411765 1 0.1411765 0.1411765 0.1411765 1 0.1411765 0.1411765 0.1411765 1 0.1411765 0.1411765 0.1411765 1 0.1411765 0.1411765 0.1411765 1 0.1411765 0.1411765 0.1411765 1 0.1411765 0.1411765 0.1411765 1 0.1411765 0.1411765 0.1411765 1 0.1411765 0.1411765 0.1411765 1 0.1411765 0.1411765 0.1411765 1 0.1411765 0.1411765 0.1411765 1 0.1411765 0.1411765 0.1411765 1 0.1411765 0.1411765 0.1411765 1 0.1411765 0.1411765 0.1411765 1 0.1411765 0.1411765 0.1411765 1 0.1411765 0.1411765 0.1411765 1 0.1411765 0.1411765 0.1411765 1 0.1411765 0.1411765 0.1411765 1 0.1411765 0.1411765 0.1411765 1 0.1411765 0.1411765 0.1411765 1 0.1411765 0.1411765 0.1411765 1 0.1411765 0.1411765 0.1411765 1 0.1411765 0.1411765 0.1411765 1 0.1411765 0.1411765 0.1411765 1 0.1411765 0.1411765 0.1411765 1 0.1411765 0.1411765 0.1411765 1 0.1411765 0.1411765 0.1411765 1 0.1411765 0.1411765 0.1411765 1 0.1411765 0.1411765 0.1411765 1 0.1411765 0.1411765 0.1411765 1 0.1411765 0.1411765 0.1411765 1 0.1411765 0.1411765 0.1411765 1 0.1411765 0.1411765 0.1411765 1 0.1411765 0.1411765 0.1411765 1 0.1411765 0.1411765 0.1411765 1 0.1411765 0.1411765 0.1411765 1 0.1411765 0.1411765 0.1411765 1 0.1411765 0.1411765 0.1411765 1 0.1411765 0.1411765 0.1411765 1 0.1411765 0.1411765 0.1411765 1 0.1411765 0.1411765 0.1411765 1 0.1411765 0.1411765 0.1411765 1 0.1411765 0.1411765 0.1411765 1 0.1411765 0.1411765 0.1411765 1 0.1411765 0.1411765 0.1411765 1 0.1411765 0.1411765 0.1411765 1 0.1411765 0.1411765 0.1411765 1 0.1411765 0.1411765 0.1411765 1 0.1411765 0.1411765 0.1411765 1 0.1411765 0.1411765 0.1411765 1 0.1411765 0.1411765 0.1411765 1 0.1411765 0.1411765 0.1411765 1 0.1411765 0.1411765 0.1411765 1 0.1411765 0.1411765 0.1411765 1 0.1411765 0.1411765 0.1411765 1 0.1411765 0.1411765 0.1411765 1 0.1411765 0.1411765 0.1411765 1 0.1411765 0.1411765 0.1411765 1 0.1411765 0.1411765 0.1411765 1 0.1411765 0.1411765 0.1411765 1 0.1411765 0.1411765 0.1411765 1 0.1411765 0.1411765 0.1411765 1 0.1411765 0.1411765 0.1411765 1 0.1411765 0.1411765 0.1411765 1 0.1411765 0.1411765 0.1411765 1 0.1411765 0.1411765 0.1411765 1 0.1411765 0.1411765 0.1411765 1 0.1411765 0.1411765 0.1411765 1 0.1411765 0.1411765 0.1411765 1 0.1411765 0.1411765 0.1411765 1 0.1411765 0.1411765 0.1411765 1 0.1411765 0.1411765 0.1411765 1 0.1411765 0.1411765 0.1411765 1 0.1411765 0.1411765 0.1411765 1 0.1411765 0.1411765 0.1411765 1 0.1411765 0.1411765 0.1411765 1 0.1411765 0.1411765 0.1411765 1 0.1411765 0.1411765 0.1411765 1 0.1411765 0.1411765 0.1411765 1 0.4509804 0.2901961 0 1 0.4509804 0.2901961 0 1 0.4509804 0.2901961 0 1 0.4509804 0.2901961 0 1 0.4509804 0.2901961 0 1 0.4509804 0.2901961 0 1 0.4509804 0.2901961 0 1 0.4509804 0.2901961 0 1 0.4509804 0.2901961 0 1 0.4509804 0.2901961 0 1 0.4509804 0.2901961 0 1 0.4509804 0.2901961 0 1 0.4509804 0.2901961 0 1 0.4509804 0.2901961 0 1 0.4509804 0.2901961 0 1 0.4509804 0.2901961 0 1 0.4509804 0.2901961 0 1 0.4509804 0.2901961 0 1 0.4509804 0.2901961 0 1 0.4509804 0.2901961 0 1 0.4509804 0.2901961 0 1 0.4509804 0.2901961 0 1 0.4509804 0.2901961 0 1 0.4509804 0.2901961 0 1 0.4509804 0.2901961 0 1 0.4509804 0.2901961 0 1 0.4509804 0.2901961 0 1 0.4509804 0.2901961 0 1 0.4509804 0.2901961 0 1 0.4509804 0.2901961 0 1 0.4509804 0.2901961 0 1 0.4509804 0.2901961 0 1 0.4509804 0.2901961 0 1 0.4509804 0.2901961 0 1 0.4509804 0.2901961 0 1 0.4509804 0.2901961 0 1 0.4509804 0.2901961 0 1 0.4509804 0.2901961 0 1 0.4509804 0.2901961 0 1 0.4509804 0.2901961 0 1 0.4509804 0.2901961 0 1 0.4509804 0.2901961 0 1 0.4509804 0.2901961 0 1 0.4509804 0.2901961 0 1 0.4509804 0.2901961 0 1 0.4509804 0.2901961 0 1 0.4509804 0.2901961 0 1 0.4509804 0.2901961 0 1 0.4509804 0.2901961 0 1 0.4509804 0.2901961 0 1 0.4509804 0.2901961 0 1 0.4509804 0.2901961 0 1 0.4509804 0.2901961 0 1 0.4509804 0.2901961 0 1 0.4509804 0.2901961 0 1 0.4509804 0.2901961 0 1 0.4509804 0.2901961 0 1 0.4509804 0.2901961 0 1 0.4509804 0.2901961 0 1 0.4509804 0.2901961 0 1 0.4509804 0.2901961 0 1 0.4509804 0.2901961 0 1 0.4509804 0.2901961 0 1 0.4509804 0.2901961 0 1 0.4509804 0.2901961 0 1 0.4509804 0.2901961 0 1 0.4509804 0.2901961 0 1 0.4509804 0.2901961 0 1 0.4509804 0.2901961 0 1 0.4509804 0.2901961 0 1 0.4509804 0.2901961 0 1 0.4509804 0.2901961 0 1 0.4509804 0.2901961 0 1 0.4509804 0.2901961 0 1 0.4509804 0.2901961 0 1 0.4509804 0.2901961 0 1 0.4509804 0.2901961 0 1 0.4509804 0.2901961 0 1 0.4509804 0.2901961 0 1 0.4509804 0.2901961 0 1 0.4509804 0.2901961 0 1 0.4509804 0.2901961 0 1 0.4509804 0.2901961 0 1 0.4509804 0.2901961 0 1 0.4509804 0.2901961 0 1 0.4509804 0.2901961 0 1 0.4509804 0.2901961 0 1 0.4509804 0.2901961 0 1 0.4509804 0.2901961 0 1 0.4509804 0.2901961 0 1 0.4509804 0.2901961 0 1 0.4509804 0.2901961 0 1 0.4509804 0.2901961 0 1 0.4509804 0.2901961 0 1 0.4509804 0.2901961 0 1 0.4509804 0.2901961 0 1 0.4509804 0.2901961 0 1 0.4509804 0.2901961 0 1 0.4509804 0.2901961 0 1 0.4509804 0.2901961 0 1 0.4509804 0.2901961 0 1 0.4509804 0.2901961 0 1 0.4509804 0.2901961 0 1 0.4509804 0.2901961 0 1 0.4509804 0.2901961 0 1 0.4509804 0.2901961 0 1 0.4509804 0.2901961 0 1 0.4509804 0.2901961 0 1 0.4509804 0.2901961 0 1 0.4509804 0.2901961 0 1 0.4509804 0.2901961 0 1 0.4509804 0.2901961 0 1 0.4509804 0.2901961 0 1 0.4509804 0.2901961 0 1 0.4509804 0.2901961 0 1 0.4509804 0.2901961 0 1 0.4509804 0.2901961 0 1 0.4509804 0.2901961 0 1 0.4509804 0.2901961 0 1 0.4509804 0.2901961 0 1 0.4509804 0.2901961 0 1 0.4509804 0.2901961 0 1 0.4509804 0.2901961 0 1 0.4509804 0.2901961 0 1 0.4509804 0.2901961 0 1 0.4509804 0.2901961 0 1 0.4509804 0.2901961 0 1 0.4509804 0.2901961 0 1 0.4509804 0.2901961 0 1 0.4509804 0.2901961 0 1 0.4509804 0.2901961 0 1 0.4509804 0.2901961 0 1 0.4509804 0.2901961 0 1 0.4509804 0.2901961 0 1 0.4509804 0.2901961 0 1 0.4509804 0.2901961 0 1 0.4509804 0.2901961 0 1 0.4509804 0.2901961 0 1 0.4509804 0.2901961 0 1 0.4509804 0.2901961 0 1 0.4509804 0.2901961 0 1 0.4509804 0.2901961 0 1 0.4509804 0.2901961 0 1 0.4509804 0.2901961 0 1 0.4509804 0.2901961 0 1 0.4509804 0.2901961 0 1 0.4509804 0.2901961 0 1 0.4509804 0.2901961 0 1 0.4509804 0.2901961 0 1 0.4509804 0.2901961 0 1 0.4509804 0.2901961 0 1 0.4509804 0.2901961 0 1 0.4509804 0.2901961 0 1 0.4509804 0.2901961 0 1 0.4509804 0.2901961 0 1 0.4509804 0.2901961 0 1 0.4509804 0.2901961 0 1 0.4509804 0.2901961 0 1 0.4509804 0.2901961 0 1 0.4509804 0.2901961 0 1 0.4509804 0.2901961 0 1 0.4509804 0.2901961 0 1 0.4509804 0.2901961 0 1 0.4509804 0.2901961 0 1 0.4509804 0.2901961 0 1 0.4509804 0.2901961 0 1 0.4509804 0.2901961 0 1 0.4509804 0.2901961 0 1 0.4509804 0.2901961 0 1 0.4509804 0.2901961 0 1 0.4509804 0.2901961 0 1 0.4509804 0.2901961 0 1 0.4509804 0.2901961 0 1 0.4509804 0.2901961 0 1 0.4509804 0.2901961 0 1 0.4509804 0.2901961 0 1 0.4509804 0.2901961 0 1 0.4509804 0.2901961 0 1 0.4509804 0.2901961 0 1 0.4509804 0.2901961 0 1 0.4509804 0.2901961 0 1 0.4509804 0.2901961 0 1 0.4509804 0.2901961 0 1 0.4509804 0.2901961 0 1 0.4509804 0.2901961 0 1 0.4509804 0.2901961 0 1 0.4509804 0.2901961 0 1 0.4509804 0.2901961 0 1 0.4509804 0.2901961 0 1 0.4509804 0.2901961 0 1 0.4509804 0.2901961 0 1 0.4509804 0.2901961 0 1 0.4509804 0.2901961 0 1 0.4509804 0.2901961 0 1 0.4509804 0.2901961 0 1 0.4509804 0.2901961 0 1 0.4509804 0.2901961 0 1 0.4509804 0.2901961 0 1 0.4509804 0.2901961 0 1 0.4509804 0.2901961 0 1 0.4509804 0.2901961 0 1 0.4509804 0.2901961 0 1 0.4509804 0.2901961 0 1 0.4509804 0.2901961 0 1 0.4509804 0.2901961 0 1 0.4509804 0.2901961 0 1 0.4509804 0.2901961 0 1 0.4509804 0.2901961 0 1 0.4509804 0.2901961 0 1 0.4509804 0.2901961 0 1 0.4509804 0.2901961 0 1 0.4509804 0.2901961 0 1 0.4509804 0.2901961 0 1 0.4509804 0.2901961 0 1 0.4509804 0.2901961 0 1 0.4509804 0.2901961 0 1 0.4509804 0.2901961 0 1 0.4509804 0.2901961 0 1 0.4509804 0.2901961 0 1 0.4509804 0.2901961 0 1 0.4509804 0.2901961 0 1 0.4509804 0.2901961 0 1 0.4509804 0.2901961 0 1 0.4509804 0.2901961 0 1 0.4509804 0.2901961 0 1 0.4509804 0.2901961 0 1 0.4509804 0.2901961 0 1 0.4509804 0.2901961 0 1 0.4509804 0.2901961 0 1 0.4509804 0.2901961 0 1 0.4509804 0.2901961 0 1 0.4509804 0.2901961 0 1 0.4509804 0.2901961 0 1 0.4509804 0.2901961 0 1 0.4509804 0.2901961 0 1 0.4509804 0.2901961 0 1 0.4509804 0.2901961 0 1 0.4509804 0.2901961 0 1 0.4509804 0.2901961 0 1 0.4509804 0.2901961 0 1 0.4509804 0.2901961 0 1 0.4509804 0.2901961 0 1 0.4509804 0.2901961 0 1 0.4509804 0.2901961 0 1 0.4509804 0.2901961 0 1 0.4509804 0.2901961 0 1 0.4509804 0.2901961 0 1 0.4509804 0.2901961 0 1 0.4509804 0.2901961 0 1 0.4509804 0.2901961 0 1 0.4509804 0.2901961 0 1 0.4509804 0.2901961 0 1 0.4509804 0.2901961 0 1 0.4509804 0.2901961 0 1 0.4509804 0.2901961 0 1 0.4509804 0.2901961 0 1 0.4509804 0.2901961 0 1 0.4509804 0.2901961 0 1 0.4509804 0.2901961 0 1 0.4509804 0.2901961 0 1 0.4509804 0.2901961 0 1 0.4509804 0.2901961 0 1 0.4509804 0.2901961 0 1 0.4509804 0.2901961 0 1 0.4509804 0.2901961 0 1 0.4509804 0.2901961 0 1 0.4509804 0.2901961 0 1 0.4509804 0.2901961 0 1 0.4509804 0.2901961 0 1 0.4509804 0.2901961 0 1 0.4509804 0.2901961 0 1 0.4509804 0.2901961 0 1 0.4509804 0.2901961 0 1 0.4509804 0.2901961 0 1 0.4509804 0.2901961 0 1 0.4509804 0.2901961 0 1 0.4509804 0.2901961 0 1 0.4509804 0.2901961 0 1 0.4509804 0.2901961 0 1 0.4509804 0.2901961 0 1 0.4509804 0.2901961 0 1 0.4509804 0.2901961 0 1 0.4509804 0.2901961 0 1 0.4509804 0.2901961 0 1 0.4509804 0.2901961 0 1 0.4509804 0.2901961 0 1 0.4509804 0.2901961 0 1 0.4509804 0.2901961 0 1 0.4509804 0.2901961 0 1 0.4509804 0.2901961 0 1 0.4509804 0.2901961 0 1 0.4509804 0.2901961 0 1 0.4509804 0.2901961 0 1 0.4509804 0.2901961 0 1 0.4509804 0.2901961 0 1 0.4509804 0.2901961 0 1 0.4509804 0.2901961 0 1 0.4509804 0.2901961 0 1 0.4509804 0.2901961 0 1 0.4509804 0.2901961 0 1 0.4509804 0.2901961 0 1 0.4509804 0.2901961 0 1 0.4509804 0.2901961 0 1 0.4509804 0.2901961 0 1 0.4509804 0.2901961 0 1 0.4509804 0.2901961 0 1 0.4509804 0.2901961 0 1 0.4509804 0.2901961 0 1 0.4509804 0.2901961 0 1 0.4509804 0.2901961 0 1 0.4509804 0.2901961 0 1 0.4509804 0.2901961 0 1 0.4509804 0.2901961 0 1 0.4509804 0.2901961 0 1 0.4509804 0.2901961 0 1 0.4509804 0.2901961 0 1 0.4509804 0.2901961 0 1 0.4509804 0.2901961 0 1 0.4509804 0.2901961 0 1 0.4509804 0.2901961 0 1 0.4509804 0.2901961 0 1 0.4509804 0.2901961 0 1 0.4509804 0.2901961 0 1 0.4509804 0.2901961 0 1 0.4509804 0.2901961 0 1 0.4509804 0.2901961 0 1 0.4509804 0.2901961 0 1 0.4509804 0.2901961 0 1 0.4509804 0.2901961 0 1 0.4509804 0.2901961 0 1 0.4509804 0.2901961 0 1 0.4509804 0.2901961 0 1 0.4509804 0.2901961 0 1 0.4509804 0.2901961 0 1 0.4509804 0.2901961 0 1 0.4509804 0.2901961 0 1 0.4509804 0.2901961 0 1 0.4509804 0.2901961 0 1 0.4509804 0.2901961 0 1 0.4509804 0.2901961 0 1 0.4509804 0.2901961 0 1 0.4509804 0.2901961 0 1 0.4509804 0.2901961 0 1 0.4509804 0.2901961 0 1 0.4509804 0.2901961 0 1 0.4509804 0.2901961 0 1 0.4509804 0.2901961 0 1 0.4509804 0.2901961 0 1 0.4509804 0.2901961 0 1 0.4509804 0.2901961 0 1 0.4509804 0.2901961 0 1 0.4509804 0.2901961 0 1 0.4509804 0.2901961 0 1 0.4509804 0.2901961 0 1 0.4509804 0.2901961 0 1 0.4509804 0.2901961 0 1 0.4509804 0.2901961 0 1 0.4509804 0.2901961 0 1 0.4509804 0.2901961 0 1 0.4509804 0.2901961 0 1 0.4509804 0.2901961 0 1 0.4509804 0.2901961 0 1 0.4509804 0.2901961 0 1 0.4509804 0.2901961 0 1 0.4509804 0.2901961 0 1 0.4509804 0.2901961 0 1 0.4509804 0.2901961 0 1 0.4509804 0.2901961 0 1 0.4509804 0.2901961 0 1 0.4509804 0.2901961 0 1 0.4509804 0.2901961 0 1 0.4509804 0.2901961 0 1 0.4509804 0.2901961 0 1 0.4509804 0.2901961 0 1 0.4509804 0.2901961 0 1 0.4509804 0.2901961 0 1 0.4509804 0.2901961 0 1 0.4509804 0.2901961 0 1 0.4509804 0.2901961 0 1 0.4509804 0.2901961 0 1 0.4509804 0.2901961 0 1 0.4509804 0.2901961 0 1 0.4509804 0.2901961 0 1 0.4509804 0.2901961 0 1 0.4509804 0.2901961 0 1 0.4509804 0.2901961 0 1 0.4509804 0.2901961 0 1 0.4509804 0.2901961 0 1 0.4509804 0.2901961 0 1 0.4509804 0.2901961 0 1 0.4509804 0.2901961 0 1 0.4509804 0.2901961 0 1 0.4509804 0.2901961 0 1 0.4509804 0.2901961 0 1 0.4509804 0.2901961 0 1 0.4509804 0.2901961 0 1 0.4509804 0.2901961 0 1 0.4509804 0.2901961 0 1 0.4509804 0.2901961 0 1 0.4509804 0.2901961 0 1 0.4509804 0.2901961 0 1 0.4509804 0.2901961 0 1 0.4509804 0.2901961 0 1 0.4509804 0.2901961 0 1 0.4509804 0.2901961 0 1 0.4509804 0.2901961 0 1 0.4509804 0.2901961 0 1 0.4509804 0.2901961 0 1 0.4509804 0.2901961 0 1 0.4509804 0.2901961 0 1 0.4509804 0.2901961 0 1 0.4509804 0.2901961 0 1 0.4509804 0.2901961 0 1 0.4509804 0.2901961 0 1 0.4509804 0.2901961 0 1 0.4509804 0.2901961 0 1 0.4509804 0.2901961 0 1 0.4509804 0.2901961 0 1 0.4509804 0.2901961 0 1 0.4509804 0.2901961 0 1 0.4509804 0.2901961 0 1 0.4509804 0.2901961 0 1 0.4509804 0.2901961 0 1 0.4509804 0.2901961 0 1 0.4509804 0.2901961 0 1 0.4509804 0.2901961 0 1 0.4509804 0.2901961 0 1 0.4509804 0.2901961 0 1 0.4509804 0.2901961 0 1 0.4509804 0.2901961 0 1 0.4509804 0.2901961 0 1 0.4509804 0.2901961 0 1 0.4509804 0.2901961 0 1 0.4509804 0.2901961 0 1 0.4509804 0.2901961 0 1 0.4509804 0.2901961 0 1 0.4509804 0.2901961 0 1 0.4509804 0.2901961 0 1 0.4509804 0.2901961 0 1 0.4509804 0.2901961 0 1 0.4509804 0.2901961 0 1 0.4509804 0.2901961 0 1 0.4509804 0.2901961 0 1 0.4509804 0.2901961 0 1 0.4509804 0.2901961 0 1 0.4509804 0.2901961 0 1 0.4509804 0.2901961 0 1 0.4509804 0.2901961 0 1 0.4509804 0.2901961 0 1 0.4509804 0.2901961 0 1 0.4509804 0.2901961 0 1 0.4509804 0.2901961 0 1 0.4509804 0.2901961 0 1 0.4509804 0.2901961 0 1 0.4509804 0.2901961 0 1 0.4509804 0.2901961 0 1 0.4509804 0.2901961 0 1 0.4509804 0.2901961 0 1 0.4509804 0.2901961 0 1 0.4509804 0.2901961 0 1 0.4509804 0.2901961 0 1 0.4509804 0.2901961 0 1 0.4509804 0.2901961 0 1 0.4509804 0.2901961 0 1 0.4509804 0.2901961 0 1 0.4509804 0.2901961 0 1 0.4509804 0.2901961 0 1 0.4509804 0.2901961 0 1 0.4509804 0.2901961 0 1 0.4509804 0.2901961 0 1 0.4509804 0.2901961 0 1 0.4509804 0.2901961 0 1 0.4509804 0.2901961 0 1 0.4509804 0.2901961 0 1 0.4509804 0.2901961 0 1 0.4509804 0.2901961 0 1 0.4509804 0.2901961 0 1 0.4509804 0.2901961 0 1 0.4509804 0.2901961 0 1 0.4509804 0.2901961 0 1 0.4509804 0.2901961 0 1 0.4509804 0.2901961 0 1 0.4509804 0.2901961 0 1 0.4509804 0.2901961 0 1 0.4509804 0.2901961 0 1 0.4509804 0.2901961 0 1 0.4509804 0.2901961 0 1 0.4509804 0.2901961 0 1 0.4509804 0.2901961 0 1 0.4509804 0.2901961 0 1 0.4509804 0.2901961 0 1 0.4509804 0.2901961 0 1 0.4509804 0.2901961 0 1 0.4509804 0.2901961 0 1 0.4509804 0.2901961 0 1 0.4509804 0.2901961 0 1 0.4509804 0.2901961 0 1 0.4509804 0.2901961 0 1 0.4509804 0.2901961 0 1 0.4509804 0.2901961 0 1 0.4509804 0.2901961 0 1 0.4509804 0.2901961 0 1 0.4509804 0.2901961 0 1 0.4509804 0.2901961 0 1 0.4509804 0.2901961 0 1 0.4509804 0.2901961 0 1 0.4509804 0.2901961 0 1 0.4509804 0.2901961 0 1 0.4509804 0.2901961 0 1 0.4509804 0.2901961 0 1 0.4509804 0.2901961 0 1 0.4509804 0.2901961 0 1 0.4509804 0.2901961 0 1 0.4509804 0.2901961 0 1 0.4509804 0.2901961 0 1 0.4509804 0.2901961 0 1 0.4509804 0.2901961 0 1 0.4509804 0.2901961 0 1 0.4509804 0.2901961 0 1 0.4509804 0.2901961 0 1 0.4509804 0.2901961 0 1 0.4509804 0.2901961 0 1 0.4509804 0.2901961 0 1 0.4509804 0.2901961 0 1 0.4509804 0.2901961 0 1 0.4509804 0.2901961 0 1 0.4509804 0.2901961 0 1 0.4509804 0.2901961 0 1 0.4509804 0.2901961 0 1 0.4509804 0.2901961 0 1 0.4509804 0.2901961 0 1 0.4509804 0.2901961 0 1 0.4509804 0.2901961 0 1 0.4509804 0.2901961 0 1 0.4509804 0.2901961 0 1 0.4509804 0.2901961 0 1 0.4509804 0.2901961 0 1 0.4509804 0.2901961 0 1 0.4509804 0.2901961 0 1 0.4509804 0.2901961 0 1 0.4509804 0.2901961 0 1 0.4509804 0.2901961 0 1 0.4509804 0.2901961 0 1 0.4509804 0.2901961 0 1 0.4509804 0.2901961 0 1 0.4509804 0.2901961 0 1 0.4509804 0.2901961 0 1 0.4509804 0.2901961 0 1 0.4509804 0.2901961 0 1 0.4509804 0.2901961 0 1 0.4509804 0.2901961 0 1 0.4509804 0.2901961 0 1 0.4509804 0.2901961 0 1 0.4509804 0.2901961 0 1 0.4509804 0.2901961 0 1 0.4509804 0.2901961 0 1 0.4509804 0.2901961 0 1 0.4509804 0.2901961 0 1 0.4509804 0.2901961 0 1 0.4509804 0.2901961 0 1 0.4509804 0.2901961 0 1 0.4509804 0.2901961 0 1 0.4509804 0.2901961 0 1 0.4509804 0.2901961 0 1 0.4509804 0.2901961 0 1 0.4509804 0.2901961 0 1 0.4509804 0.2901961 0 1 0.4509804 0.2901961 0 1 0.4509804 0.2901961 0 1 0.4509804 0.2901961 0 1 0.4509804 0.2901961 0 1 0.4509804 0.2901961 0 1 0.4509804 0.2901961 0 1 0.4509804 0.2901961 0 1 0.4509804 0.2901961 0 1 0.4509804 0.2901961 0 1 0.4509804 0.2901961 0 1 0.4509804 0.2901961 0 1 0.4509804 0.2901961 0 1 0.4509804 0.2901961 0 1 0.4509804 0.2901961 0 1 0.4509804 0.2901961 0 1 0.4509804 0.2901961 0 1 0.4509804 0.2901961 0 1 0.4509804 0.2901961 0 1 0.4509804 0.2901961 0 1 0.4509804 0.2901961 0 1 0.4509804 0.2901961 0 1 0.4509804 0.2901961 0 1 0.4509804 0.2901961 0 1 0.4509804 0.2901961 0 1 0.4509804 0.2901961 0 1 0.4509804 0.2901961 0 1 0.4509804 0.2901961 0 1 0.4509804 0.2901961 0 1 0.4509804 0.2901961 0 1 0.4509804 0.2901961 0 1 0.4509804 0.2901961 0 1 0.4509804 0.2901961 0 1 0.4509804 0.2901961 0 1 0.4509804 0.2901961 0 1 0.4509804 0.2901961 0 1 0.4509804 0.2901961 0 1 0.4509804 0.2901961 0 1 0.4509804 0.2901961 0 1 0.4509804 0.2901961 0 1 0.4509804 0.2901961 0 1 0.4509804 0.2901961 0 1 0.4509804 0.2901961 0 1 0.4509804 0.2901961 0 1 0.4509804 0.2901961 0 1 0.4509804 0.2901961 0 1 0.4509804 0.2901961 0 1 0.4509804 0.2901961 0 1 0.4509804 0.2901961 0 1 0.4509804 0.2901961 0 1 0.4509804 0.2901961 0 1 0.4509804 0.2901961 0 1 0.4509804 0.2901961 0 1 0.4509804 0.2901961 0 1 0.4509804 0.2901961 0 1 0.4509804 0.2901961 0 1 0.4509804 0.2901961 0 1 0.4509804 0.2901961 0 1 0.4509804 0.2901961 0 1 0.4509804 0.2901961 0 1 0.4509804 0.2901961 0 1 0.4509804 0.2901961 0 1 0.4509804 0.2901961 0 1 0.4509804 0.2901961 0 1 0.4509804 0.2901961 0 1 0.4509804 0.2901961 0 1 0.4509804 0.2901961 0 1 0.4509804 0.2901961 0 1 0.4509804 0.2901961 0 1 0.4509804 0.2901961 0 1 0.4509804 0.2901961 0 1 0.4509804 0.2901961 0 1 0.4509804 0.2901961 0 1 0.4509804 0.2901961 0 1 0.4509804 0.2901961 0 1 0.4509804 0.2901961 0 1 0.4509804 0.2901961 0 1 0.4509804 0.2901961 0 1 0.4509804 0.2901961 0 1 0.4509804 0.2901961 0 1 0.4509804 0.2901961 0 1 0.4509804 0.2901961 0 1 0.4509804 0.2901961 0 1 0.4509804 0.2901961 0 1 0.4509804 0.2901961 0 1 0.4509804 0.2901961 0 1 0.4509804 0.2901961 0 1 0.4509804 0.2901961 0 1 0.4509804 0.2901961 0 1 0.4509804 0.2901961 0 1 0.4509804 0.2901961 0 1 0.4509804 0.2901961 0 1 0.4509804 0.2901961 0 1 0.4509804 0.2901961 0 1 0.4509804 0.2901961 0 1 0.4509804 0.2901961 0 1 0.4509804 0.2901961 0 1 0.4509804 0.2901961 0 1 0.4509804 0.2901961 0 1 0.4509804 0.2901961 0 1 0.4509804 0.2901961 0 1 0.4509804 0.2901961 0 1 0.4509804 0.2901961 0 1 0.4509804 0.2901961 0 1 0.4509804 0.2901961 0 1 0.4509804 0.2901961 0 1 0.4509804 0.2901961 0 1 0.4509804 0.2901961 0 1 0.4509804 0.2901961 0 1 0.4509804 0.2901961 0 1 0.4509804 0.2901961 0 1 0.4509804 0.2901961 0 1 0.4509804 0.2901961 0 1 0.4509804 0.2901961 0 1 0.4509804 0.2901961 0 1 0.4509804 0.2901961 0 1 0.4509804 0.2901961 0 1 0.4509804 0.2901961 0 1 0.4509804 0.2901961 0 1 0.4509804 0.2901961 0 1 0.4509804 0.2901961 0 1 0.4509804 0.2901961 0 1 0.4509804 0.2901961 0 1 0.4509804 0.2901961 0 1 0.4509804 0.2901961 0 1 0.4509804 0.2901961 0 1 0.4509804 0.2901961 0 1 0.4509804 0.2901961 0 1 0.4509804 0.2901961 0 1 0.4509804 0.2901961 0 1 0.4509804 0.2901961 0 1 0.4509804 0.2901961 0 1 0.4509804 0.2901961 0 1 0.4509804 0.2901961 0 1 0.4509804 0.2901961 0 1 0.4509804 0.2901961 0 1 0.4509804 0.2901961 0 1 0.4509804 0.2901961 0 1 0.4509804 0.2901961 0 1 0.4509804 0.2901961 0 1 0.4509804 0.2901961 0 1 0.4509804 0.2901961 0 1 0.4509804 0.2901961 0 1 0.4509804 0.2901961 0 1 0.4509804 0.2901961 0 1 0.4509804 0.2901961 0 1 0.4509804 0.2901961 0 1 0.4509804 0.2901961 0 1 0.4509804 0.2901961 0 1 0.4509804 0.2901961 0 1 0.4509804 0.2901961 0 1 0.4509804 0.2901961 0 1 0.4509804 0.2901961 0 1 0.4509804 0.2901961 0 1 0.4509804 0.2901961 0 1 0.4509804 0.2901961 0 1 0.4509804 0.2901961 0 1 0.4509804 0.2901961 0 1 0.4509804 0.2901961 0 1 0.4509804 0.2901961 0 1 0.4509804 0.2901961 0 1 0.4509804 0.2901961 0 1 0.4509804 0.2901961 0 1 0.4509804 0.2901961 0 1 0.4509804 0.2901961 0 1 0.4509804 0.2901961 0 1 0.4509804 0.2901961 0 1 0.4509804 0.2901961 0 1 0.4509804 0.2901961 0 1 0.4509804 0.2901961 0 1 0.4509804 0.2901961 0 1 0.4509804 0.2901961 0 1 0.4509804 0.2901961 0 1 0.4509804 0.2901961 0 1 0.4509804 0.2901961 0 1 0.4509804 0.2901961 0 1 0.4509804 0.2901961 0 1 0.4509804 0.2901961 0 1 0.4509804 0.2901961 0 1 0.4509804 0.2901961 0 1 0.4509804 0.2901961 0 1 0.4509804 0.2901961 0 1 0.4509804 0.2901961 0 1 0.4509804 0.2901961 0 1 0.4509804 0.2901961 0 1 0.4509804 0.2901961 0 1 0.4509804 0.2901961 0 1 0.4509804 0.2901961 0 1 0.4509804 0.2901961 0 1 0.4509804 0.2901961 0 1 0.4509804 0.2901961 0 1 0.4509804 0.2901961 0 1 0.4509804 0.2901961 0 1 0.4509804 0.2901961 0 1 0.4509804 0.2901961 0 1 0.4509804 0.2901961 0 1 0.4509804 0.2901961 0 1 0.4509804 0.2901961 0 1 0.4509804 0.2901961 0 1 0.4509804 0.2901961 0 1 0.4509804 0.2901961 0 1 0.4509804 0.2901961 0 1 0.4509804 0.2901961 0 1 0.4509804 0.2901961 0 1 0.4509804 0.2901961 0 1 0.4509804 0.2901961 0 1 0.4509804 0.2901961 0 1 0.4509804 0.2901961 0 1 0.4509804 0.2901961 0 1 0.4509804 0.2901961 0 1 0.4509804 0.2901961 0 1 0.4509804 0.2901961 0 1 0.4509804 0.2901961 0 1 0.4509804 0.2901961 0 1 0.4509804 0.2901961 0 1 0.4509804 0.2901961 0 1 0.4509804 0.2901961 0 1 0.4509804 0.2901961 0 1 0.4509804 0.2901961 0 1 0.4509804 0.2901961 0 1 0.4509804 0.2901961 0 1 0.4509804 0.2901961 0 1 0.4509804 0.2901961 0 1 0.4509804 0.2901961 0 1 0.4509804 0.2901961 0 1 0.4509804 0.2901961 0 1 0.4509804 0.2901961 0 1 0.4509804 0.2901961 0 1 0.4509804 0.2901961 0 1 0.4509804 0.2901961 0 1 0.4509804 0.2901961 0 1 0.4509804 0.2901961 0 1 0.4705882 0.2313725 0.1019608 1 0.4705882 0.2313725 0.1019608 1 0.4705882 0.2313725 0.1019608 1 0.4705882 0.2313725 0.1019608 1 0.4705882 0.2313725 0.1019608 1 0.4705882 0.2313725 0.1019608 1 0.4705882 0.2313725 0.1019608 1 0.4705882 0.2313725 0.1019608 1 0.4705882 0.2313725 0.1019608 1 0.4705882 0.2313725 0.1019608 1 0.4705882 0.2313725 0.1019608 1 0.4705882 0.2313725 0.1019608 1 0.4705882 0.2313725 0.1019608 1 0.4705882 0.2313725 0.1019608 1 0.4705882 0.2313725 0.1019608 1 0.4705882 0.2313725 0.1019608 1 0.4705882 0.2313725 0.1019608 1 0.4705882 0.2313725 0.1019608 1 0.4705882 0.2313725 0.1019608 1 0.4705882 0.2313725 0.1019608 1 0.4705882 0.2313725 0.1019608 1 0.4705882 0.2313725 0.1019608 1 0.4705882 0.2313725 0.1019608 1 0.4705882 0.2313725 0.1019608 1 0.4705882 0.2313725 0.1019608 1 0.4705882 0.2313725 0.1019608 1 0.4705882 0.2313725 0.1019608 1 0.4705882 0.2313725 0.1019608 1 0.4705882 0.2313725 0.1019608 1 0.4705882 0.2313725 0.1019608 1 0.4705882 0.2313725 0.1019608 1 0.4705882 0.2313725 0.1019608 1 0.4705882 0.2313725 0.1019608 1 0.4705882 0.2313725 0.1019608 1 0.4705882 0.2313725 0.1019608 1 0.4705882 0.2313725 0.1019608 1 0.4705882 0.2313725 0.1019608 1 0.4705882 0.2313725 0.1019608 1 0.4705882 0.2313725 0.1019608 1 0.4705882 0.2313725 0.1019608 1 0.4705882 0.2313725 0.1019608 1 0.4705882 0.2313725 0.1019608 1 0.4705882 0.2313725 0.1019608 1 0.4705882 0.2313725 0.1019608 1 0.4705882 0.2313725 0.1019608 1 0.4705882 0.2313725 0.1019608 1 0.4705882 0.2313725 0.1019608 1 0.4705882 0.2313725 0.1019608 1 0.4705882 0.2313725 0.1019608 1 0.4705882 0.2313725 0.1019608 1 0.4705882 0.2313725 0.1019608 1 0.4705882 0.2313725 0.1019608 1 0.4705882 0.2313725 0.1019608 1 0.4705882 0.2313725 0.1019608 1 0.4705882 0.2313725 0.1019608 1 0.4705882 0.2313725 0.1019608 1 0.4705882 0.2313725 0.1019608 1 0.4705882 0.2313725 0.1019608 1 0.4705882 0.2313725 0.1019608 1 0.4705882 0.2313725 0.1019608 1 0.4705882 0.2313725 0.1019608 1 0.4705882 0.2313725 0.1019608 1 0.4705882 0.2313725 0.1019608 1 0.4705882 0.2313725 0.1019608 1 0.4705882 0.2313725 0.1019608 1 0.4705882 0.2313725 0.1019608 1 0.4705882 0.2313725 0.1019608 1 0.4705882 0.2313725 0.1019608 1 0.4705882 0.2313725 0.1019608 1 0.4705882 0.2313725 0.1019608 1 0.4705882 0.2313725 0.1019608 1 0.4705882 0.2313725 0.1019608 1 0.4705882 0.2313725 0.1019608 1 0.4705882 0.2313725 0.1019608 1 0.4705882 0.2313725 0.1019608 1 0.4705882 0.2313725 0.1019608 1 0.4705882 0.2313725 0.1019608 1 0.4705882 0.2313725 0.1019608 1 0.4705882 0.2313725 0.1019608 1 0.4705882 0.2313725 0.1019608 1 0.4705882 0.2313725 0.1019608 1 0.4705882 0.2313725 0.1019608 1 0.4705882 0.2313725 0.1019608 1 0.4705882 0.2313725 0.1019608 1 0.4705882 0.2313725 0.1019608 1 0.4705882 0.2313725 0.1019608 1 0.4705882 0.2313725 0.1019608 1 0.4705882 0.2313725 0.1019608 1 0.4705882 0.2313725 0.1019608 1 0.4705882 0.2313725 0.1019608 1 0.4705882 0.2313725 0.1019608 1 0.4705882 0.2313725 0.1019608 1 0.4705882 0.2313725 0.1019608 1 0.4705882 0.2313725 0.1019608 1 0.4705882 0.2313725 0.1019608 1 0.4705882 0.2313725 0.1019608 1 0.4705882 0.2313725 0.1019608 1 0.4705882 0.2313725 0.1019608 1 0.4705882 0.2313725 0.1019608 1 0.4705882 0.2313725 0.1019608 1 0.4705882 0.2313725 0.1019608 1 0.4705882 0.2313725 0.1019608 1 0.4705882 0.2313725 0.1019608 1 0.4705882 0.2313725 0.1019608 1 0.4705882 0.2313725 0.1019608 1 0.4705882 0.2313725 0.1019608 1 0.4705882 0.2313725 0.1019608 1 0.4705882 0.2313725 0.1019608 1 0.4705882 0.2313725 0.1019608 1 0.4705882 0.2313725 0.1019608 1 0.4705882 0.2313725 0.1019608 1 0.4705882 0.2313725 0.1019608 1 0.4705882 0.2313725 0.1019608 1 0.4705882 0.2313725 0.1019608 1 0.4705882 0.2313725 0.1019608 1 0.4705882 0.2313725 0.1019608 1 0.4705882 0.2313725 0.1019608 1 0.4705882 0.2313725 0.1019608 1 0.4705882 0.2313725 0.1019608 1 0.4705882 0.2313725 0.1019608 1 0.4705882 0.2313725 0.1019608 1 0.4705882 0.2313725 0.1019608 1 0.4705882 0.2313725 0.1019608 1 0.4705882 0.2313725 0.1019608 1 0.4705882 0.2313725 0.1019608 1 0.4705882 0.2313725 0.1019608 1 0.4705882 0.2313725 0.1019608 1 0.4705882 0.2313725 0.1019608 1 0.4705882 0.2313725 0.1019608 1 0.4705882 0.2313725 0.1019608 1 0.4705882 0.2313725 0.1019608 1 0.4705882 0.2313725 0.1019608 1 0.4705882 0.2313725 0.1019608 1 0.4705882 0.2313725 0.1019608 1 0.4705882 0.2313725 0.1019608 1 0.4705882 0.2313725 0.1019608 1 0.4705882 0.2313725 0.1019608 1 0.4705882 0.2313725 0.1019608 1 0.4705882 0.2313725 0.1019608 1 0.4705882 0.2313725 0.1019608 1 0.4705882 0.2313725 0.1019608 1 0.4705882 0.2313725 0.1019608 1 0.4705882 0.2313725 0.1019608 1 0.4705882 0.2313725 0.1019608 1 0.4705882 0.2313725 0.1019608 1 0.4705882 0.2313725 0.1019608 1 0.4705882 0.2313725 0.1019608 1 0.4705882 0.2313725 0.1019608 1 0.4705882 0.2313725 0.1019608 1 0.4705882 0.2313725 0.1019608 1 0.4705882 0.2313725 0.1019608 1 0.4705882 0.2313725 0.1019608 1 0.4705882 0.2313725 0.1019608 1 0.4705882 0.2313725 0.1019608 1 0.4705882 0.2313725 0.1019608 1 0.4705882 0.2313725 0.1019608 1 0.4705882 0.2313725 0.1019608 1 0.4705882 0.2313725 0.1019608 1 0.4705882 0.2313725 0.1019608 1 0.4705882 0.2313725 0.1019608 1 0.4705882 0.2313725 0.1019608 1 0.4705882 0.2313725 0.1019608 1 0.4705882 0.2313725 0.1019608 1 0.4705882 0.2313725 0.1019608 1 0.4705882 0.2313725 0.1019608 1 0.4705882 0.2313725 0.1019608 1 0.4705882 0.2313725 0.1019608 1 0.4705882 0.2313725 0.1019608 1 0.4705882 0.2313725 0.1019608 1 0.4705882 0.2313725 0.1019608 1 0.4705882 0.2313725 0.1019608 1 0.4705882 0.2313725 0.1019608 1 0.4705882 0.2313725 0.1019608 1 0.4705882 0.2313725 0.1019608 1 0.4705882 0.2313725 0.1019608 1 0.4705882 0.2313725 0.1019608 1 0.4705882 0.2313725 0.1019608 1 0.4705882 0.2313725 0.1019608 1 0.4705882 0.2313725 0.1019608 1 0.4705882 0.2313725 0.1019608 1 0.4705882 0.2313725 0.1019608 1 0.4705882 0.2313725 0.1019608 1 0.4705882 0.2313725 0.1019608 1 0.4705882 0.2313725 0.1019608 1 0.4705882 0.2313725 0.1019608 1 0.4705882 0.2313725 0.1019608 1 0.4705882 0.2313725 0.1019608 1 0.4705882 0.2313725 0.1019608 1 0.4705882 0.2313725 0.1019608 1 0.4705882 0.2313725 0.1019608 1 0.4705882 0.2313725 0.1019608 1 0.4705882 0.2313725 0.1019608 1 0.4705882 0.2313725 0.1019608 1 0.4705882 0.2313725 0.1019608 1 0.4705882 0.2313725 0.1019608 1 0.4705882 0.2313725 0.1019608 1 0.4705882 0.2313725 0.1019608 1 0.4705882 0.2313725 0.1019608 1 0.4705882 0.2313725 0.1019608 1 0.4705882 0.2313725 0.1019608 1 0.4705882 0.2313725 0.1019608 1 0.4705882 0.2313725 0.1019608 1 0.4705882 0.2313725 0.1019608 1 0.4705882 0.2313725 0.1019608 1 0.4705882 0.2313725 0.1019608 1 0.4705882 0.2313725 0.1019608 1 0.4705882 0.2313725 0.1019608 1 0.4705882 0.2313725 0.1019608 1 0.4705882 0.2313725 0.1019608 1 0.4705882 0.2313725 0.1019608 1 0.4705882 0.2313725 0.1019608 1 0.4705882 0.2313725 0.1019608 1 0.4705882 0.2313725 0.1019608 1 0.4705882 0.2313725 0.1019608 1 0.4705882 0.2313725 0.1019608 1 0.4705882 0.2313725 0.1019608 1 0.4705882 0.2313725 0.1019608 1 0.4705882 0.2313725 0.1019608 1 0.4705882 0.2313725 0.1019608 1 0.4705882 0.2313725 0.1019608 1 0.4705882 0.2313725 0.1019608 1 0.4705882 0.2313725 0.1019608 1 0.4705882 0.2313725 0.1019608 1 0.4705882 0.2313725 0.1019608 1 0.4705882 0.2313725 0.1019608 1 0.4705882 0.2313725 0.1019608 1 0.4705882 0.2313725 0.1019608 1 0.4705882 0.2313725 0.1019608 1 0.4705882 0.2313725 0.1019608 1 0.4705882 0.2313725 0.1019608 1 0.4705882 0.2313725 0.1019608 1 0.4705882 0.2313725 0.1019608 1 0.4705882 0.2313725 0.1019608 1 0.4705882 0.2313725 0.1019608 1 0.4705882 0.2313725 0.1019608 1 0.4705882 0.2313725 0.1019608 1 0.4705882 0.2313725 0.1019608 1 0.4705882 0.2313725 0.1019608 1 0.4705882 0.2313725 0.1019608 1 0.4705882 0.2313725 0.1019608 1 0.4705882 0.2313725 0.1019608 1 0.4705882 0.2313725 0.1019608 1 0.4705882 0.2313725 0.1019608 1 0.4705882 0.2313725 0.1019608 1 0.4705882 0.2313725 0.1019608 1 0.4705882 0.2313725 0.1019608 1 0.1411765 0.1411765 0.1411765 1 0.1411765 0.1411765 0.1411765 1 0.1411765 0.1411765 0.1411765 1 0.1411765 0.1411765 0.1411765 1 0.1411765 0.1411765 0.1411765 1 0.1411765 0.1411765 0.1411765 1 0.1411765 0.1411765 0.1411765 1 0.1411765 0.1411765 0.1411765 1 0.1411765 0.1411765 0.1411765 1 0.1411765 0.1411765 0.1411765 1 0.1411765 0.1411765 0.1411765 1 0.1411765 0.1411765 0.1411765 1 0.1411765 0.1411765 0.1411765 1 0.1411765 0.1411765 0.1411765 1 0.1411765 0.1411765 0.1411765 1 0.1411765 0.1411765 0.1411765 1 0.1411765 0.1411765 0.1411765 1 0.1411765 0.1411765 0.1411765 1 0.1411765 0.1411765 0.1411765 1 0.1411765 0.1411765 0.1411765 1 0.1411765 0.1411765 0.1411765 1 0.1411765 0.1411765 0.1411765 1 0.1411765 0.1411765 0.1411765 1 0.1411765 0.1411765 0.1411765 1 0.1411765 0.1411765 0.1411765 1 0.1411765 0.1411765 0.1411765 1 0.1411765 0.1411765 0.1411765 1 0.1411765 0.1411765 0.1411765 1 0.1411765 0.1411765 0.1411765 1 0.1411765 0.1411765 0.1411765 1 0.1411765 0.1411765 0.1411765 1 0.1411765 0.1411765 0.1411765 1 0.1411765 0.1411765 0.1411765 1 0.1411765 0.1411765 0.1411765 1 0.1411765 0.1411765 0.1411765 1 0.1411765 0.1411765 0.1411765 1 0.1411765 0.1411765 0.1411765 1 0.1411765 0.1411765 0.1411765 1 0.1411765 0.1411765 0.1411765 1 0.1411765 0.1411765 0.1411765 1 0.1411765 0.1411765 0.1411765 1 0.1411765 0.1411765 0.1411765 1 0.1411765 0.1411765 0.1411765 1 0.1411765 0.1411765 0.1411765 1 0.1411765 0.1411765 0.1411765 1 0.1411765 0.1411765 0.1411765 1 0.1411765 0.1411765 0.1411765 1 0.1411765 0.1411765 0.1411765 1 0.1411765 0.1411765 0.1411765 1 0.1411765 0.1411765 0.1411765 1 0.1411765 0.1411765 0.1411765 1 0.1411765 0.1411765 0.1411765 1 0.1411765 0.1411765 0.1411765 1 0.1411765 0.1411765 0.1411765 1 0.1411765 0.1411765 0.1411765 1 0.1411765 0.1411765 0.1411765 1 0.1411765 0.1411765 0.1411765 1 0.1411765 0.1411765 0.1411765 1 0.1411765 0.1411765 0.1411765 1 0.1411765 0.1411765 0.1411765 1 0.1411765 0.1411765 0.1411765 1 0.1411765 0.1411765 0.1411765 1 0.1411765 0.1411765 0.1411765 1 0.1411765 0.1411765 0.1411765 1 0.1411765 0.1411765 0.1411765 1 0.1411765 0.1411765 0.1411765 1 0.1411765 0.1411765 0.1411765 1 0.1411765 0.1411765 0.1411765 1 0.1411765 0.1411765 0.1411765 1 0.1411765 0.1411765 0.1411765 1 0.1411765 0.1411765 0.1411765 1 0.1411765 0.1411765 0.1411765 1 0.1411765 0.1411765 0.1411765 1 0.1411765 0.1411765 0.1411765 1 0.1411765 0.1411765 0.1411765 1 0.1411765 0.1411765 0.1411765 1 0.1411765 0.1411765 0.1411765 1 0.1411765 0.1411765 0.1411765 1 0.1411765 0.1411765 0.1411765 1 0.1411765 0.1411765 0.1411765 1 0.1411765 0.1411765 0.1411765 1 0.1411765 0.1411765 0.1411765 1 0.1411765 0.1411765 0.1411765 1 0.1411765 0.1411765 0.1411765 1 0.1411765 0.1411765 0.1411765 1 0.1411765 0.1411765 0.1411765 1 0.1411765 0.1411765 0.1411765 1 0.1411765 0.1411765 0.1411765 1 0.1411765 0.1411765 0.1411765 1 0.1411765 0.1411765 0.1411765 1 0.1411765 0.1411765 0.1411765 1 0.1411765 0.1411765 0.1411765 1 0.1411765 0.1411765 0.1411765 1 0.1411765 0.1411765 0.1411765 1 0.1411765 0.1411765 0.1411765 1 0.1411765 0.1411765 0.1411765 1 0.1411765 0.1411765 0.1411765 1 0.1411765 0.1411765 0.1411765 1 0.1411765 0.1411765 0.1411765 1 0.1411765 0.1411765 0.1411765 1 0.1411765 0.1411765 0.1411765 1 0.1411765 0.1411765 0.1411765 1 0.1411765 0.1411765 0.1411765 1 0.1411765 0.1411765 0.1411765 1 0.1411765 0.1411765 0.1411765 1 0.1411765 0.1411765 0.1411765 1 0.1411765 0.1411765 0.1411765 1 0.1411765 0.1411765 0.1411765 1 0.1411765 0.1411765 0.1411765 1 0.1411765 0.1411765 0.1411765 1 0.1411765 0.1411765 0.1411765 1 0.1411765 0.1411765 0.1411765 1 0.1411765 0.1411765 0.1411765 1 0.1411765 0.1411765 0.1411765 1 0.1411765 0.1411765 0.1411765 1 0.1411765 0.1411765 0.1411765 1 0.1411765 0.1411765 0.1411765 1 0.1411765 0.1411765 0.1411765 1 0.1411765 0.1411765 0.1411765 1 0.1411765 0.1411765 0.1411765 1 0.1411765 0.1411765 0.1411765 1 0.1411765 0.1411765 0.1411765 1 0.1411765 0.1411765 0.1411765 1 0.1411765 0.1411765 0.1411765 1 0.1411765 0.1411765 0.1411765 1 0.1411765 0.1411765 0.1411765 1 0.1411765 0.1411765 0.1411765 1 0.1411765 0.1411765 0.1411765 1 0.1411765 0.1411765 0.1411765 1 0.1411765 0.1411765 0.1411765 1 0.1411765 0.1411765 0.1411765 1 0.1411765 0.1411765 0.1411765 1 0.1411765 0.1411765 0.1411765 1 0.1411765 0.1411765 0.1411765 1 0.1411765 0.1411765 0.1411765 1 0.1411765 0.1411765 0.1411765 1 0.1411765 0.1411765 0.1411765 1 0.1411765 0.1411765 0.1411765 1 0.1411765 0.1411765 0.1411765 1 0.1411765 0.1411765 0.1411765 1 0.1411765 0.1411765 0.1411765 1 0.1411765 0.1411765 0.1411765 1 0.1411765 0.1411765 0.1411765 1 0.1411765 0.1411765 0.1411765 1 0.1411765 0.1411765 0.1411765 1 0.1411765 0.1411765 0.1411765 1 0.1411765 0.1411765 0.1411765 1 0.1411765 0.1411765 0.1411765 1 0.1411765 0.1411765 0.1411765 1 0.1411765 0.1411765 0.1411765 1 0.1411765 0.1411765 0.1411765 1 0.1411765 0.1411765 0.1411765 1 0.1411765 0.1411765 0.1411765 1 0.1411765 0.1411765 0.1411765 1 0.1411765 0.1411765 0.1411765 1 0.1411765 0.1411765 0.1411765 1 0.1411765 0.1411765 0.1411765 1 0.1411765 0.1411765 0.1411765 1 0.1411765 0.1411765 0.1411765 1 0.1411765 0.1411765 0.1411765 1 0.1411765 0.1411765 0.1411765 1 0.1411765 0.1411765 0.1411765 1 0.1411765 0.1411765 0.1411765 1 0.1411765 0.1411765 0.1411765 1 0.1411765 0.1411765 0.1411765 1 0.1411765 0.1411765 0.1411765 1 0.1411765 0.1411765 0.1411765 1 0.1411765 0.1411765 0.1411765 1 0.1411765 0.1411765 0.1411765 1 0.1411765 0.1411765 0.1411765 1 0.1411765 0.1411765 0.1411765 1 0.1411765 0.1411765 0.1411765 1 0.1411765 0.1411765 0.1411765 1 0.1411765 0.1411765 0.1411765 1 0.1411765 0.1411765 0.1411765 1 0.1411765 0.1411765 0.1411765 1 0.1411765 0.1411765 0.1411765 1 0.1411765 0.1411765 0.1411765 1 0.1411765 0.1411765 0.1411765 1 0.1411765 0.1411765 0.1411765 1 0.1411765 0.1411765 0.1411765 1 0.1411765 0.1411765 0.1411765 1 0.1411765 0.1411765 0.1411765 1 0.1411765 0.1411765 0.1411765 1 0.1411765 0.1411765 0.1411765 1 0.1411765 0.1411765 0.1411765 1 0.1411765 0.1411765 0.1411765 1 0.1411765 0.1411765 0.1411765 1 0.1411765 0.1411765 0.1411765 1 0.1411765 0.1411765 0.1411765 1 0.1411765 0.1411765 0.1411765 1 0.1411765 0.1411765 0.1411765 1 0.1411765 0.1411765 0.1411765 1 0.1411765 0.1411765 0.1411765 1 0.1411765 0.1411765 0.1411765 1 0.1411765 0.1411765 0.1411765 1 0.1411765 0.1411765 0.1411765 1 0.1411765 0.1411765 0.1411765 1 0.1411765 0.1411765 0.1411765 1 0.1411765 0.1411765 0.1411765 1 0.1411765 0.1411765 0.1411765 1 0.1411765 0.1411765 0.1411765 1 0.1411765 0.1411765 0.1411765 1 0.1411765 0.1411765 0.1411765 1 0.1411765 0.1411765 0.1411765 1 0.1411765 0.1411765 0.1411765 1 0.1411765 0.1411765 0.1411765 1 0.1411765 0.1411765 0.1411765 1 0.1411765 0.1411765 0.1411765 1 0.1411765 0.1411765 0.1411765 1 0.1411765 0.1411765 0.1411765 1 0.1411765 0.1411765 0.1411765 1 0.1411765 0.1411765 0.1411765 1 0.1411765 0.1411765 0.1411765 1 0.1411765 0.1411765 0.1411765 1 0.1411765 0.1411765 0.1411765 1 0.1411765 0.1411765 0.1411765 1 0.1411765 0.1411765 0.1411765 1 0.1411765 0.1411765 0.1411765 1 0.1411765 0.1411765 0.1411765 1 0.1411765 0.1411765 0.1411765 1 0.1411765 0.1411765 0.1411765 1 0.1411765 0.1411765 0.1411765 1 0.1411765 0.1411765 0.1411765 1 0.1411765 0.1411765 0.1411765 1 0.1411765 0.1411765 0.1411765 1 0.1411765 0.1411765 0.1411765 1 0.1411765 0.1411765 0.1411765 1 0.1411765 0.1411765 0.1411765 1 0.1411765 0.1411765 0.1411765 1 0.1411765 0.1411765 0.1411765 1 0.1411765 0.1411765 0.1411765 1 0.1411765 0.1411765 0.1411765 1 0.1411765 0.1411765 0.1411765 1 0.1411765 0.1411765 0.1411765 1 0.1411765 0.1411765 0.1411765 1 0.1411765 0.1411765 0.1411765 1 0.1411765 0.1411765 0.1411765 1 0.1411765 0.1411765 0.1411765 1 0.1411765 0.1411765 0.1411765 1 0.1411765 0.1411765 0.1411765 1 0.1411765 0.1411765 0.1411765 1 0.1411765 0.1411765 0.1411765 1 0.1411765 0.1411765 0.1411765 1 0.1411765 0.1411765 0.1411765 1 0.1411765 0.1411765 0.1411765 1 0.1411765 0.1411765 0.1411765 1 0.1411765 0.1411765 0.1411765 1 0.1411765 0.1411765 0.1411765 1 0.1411765 0.1411765 0.1411765 1 0.1411765 0.1411765 0.1411765 1 0.1411765 0.1411765 0.1411765 1 0.1411765 0.1411765 0.1411765 1 0.1411765 0.1411765 0.1411765 1 0.1411765 0.1411765 0.1411765 1 0.1411765 0.1411765 0.1411765 1 0.1411765 0.1411765 0.1411765 1 0.1411765 0.1411765 0.1411765 1 0.1411765 0.1411765 0.1411765 1 0.1411765 0.1411765 0.1411765 1 0.1411765 0.1411765 0.1411765 1 0.1411765 0.1411765 0.1411765 1 0.1411765 0.1411765 0.1411765 1 0.1411765 0.1411765 0.1411765 1 0.1411765 0.1411765 0.1411765 1 0.1411765 0.1411765 0.1411765 1 0.1411765 0.1411765 0.1411765 1 0.1411765 0.1411765 0.1411765 1 0.1411765 0.1411765 0.1411765 1 0.1411765 0.1411765 0.1411765 1 0.1411765 0.1411765 0.1411765 1 0.1411765 0.1411765 0.1411765 1 0.1411765 0.1411765 0.1411765 1 0.1411765 0.1411765 0.1411765 1 0.1411765 0.1411765 0.1411765 1 0.1411765 0.1411765 0.1411765 1 0.1411765 0.1411765 0.1411765 1 0.1411765 0.1411765 0.1411765 1 0.1411765 0.1411765 0.1411765 1 0.1411765 0.1411765 0.1411765 1 0.1411765 0.1411765 0.1411765 1 0.1411765 0.1411765 0.1411765 1 0.1411765 0.1411765 0.1411765 1 0.1411765 0.1411765 0.1411765 1 0.1411765 0.1411765 0.1411765 1 0.1411765 0.1411765 0.1411765 1 0.1411765 0.1411765 0.1411765 1 0.1411765 0.1411765 0.1411765 1 0.1411765 0.1411765 0.1411765 1 0.1411765 0.1411765 0.1411765 1 0.1411765 0.1411765 0.1411765 1 0.1411765 0.1411765 0.1411765 1 0.1411765 0.1411765 0.1411765 1 0.1411765 0.1411765 0.1411765 1 0.1411765 0.1411765 0.1411765 1 0.1411765 0.1411765 0.1411765 1 0.1411765 0.1411765 0.1411765 1 0.1411765 0.1411765 0.1411765 1 0.1411765 0.1411765 0.1411765 1 0.1411765 0.1411765 0.1411765 1 0.4705882 0.2313725 0.1019608 1 0.4705882 0.2313725 0.1019608 1 0.4705882 0.2313725 0.1019608 1 0.4705882 0.2313725 0.1019608 1 0.4705882 0.2313725 0.1019608 1 0.4705882 0.2313725 0.1019608 1 0.4705882 0.2313725 0.1019608 1 0.4705882 0.2313725 0.1019608 1 0.4705882 0.2313725 0.1019608 1 0.4705882 0.2313725 0.1019608 1 0.4705882 0.2313725 0.1019608 1 0.4705882 0.2313725 0.1019608 1 0.4705882 0.2313725 0.1019608 1 0.4705882 0.2313725 0.1019608 1 0.4705882 0.2313725 0.1019608 1 0.4705882 0.2313725 0.1019608 1 0.4705882 0.2313725 0.1019608 1 0.4705882 0.2313725 0.1019608 1 0.4705882 0.2313725 0.1019608 1 0.4705882 0.2313725 0.1019608 1 0.4705882 0.2313725 0.1019608 1 0.4705882 0.2313725 0.1019608 1 0.4705882 0.2313725 0.1019608 1 0.4705882 0.2313725 0.1019608 1 0.4705882 0.2313725 0.1019608 1 0.4705882 0.2313725 0.1019608 1 0.4705882 0.2313725 0.1019608 1 0.4705882 0.2313725 0.1019608 1 0.4705882 0.2313725 0.1019608 1 0.4705882 0.2313725 0.1019608 1 0.4705882 0.2313725 0.1019608 1 0.4705882 0.2313725 0.1019608 1 0.4705882 0.2313725 0.1019608 1 0.4705882 0.2313725 0.1019608 1 0.4705882 0.2313725 0.1019608 1 0.4705882 0.2313725 0.1019608 1 0.4705882 0.2313725 0.1019608 1 0.4705882 0.2313725 0.1019608 1 0.4705882 0.2313725 0.1019608 1 0.4705882 0.2313725 0.1019608 1 0.4705882 0.2313725 0.1019608 1 0.4705882 0.2313725 0.1019608 1 0.4705882 0.2313725 0.1019608 1 0.4705882 0.2313725 0.1019608 1 0.4705882 0.2313725 0.1019608 1 0.4705882 0.2313725 0.1019608 1 0.4705882 0.2313725 0.1019608 1 0.4705882 0.2313725 0.1019608 1 0.4705882 0.2313725 0.1019608 1 0.4705882 0.2313725 0.1019608 1 0.4705882 0.2313725 0.1019608 1 0.4705882 0.2313725 0.1019608 1 0.4705882 0.2313725 0.1019608 1 0.4705882 0.2313725 0.1019608 1 0.4705882 0.2313725 0.1019608 1 0.4705882 0.2313725 0.1019608 1 0.4705882 0.2313725 0.1019608 1 0.4705882 0.2313725 0.1019608 1 0.4705882 0.2313725 0.1019608 1 0.4705882 0.2313725 0.1019608 1 0.4705882 0.2313725 0.1019608 1 0.4705882 0.2313725 0.1019608 1 0.4705882 0.2313725 0.1019608 1 0.4705882 0.2313725 0.1019608 1 0.4705882 0.2313725 0.1019608 1 0.4705882 0.2313725 0.1019608 1 0.4705882 0.2313725 0.1019608 1 0.4705882 0.2313725 0.1019608 1 0.4705882 0.2313725 0.1019608 1 0.4705882 0.2313725 0.1019608 1 0.4705882 0.2313725 0.1019608 1 0.4705882 0.2313725 0.1019608 1 0.4705882 0.2313725 0.1019608 1 0.4705882 0.2313725 0.1019608 1 0.4705882 0.2313725 0.1019608 1 0.4705882 0.2313725 0.1019608 1 0.4705882 0.2313725 0.1019608 1 0.4705882 0.2313725 0.1019608 1 0.4705882 0.2313725 0.1019608 1 0.4705882 0.2313725 0.1019608 1 0.4705882 0.2313725 0.1019608 1 0.4705882 0.2313725 0.1019608 1 0.4705882 0.2313725 0.1019608 1 0.4705882 0.2313725 0.1019608 1 0.4705882 0.2313725 0.1019608 1 0.4705882 0.2313725 0.1019608 1 0.4705882 0.2313725 0.1019608 1 0.4705882 0.2313725 0.1019608 1 0.4705882 0.2313725 0.1019608 1 0.4705882 0.2313725 0.1019608 1 0.4705882 0.2313725 0.1019608 1 0.4705882 0.2313725 0.1019608 1 0.4705882 0.2313725 0.1019608 1 0.4705882 0.2313725 0.1019608 1 0.4705882 0.2313725 0.1019608 1 0.4705882 0.2313725 0.1019608 1 0.4705882 0.2313725 0.1019608 1 0.4705882 0.2313725 0.1019608 1 0.4705882 0.2313725 0.1019608 1 0.4705882 0.2313725 0.1019608 1 0.4705882 0.2313725 0.1019608 1 0.4705882 0.2313725 0.1019608 1 0.4705882 0.2313725 0.1019608 1 0.4705882 0.2313725 0.1019608 1 0.4705882 0.2313725 0.1019608 1 0.4705882 0.2313725 0.1019608 1 0.4705882 0.2313725 0.1019608 1 0.4705882 0.2313725 0.1019608 1 0.4705882 0.2313725 0.1019608 1 0.4705882 0.2313725 0.1019608 1 0.4705882 0.2313725 0.1019608 1 0.4705882 0.2313725 0.1019608 1 0.4705882 0.2313725 0.1019608 1 0.4705882 0.2313725 0.1019608 1 0.4705882 0.2313725 0.1019608 1 0.4705882 0.2313725 0.1019608 1 0.4705882 0.2313725 0.1019608 1 0.4705882 0.2313725 0.1019608 1 0.4705882 0.2313725 0.1019608 1 0.4705882 0.2313725 0.1019608 1 0.4705882 0.2313725 0.1019608 1 0.4705882 0.2313725 0.1019608 1 0.4705882 0.2313725 0.1019608 1 0.4705882 0.2313725 0.1019608 1 0.4705882 0.2313725 0.1019608 1 0.4705882 0.2313725 0.1019608 1 0.4705882 0.2313725 0.1019608 1 0.4705882 0.2313725 0.1019608 1 0.4705882 0.2313725 0.1019608 1 0.4705882 0.2313725 0.1019608 1 0.4705882 0.2313725 0.1019608 1 0.4705882 0.2313725 0.1019608 1 0.4705882 0.2313725 0.1019608 1 0.4705882 0.2313725 0.1019608 1 0.4705882 0.2313725 0.1019608 1 0.4705882 0.2313725 0.1019608 1 0.4705882 0.2313725 0.1019608 1 0.4705882 0.2313725 0.1019608 1 0.4705882 0.2313725 0.1019608 1 0.4705882 0.2313725 0.1019608 1 0.4705882 0.2313725 0.1019608 1 0.4705882 0.2313725 0.1019608 1 0.4705882 0.2313725 0.1019608 1 0.4705882 0.2313725 0.1019608 1 0.4705882 0.2313725 0.1019608 1 0.4705882 0.2313725 0.1019608 1 0.4705882 0.2313725 0.1019608 1 0.4705882 0.2313725 0.1019608 1 0.4705882 0.2313725 0.1019608 1 0.4705882 0.2313725 0.1019608 1 0.4705882 0.2313725 0.1019608 1 0.4705882 0.2313725 0.1019608 1 0.4705882 0.2313725 0.1019608 1 0.4705882 0.2313725 0.1019608 1 0.4705882 0.2313725 0.1019608 1 0.4705882 0.2313725 0.1019608 1</float_array>
          <technique_common>
            <accessor source="#FlatSkin_EngineerMonkey_DoubleGun-mesh-colors-Col-array" count="3378" stride="4">
              <param name="R" type="float"/>
              <param name="G" type="float"/>
              <param name="B" type="float"/>
              <param name="A" type="float"/>
            </accessor>
          </technique_common>
        </source>
        <vertices id="FlatSkin_EngineerMonkey_DoubleGun-mesh-vertices">
          <input semantic="POSITION" source="#FlatSkin_EngineerMonkey_DoubleGun-mesh-positions"/>
        </vertices>
        <triangles material="_8994D4EB4F0760DF56863A95591D8EC-material" count="1126">
          <input semantic="VERTEX" source="#FlatSkin_EngineerMonkey_DoubleGun-mesh-vertices" offset="0"/>
          <input semantic="NORMAL" source="#FlatSkin_EngineerMonkey_DoubleGun-mesh-normals" offset="1"/>
          <input semantic="TEXCOORD" source="#FlatSkin_EngineerMonkey_DoubleGun-mesh-map-0" offset="2" set="0"/>
          <input semantic="COLOR" source="#FlatSkin_EngineerMonkey_DoubleGun-mesh-colors-Col" offset="3" set="0"/>
          <p>2 0 0 0 1 1 1 1 0 2 2 2 0 2 3 3 1 1 4 4 3 3 5 5 3 3 6 6 1 1 7 7 4 4 8 8 1 1 9 9 5 5 10 10 4 4 11 11 3 3 12 12 6 6 13 13 0 2 14 14 5 5 15 15 7 7 16 16 4 4 17 17 8 8 18 18 6 6 19 19 3 3 20 20 8 8 21 21 3 3 22 22 4 4 23 23 8 8 24 24 9 9 25 25 6 6 26 26 10 10 27 27 8 8 28 28 4 4 29 29 11 11 30 30 10 10 31 31 4 4 32 32 7 7 33 33 12 12 34 34 4 4 35 35 12 12 36 36 11 11 37 37 4 4 38 38 13 13 39 39 12 12 40 40 7 7 41 41 12 12 42 42 14 14 43 43 11 11 44 44 13 13 45 45 15 15 46 46 12 12 47 47 15 15 48 48 14 14 49 49 12 12 50 50 18 16 51 51 17 17 52 52 16 18 53 53 19 19 54 54 18 16 55 55 16 18 56 56 16 18 57 57 20 20 58 58 19 19 59 59 20 20 60 60 21 21 61 61 19 19 62 62 22 22 63 63 21 21 64 64 20 20 65 65 23 23 66 66 22 22 67 67 20 20 68 68 22 22 69 69 24 24 70 70 21 21 71 71 19 19 72 72 21 21 73 73 25 25 74 74 24 24 75 75 25 25 76 76 21 21 77 77 19 19 78 78 26 26 79 79 18 16 80 80 26 26 81 81 19 19 82 82 25 25 83 83 27 27 84 84 25 25 85 85 24 24 86 86 28 28 87 87 27 27 88 88 24 24 89 89 28 28 90 90 24 24 91 91 29 29 92 92 30 30 93 93 28 28 94 94 29 29 95 95 27 27 96 96 31 31 97 97 25 25 98 98 31 31 99 99 26 26 100 100 25 25 101 101 31 31 102 102 32 32 103 103 26 26 104 104 32 32 105 105 18 16 106 106 26 26 107 107 32 32 108 108 33 33 109 109 18 16 110 110 33 33 111 111 34 34 112 112 18 16 113 113 34 34 114 114 33 33 115 115 35 35 116 116 34 34 117 117 35 35 118 118 36 36 119 119 35 35 120 120 37 37 121 121 36 36 122 122 40 38 123 123 39 39 124 124 38 40 125 125 39 39 126 126 41 41 127 127 38 40 128 128 42 42 129 129 41 41 130 130 39 39 131 131 41 41 132 132 42 42 133 133 43 43 134 134 44 44 135 135 38 40 136 136 41 41 137 137 45 45 138 138 41 41 139 139 43 43 140 140 45 45 141 141 44 44 142 142 41 41 143 143 43 43 144 144 46 46 145 145 45 45 146 146 46 46 147 147 47 47 148 148 45 45 149 149 45 45 150 150 47 47 151 151 44 44 152 152 47 47 153 153 48 48 154 154 44 44 155 155 51 49 156 156 50 50 157 157 49 51 158 158 52 52 159 159 51 49 160 160 49 51 161 161 55 53 162 162 54 54 163 163 53 55 164 164 56 56 165 165 55 53 166 166 53 55 167 167 56 56 168 168 57 57 169 169 55 53 170 170 56 56 171 171 58 58 172 172 57 57 173 173 58 58 174 174 59 59 175 175 57 57 176 176 58 58 177 177 56 56 178 178 60 60 179 179 61 61 180 180 56 56 181 181 53 55 182 182 56 56 183 183 61 61 184 184 60 60 185 185 62 62 186 186 61 61 187 187 53 55 188 188 63 63 189 189 60 60 190 190 61 61 191 191 61 61 192 192 62 62 193 193 64 64 194 194 62 62 195 195 65 65 196 196 64 64 197 197 66 66 198 198 63 63 199 199 61 61 200 200 64 64 201 201 66 66 202 202 61 61 203 203 63 63 204 204 66 66 205 205 67 67 206 206 66 66 207 207 68 68 208 208 67 67 209 209 66 66 210 210 64 64 211 211 68 68 212 212 64 64 213 213 69 69 214 214 68 68 215 215 69 69 216 216 64 64 217 217 65 65 218 218 70 70 219 219 69 69 220 220 65 65 221 221 73 71 222 222 72 72 223 223 71 73 224 224 73 71 225 225 71 73 226 226 74 74 227 227 71 73 228 228 75 75 229 229 74 74 230 230 78 76 231 231 77 77 232 232 76 78 233 233 78 76 234 234 76 78 235 235 79 79 236 236 80 80 237 237 78 76 238 238 79 79 239 239 83 81 240 240 82 82 241 241 81 83 242 242 82 82 243 243 84 84 244 244 81 83 245 245 85 85 246 246 84 84 247 247 82 82 248 248 86 86 249 249 84 84 250 250 85 85 251 251 87 87 252 252 86 86 253 253 85 85 254 254 84 84 255 255 86 86 256 256 88 88 257 257 84 84 258 258 89 89 259 259 81 83 260 260 89 89 261 261 84 84 262 262 88 88 263 263 89 89 264 264 90 90 265 265 81 83 266 266 88 88 267 267 91 91 268 268 89 89 269 269 90 90 270 270 89 89 271 271 92 92 272 272 93 93 273 273 90 90 274 274 92 92 275 275 91 91 276 276 94 94 277 277 89 89 278 278 94 94 279 279 92 92 280 280 89 89 281 281 94 94 282 282 91 91 283 283 95 95 284 284 96 96 285 285 94 94 286 286 95 95 287 287 92 92 288 288 94 94 289 289 96 96 290 290 97 97 291 291 92 92 292 292 96 96 293 293 92 92 294 294 97 97 295 295 93 93 296 296 97 97 297 297 98 98 298 298 93 93 299 299 101 99 300 300 100 100 301 301 99 101 302 302 100 100 303 303 101 99 304 304 102 102 305 305 103 103 306 306 101 99 307 307 99 101 308 308 103 103 309 309 99 101 310 310 104 104 311 311 105 105 312 312 104 104 313 313 102 102 314 314 105 105 315 315 103 103 316 316 104 104 317 317 101 99 318 318 106 106 319 319 102 102 320 320 106 106 321 321 105 105 322 322 102 102 323 323 107 107 324 324 106 106 325 325 101 99 326 326 108 108 327 327 107 107 328 328 101 99 329 329 108 108 330 330 101 99 331 331 103 103 332 332 107 107 333 333 109 109 334 334 106 106 335 335 109 109 336 336 105 105 337 337 106 106 338 338 110 110 339 339 108 108 340 340 103 103 341 341 109 109 342 342 111 111 343 343 105 105 344 344 110 110 345 345 103 103 346 346 112 112 347 347 105 105 348 348 112 112 349 349 103 103 350 350 111 111 351 351 110 110 352 352 112 112 353 353 111 111 354 354 112 112 355 355 105 105 356 356 115 113 357 357 114 114 358 358 113 115 359 359 114 114 360 360 116 116 361 361 113 115 362 362 113 115 363 363 116 116 364 364 117 117 365 365 114 114 366 366 115 113 367 367 118 118 368 368 117 117 369 369 119 119 370 370 118 118 371 371 116 116 372 372 119 119 373 373 117 117 374 374 120 120 375 375 114 114 376 376 118 118 377 377 119 119 378 378 120 120 379 379 118 118 380 380 120 120 381 381 121 121 382 382 114 114 383 383 121 121 384 384 122 122 385 385 114 114 386 386 114 114 387 387 122 122 388 388 116 116 389 389 123 123 390 390 121 121 391 391 120 120 392 392 119 119 393 393 123 123 394 394 120 120 395 395 122 122 396 396 124 124 397 397 116 116 398 398 125 125 399 399 123 123 400 400 119 119 401 401 116 116 402 402 124 124 403 403 125 125 404 404 126 126 405 405 125 125 406 406 119 119 407 407 126 126 408 408 116 116 409 409 125 125 410 410 116 116 411 411 126 126 412 412 119 119 413 413 129 127 414 414 128 128 415 415 127 129 416 416 129 127 417 417 127 129 418 418 130 130 419 419 128 128 420 420 131 131 421 421 127 129 422 422 131 131 423 423 128 128 424 424 132 132 425 425 133 133 426 426 131 131 427 427 132 132 428 428 131 131 429 429 133 133 430 430 134 134 431 431 131 131 432 432 134 134 433 433 127 129 434 434 134 134 435 435 133 133 436 436 135 135 437 437 136 136 438 438 134 134 439 439 135 135 440 440 134 134 441 441 136 136 442 442 137 137 443 443 138 138 444 444 134 134 445 445 137 137 446 446 134 134 447 447 138 138 448 448 127 129 449 449 137 137 450 450 139 139 451 451 138 138 452 452 127 129 453 453 140 140 454 454 130 130 455 455 127 129 456 456 138 138 457 457 140 140 458 458 139 139 459 459 140 140 460 460 138 138 461 461 130 130 462 462 140 140 463 463 141 141 464 464 140 140 465 465 139 139 466 466 142 142 467 467 140 140 468 468 143 143 469 469 141 141 470 470 143 143 471 471 140 140 472 472 142 142 473 473 146 144 474 474 145 145 475 475 144 146 476 476 144 146 477 477 145 145 478 478 147 147 479 479 148 148 480 480 146 144 481 481 144 146 482 482 146 144 483 483 148 148 484 484 149 149 485 485 148 148 486 486 150 150 487 487 149 149 488 488 150 150 489 489 148 148 490 490 151 151 491 491 151 151 492 492 148 148 493 493 144 146 494 494 150 150 495 495 151 151 496 496 152 152 497 497 151 151 498 498 153 153 499 499 152 152 500 500 153 153 501 501 151 151 502 502 154 154 503 503 151 151 504 504 155 155 505 505 154 154 506 506 155 155 507 507 151 151 508 508 144 146 509 509 156 156 510 510 154 154 511 511 155 155 512 512 157 157 513 513 144 146 514 514 147 147 515 515 155 155 516 516 144 146 517 517 157 157 518 518 157 157 519 519 156 156 520 520 155 155 521 521 157 157 522 522 147 147 523 523 158 158 524 524 156 156 525 525 157 157 526 526 159 159 527 527 160 160 528 528 157 157 529 529 158 158 530 530 157 157 531 531 160 160 532 532 159 159 533 533 163 161 534 534 162 162 535 535 161 163 536 536 166 164 537 537 165 165 538 538 164 166 539 539 168 167 540 540 164 168 541 541 167 169 542 542 168 167 543 543 167 169 544 544 169 170 545 545 167 169 546 546 170 171 547 547 169 170 548 548 169 172 549 549 172 173 550 550 171 174 551 551 172 173 552 552 173 175 553 553 171 174 554 554 171 174 555 555 173 175 556 556 174 176 557 557 173 175 558 558 175 177 559 559 174 176 560 560 174 178 561 561 177 179 562 562 176 180 563 563 177 179 564 564 178 181 565 565 176 180 566 566 176 180 567 567 178 181 568 568 179 182 569 569 182 183 570 570 181 184 571 571 180 185 572 572 185 186 573 573 184 187 574 574 183 188 575 575 183 189 576 576 187 190 577 577 186 191 578 578 186 191 579 579 187 190 580 580 188 192 581 581 189 193 582 582 186 191 583 583 188 192 584 584 191 194 585 585 188 195 586 586 190 196 587 587 192 197 588 588 191 194 589 589 190 196 590 590 192 197 591 591 190 196 592 592 193 198 593 593 194 199 594 594 192 197 595 595 193 198 596 596 196 200 597 597 193 201 598 598 195 202 599 599 197 203 600 600 196 200 601 601 195 202 602 602 197 203 603 603 195 202 604 604 198 204 605 605 201 205 606 606 200 206 607 607 199 207 608 608 199 207 609 609 200 206 610 610 202 208 611 611 200 206 612 612 203 209 613 613 202 208 614 614 202 208 615 615 203 209 616 616 204 210 617 617 205 211 618 618 202 208 619 619 204 210 620 620 207 212 621 621 205 213 622 622 206 214 623 623 208 215 624 624 207 212 625 625 206 214 626 626 208 215 627 627 206 214 628 628 209 216 629 629 207 212 630 630 208 215 631 631 210 217 632 632 211 218 633 633 208 215 634 634 209 216 635 635 208 215 636 636 211 218 637 637 210 217 638 638 214 219 639 639 213 220 640 640 212 221 641 641 215 222 642 642 214 219 643 643 212 221 644 644 218 223 645 645 217 224 646 646 216 225 647 647 219 226 648 648 217 224 649 649 218 223 650 650 220 227 651 651 219 226 652 652 218 223 653 653 221 228 654 654 220 227 655 655 218 223 656 656 224 229 657 657 223 230 658 658 222 231 659 659 225 232 660 660 224 229 661 661 222 231 662 662 228 233 663 663 227 234 664 664 226 235 665 665 229 236 666 666 228 233 667 667 226 235 668 668 232 237 669 669 231 238 670 670 230 239 671 671 233 240 672 672 232 237 673 673 230 239 674 674 233 240 675 675 230 239 676 676 234 241 677 677 230 239 678 678 235 242 679 679 234 241 680 680 238 243 681 681 237 244 682 682 236 245 683 683 239 246 684 684 238 243 685 685 236 245 686 686 242 247 687 687 241 248 688 688 240 249 689 689 241 248 690 690 243 250 691 691 240 249 692 692 244 251 693 693 240 249 694 694 243 250 695 695 247 252 696 696 246 253 697 697 245 254 698 698 246 253 699 699 247 252 700 700 248 255 701 701 247 252 702 702 249 256 703 703 248 255 704 704 249 256 705 705 247 252 706 706 250 257 707 707 253 258 708 708 252 259 709 709 251 260 710 710 254 261 711 711 253 258 712 712 251 260 713 713 254 261 714 714 251 260 715 715 255 262 716 716 253 258 717 717 254 261 718 718 256 263 719 719 256 263 720 720 254 261 721 721 255 262 722 722 257 264 723 723 253 258 724 724 256 263 725 725 256 263 726 726 255 262 727 727 258 265 728 728 257 264 729 729 256 263 730 730 258 265 731 731 261 266 732 732 260 267 733 733 259 268 734 734 262 269 735 735 261 266 736 736 259 268 737 737 265 270 738 738 264 271 739 739 263 272 740 740 263 272 741 741 266 273 742 742 265 270 743 743 265 274 744 744 268 275 745 745 267 276 746 746 268 275 747 747 269 277 748 748 267 276 749 749 272 278 750 750 271 279 751 751 270 280 752 752 272 278 753 753 270 280 754 754 273 281 755 755 274 282 756 756 272 278 757 757 273 281 758 758 274 282 759 759 273 281 760 760 275 283 761 761 278 284 762 762 277 285 763 763 276 286 764 764 278 284 765 765 276 286 766 766 279 287 767 767 280 288 768 768 278 284 769 769 279 287 770 770 280 288 771 771 279 287 772 772 281 289 773 773 284 290 774 774 283 291 775 775 282 292 776 776 285 293 777 777 284 290 778 778 282 292 779 779 288 294 780 780 287 295 781 781 286 296 782 782 288 294 783 783 286 296 784 784 289 297 785 785 289 297 786 786 286 296 787 787 290 298 788 788 286 296 789 789 291 299 790 790 290 298 791 791 290 298 792 792 291 299 793 793 292 300 794 794 292 300 795 795 291 299 796 796 293 301 797 797 296 302 798 798 295 303 799 799 294 304 800 800 296 302 801 801 294 304 802 802 297 305 803 803 298 306 804 804 296 302 805 805 297 305 806 806 298 306 807 807 297 305 808 808 299 307 809 809 297 305 810 810 300 308 811 811 299 307 812 812 300 309 813 813 302 310 814 814 301 311 815 815 302 310 816 816 303 312 817 817 301 311 818 818 301 311 819 819 303 312 820 820 304 313 821 821 303 312 822 822 302 310 823 823 305 314 824 824 303 312 825 825 306 315 826 826 304 313 827 827 306 315 828 828 303 312 829 829 305 314 830 830 309 316 831 831 308 317 832 832 307 318 833 833 310 319 834 834 309 316 835 835 307 318 836 836 313 320 837 837 312 321 838 838 311 322 839 839 313 320 840 840 314 323 841 841 312 321 842 842 314 323 843 843 315 324 844 844 312 321 845 845 315 324 846 846 316 325 847 847 312 321 848 848 319 326 849 849 318 327 850 850 317 328 851 851 320 329 852 852 319 326 853 853 317 328 854 854 323 330 855 855 322 331 856 856 321 332 857 857 324 333 858 858 323 330 859 859 321 332 860 860 327 334 861 861 326 335 862 862 325 336 863 863 326 335 864 864 328 337 865 865 325 336 866 866 325 336 867 867 328 337 868 868 329 338 869 869 330 339 870 870 325 336 871 871 329 338 872 872 333 340 873 873 332 341 874 874 331 342 875 875 334 343 876 876 333 340 877 877 331 342 878 878 337 344 879 879 336 345 880 880 335 346 881 881 338 347 882 882 337 344 883 883 335 346 884 884 335 346 885 885 339 348 886 886 338 347 887 887 342 349 888 888 341 350 889 889 340 351 890 890 341 350 891 891 342 349 892 892 343 352 893 893 344 353 894 894 341 350 895 895 343 352 896 896 341 350 897 897 344 353 898 898 345 354 899 899 348 355 900 900 347 356 901 901 346 357 902 902 347 356 903 903 349 358 904 904 346 357 905 905 346 357 906 906 349 358 907 907 350 359 908 908 349 358 909 909 347 356 910 910 351 360 911 911 349 358 912 912 351 360 913 913 350 359 914 914 347 356 915 915 352 361 916 916 351 360 917 917 350 359 918 918 351 360 919 919 353 362 920 920 351 360 921 921 352 361 922 922 353 362 923 923 356 363 924 924 355 364 925 925 354 365 926 926 357 366 927 927 356 363 928 928 354 365 929 929 360 367 930 930 359 368 931 931 358 369 932 932 358 369 933 933 361 370 934 934 360 367 935 935 363 371 936 936 358 372 937 937 362 373 938 938 364 374 939 939 363 371 940 940 362 373 941 941 367 375 942 942 366 376 943 943 365 377 944 944 365 377 945 945 366 376 946 946 368 378 947 947 366 376 948 948 369 379 949 949 368 378 950 950 368 378 951 951 369 379 952 952 370 380 953 953 373 381 954 954 372 382 955 955 371 383 956 956 371 383 957 957 372 382 958 958 374 384 959 959 372 382 960 960 375 385 961 961 374 384 962 962 374 384 963 963 375 385 964 964 376 386 965 965 379 387 966 966 378 388 967 967 377 389 968 968 380 390 969 969 379 387 970 970 377 389 971 971 383 391 972 972 382 392 973 973 381 393 974 974 381 393 975 975 382 392 976 976 384 394 977 977 381 393 978 978 384 394 979 979 385 395 980 980 386 396 981 981 381 393 982 982 385 395 983 983 386 396 984 984 385 395 985 985 387 397 986 986 386 396 987 987 387 397 988 988 388 398 989 989 391 399 990 990 390 400 991 991 389 401 992 992 392 402 993 993 391 399 994 994 389 401 995 995 392 402 996 996 389 401 997 997 393 403 998 998 389 401 999 999 394 404 1000 1000 393 403 1001 1001 397 405 1002 1002 396 406 1003 1003 395 407 1004 1004 396 406 1005 1005 398 408 1006 1006 395 407 1007 1007 395 407 1008 1008 398 408 1009 1009 399 409 1010 1010 402 410 1011 1011 401 411 1012 1012 400 412 1013 1013 403 413 1014 1014 402 410 1015 1015 400 412 1016 1016 404 414 1017 1017 402 410 1018 1018 403 413 1019 1019 407 415 1020 1020 406 416 1021 1021 405 417 1022 1022 408 418 1023 1023 407 415 1024 1024 405 417 1025 1025 411 419 1026 1026 410 420 1027 1027 409 421 1028 1028 412 422 1029 1029 411 419 1030 1030 409 421 1031 1031 415 423 1032 1032 414 424 1033 1033 413 425 1034 1034 416 426 1035 1035 415 423 1036 1036 413 425 1037 1037 419 427 1038 1038 418 428 1039 1039 417 429 1040 1040 420 430 1041 1041 419 427 1042 1042 417 429 1043 1043 423 431 1044 1044 422 432 1045 1045 421 433 1046 1046 422 432 1047 1047 424 434 1048 1048 421 433 1049 1049 422 432 1050 1050 425 435 1051 1051 424 434 1052 1052 425 435 1053 1053 426 436 1054 1054 424 434 1055 1055 429 437 1056 1056 428 438 1057 1057 427 439 1058 1058 428 438 1059 1059 430 440 1060 1060 427 439 1061 1061 428 438 1062 1062 431 441 1063 1063 430 440 1064 1064 431 441 1065 1065 432 442 1066 1066 430 440 1067 1067 435 443 1068 1068 434 444 1069 1069 433 445 1070 1070 434 444 1071 1071 436 446 1072 1072 433 445 1073 1073 434 444 1074 1074 437 447 1075 1075 436 446 1076 1076 437 447 1077 1077 438 448 1078 1078 436 446 1079 1079 441 449 1080 1080 440 450 1081 1081 439 451 1082 1082 440 450 1083 1083 442 452 1084 1084 439 451 1085 1085 440 450 1086 1086 443 453 1087 1087 442 452 1088 1088 443 453 1089 1089 444 454 1090 1090 442 452 1091 1091 447 455 1092 1092 446 456 1093 1093 445 457 1094 1094 448 458 1095 1095 447 455 1096 1096 445 457 1097 1097 451 459 1098 1098 450 460 1099 1099 449 461 1100 1100 452 462 1101 1101 451 459 1102 1102 449 461 1103 1103 455 463 1104 1104 454 464 1105 1105 453 465 1106 1106 456 466 1107 1107 455 463 1108 1108 453 465 1109 1109 459 467 1110 1110 458 468 1111 1111 457 469 1112 1112 460 470 1113 1113 459 467 1114 1114 457 469 1115 1115 463 471 1116 1116 462 472 1117 1117 461 473 1118 1118 464 474 1119 1119 463 471 1120 1120 461 473 1121 1121 467 475 1122 1122 466 476 1123 1123 465 477 1124 1124 466 476 1125 1125 468 478 1126 1126 465 477 1127 1127 465 477 1128 1128 468 478 1129 1129 469 479 1130 1130 468 478 1131 1131 470 480 1132 1132 469 479 1133 1133 469 481 1134 1134 472 482 1135 1135 471 483 1136 1136 472 482 1137 1137 473 484 1138 1138 471 483 1139 1139 476 485 1140 1140 475 486 1141 1141 474 487 1142 1142 477 488 1143 1143 476 485 1144 1144 474 487 1145 1145 480 489 1146 1146 479 490 1147 1147 478 491 1148 1148 481 492 1149 1149 480 489 1150 1150 478 491 1151 1151 484 493 1152 1152 483 494 1153 1153 482 495 1154 1154 485 496 1155 1155 484 493 1156 1156 482 495 1157 1157 485 496 1158 1158 482 495 1159 1159 486 497 1160 1160 487 498 1161 1161 485 496 1162 1162 486 497 1163 1163 488 499 1164 1164 487 498 1165 1165 486 497 1166 1166 489 500 1167 1167 488 499 1168 1168 486 497 1169 1169 489 500 1170 1170 490 501 1171 1171 488 499 1172 1172 490 501 1173 1173 491 502 1174 1174 488 499 1175 1175 494 503 1176 1176 493 504 1177 1177 492 505 1178 1178 495 506 1179 1179 494 503 1180 1180 492 505 1181 1181 495 506 1182 1182 492 505 1183 1183 496 507 1184 1184 497 508 1185 1185 495 506 1186 1186 496 507 1187 1187 498 509 1188 1188 497 508 1189 1189 496 507 1190 1190 499 510 1191 1191 498 509 1192 1192 496 507 1193 1193 499 510 1194 1194 500 511 1195 1195 498 509 1196 1196 500 511 1197 1197 501 512 1198 1198 498 509 1199 1199 504 513 1200 1200 503 514 1201 1201 502 515 1202 1202 505 516 1203 1203 504 513 1204 1204 502 515 1205 1205 504 513 1206 1206 505 516 1207 1207 506 517 1208 1208 507 518 1209 1209 504 513 1210 1210 506 517 1211 1211 508 519 1212 1212 507 518 1213 1213 506 517 1214 1214 509 520 1215 1215 508 519 1216 1216 506 517 1217 1217 512 521 1218 1218 511 522 1219 1219 510 523 1220 1220 513 524 1221 1221 512 521 1222 1222 510 523 1223 1223 516 525 1224 1224 515 526 1225 1225 514 527 1226 1226 517 528 1227 1227 516 525 1228 1228 514 527 1229 1229 520 529 1230 1230 519 530 1231 1231 518 531 1232 1232 521 532 1233 1233 520 529 1234 1234 518 531 1235 1235 520 529 1236 1236 521 532 1237 1237 522 533 1238 1238 521 532 1239 1239 523 533 1240 1240 522 533 1241 1241 526 534 1242 1242 525 535 1243 1243 524 536 1244 1244 527 537 1245 1245 526 534 1246 1246 524 536 1247 1247 530 538 1248 1248 529 539 1249 1249 528 540 1250 1250 531 541 1251 1251 530 538 1252 1252 528 540 1253 1253 532 542 1254 1254 530 538 1255 1255 531 541 1256 1256 533 543 1257 1257 532 542 1258 1258 531 541 1259 1259 534 544 1260 1260 532 542 1261 1261 533 543 1262 1262 535 545 1263 1263 534 544 1264 1264 533 543 1265 1265 538 546 1266 1266 537 547 1267 1267 536 548 1268 1268 537 547 1269 1269 539 549 1270 1270 536 548 1271 1271 536 548 1272 1272 539 549 1273 1273 540 550 1274 1274 539 549 1275 1275 541 551 1276 1276 540 550 1277 1277 540 550 1278 1278 541 551 1279 1279 542 552 1280 1280 541 551 1281 1281 543 553 1282 1282 542 552 1283 1283 542 552 1284 1284 543 553 1285 1285 544 554 1286 1286 543 553 1287 1287 545 555 1288 1288 544 554 1289 1289 544 554 1290 1290 545 555 1291 1291 546 556 1292 1292 545 555 1293 1293 547 557 1294 1294 546 556 1295 1295 546 556 1296 1296 547 557 1297 1297 548 558 1298 1298 547 557 1299 1299 549 559 1300 1300 548 558 1301 1301 548 558 1302 1302 549 559 1303 1303 550 560 1304 1304 549 559 1305 1305 551 561 1306 1306 550 560 1307 1307 554 562 1308 1308 553 563 1309 1309 552 564 1310 1310 553 563 1311 1311 555 565 1312 1312 552 564 1313 1313 552 564 1314 1314 555 565 1315 1315 556 566 1316 1316 555 565 1317 1317 557 567 1318 1318 556 566 1319 1319 556 566 1320 1320 557 567 1321 1321 558 568 1322 1322 557 567 1323 1323 559 569 1324 1324 558 568 1325 1325 558 568 1326 1326 559 569 1327 1327 560 570 1328 1328 559 569 1329 1329 561 571 1330 1330 560 570 1331 1331 560 570 1332 1332 561 571 1333 1333 562 572 1334 1334 561 571 1335 1335 563 573 1336 1336 562 572 1337 1337 566 574 1338 1338 565 575 1339 1339 564 576 1340 1340 567 577 1341 1341 566 574 1342 1342 564 576 1343 1343 570 578 1344 1344 569 579 1345 1345 568 580 1346 1346 569 579 1347 1347 571 581 1348 1348 568 580 1349 1349 568 580 1350 1350 571 581 1351 1351 572 582 1352 1352 571 581 1353 1353 573 583 1354 1354 572 582 1355 1355 572 582 1356 1356 573 583 1357 1357 574 584 1358 1358 573 583 1359 1359 575 585 1360 1360 574 584 1361 1361 578 586 1362 1362 577 587 1363 1363 576 588 1364 1364 579 589 1365 1365 578 586 1366 1366 576 588 1367 1367 582 590 1368 1368 581 591 1369 1369 580 592 1370 1370 583 593 1371 1371 582 590 1372 1372 580 592 1373 1373 586 594 1374 1374 585 595 1375 1375 584 596 1376 1376 587 597 1377 1377 586 594 1378 1378 584 596 1379 1379 588 598 1380 1380 586 594 1381 1381 587 597 1382 1382 589 599 1383 1383 588 598 1384 1384 587 597 1385 1385 590 600 1386 1386 588 598 1387 1387 589 599 1388 1388 591 601 1389 1389 590 600 1390 1390 589 599 1391 1391 592 602 1392 1392 590 600 1393 1393 591 601 1394 1394 593 603 1395 1395 592 602 1396 1396 591 601 1397 1397 594 604 1398 1398 592 602 1399 1399 593 603 1400 1400 595 605 1401 1401 594 604 1402 1402 593 603 1403 1403 596 606 1404 1404 594 604 1405 1405 595 605 1406 1406 597 607 1407 1407 596 606 1408 1408 595 605 1409 1409 598 608 1410 1410 596 606 1411 1411 597 607 1412 1412 599 609 1413 1413 598 608 1414 1414 597 607 1415 1415 602 610 1416 1416 601 611 1417 1417 600 612 1418 1418 603 613 1419 1419 602 610 1420 1420 600 612 1421 1421 604 614 1422 1422 602 610 1423 1423 603 613 1424 1424 605 615 1425 1425 604 614 1426 1426 603 613 1427 1427 606 616 1428 1428 604 614 1429 1429 605 615 1430 1430 607 617 1431 1431 606 616 1432 1432 605 615 1433 1433 610 399 1434 1434 609 400 1435 1435 608 401 1436 1436 611 402 1437 1437 610 399 1438 1438 608 401 1439 1439 611 402 1440 1440 608 401 1441 1441 612 403 1442 1442 608 401 1443 1443 613 404 1444 1444 612 403 1445 1445 616 405 1446 1446 615 406 1447 1447 614 407 1448 1448 615 406 1449 1449 617 408 1450 1450 614 407 1451 1451 614 407 1452 1452 617 408 1453 1453 618 409 1454 1454 621 410 1455 1455 620 411 1456 1456 619 412 1457 1457 622 413 1458 1458 621 410 1459 1459 619 412 1460 1460 623 414 1461 1461 621 410 1462 1462 622 413 1463 1463 626 415 1464 1464 625 416 1465 1465 624 417 1466 1466 627 418 1467 1467 626 415 1468 1468 624 417 1469 1469 630 419 1470 1470 629 420 1471 1471 628 421 1472 1472 631 422 1473 1473 630 419 1474 1474 628 421 1475 1475 634 423 1476 1476 633 424 1477 1477 632 425 1478 1478 635 426 1479 1479 634 423 1480 1480 632 425 1481 1481 638 427 1482 1482 637 428 1483 1483 636 429 1484 1484 639 430 1485 1485 638 427 1486 1486 636 429 1487 1487 642 618 1488 1488 641 619 1489 1489 640 620 1490 1490 641 619 1491 1491 643 621 1492 1492 640 620 1493 1493 641 619 1494 1494 644 622 1495 1495 643 621 1496 1496 644 622 1497 1497 645 436 1498 1498 643 621 1499 1499 648 623 1500 1500 647 624 1501 1501 646 625 1502 1502 647 624 1503 1503 649 626 1504 1504 646 625 1505 1505 647 624 1506 1506 650 627 1507 1507 649 626 1508 1508 650 627 1509 1509 651 628 1510 1510 649 626 1511 1511 654 629 1512 1512 653 630 1513 1513 652 631 1514 1514 653 630 1515 1515 655 632 1516 1516 652 631 1517 1517 653 630 1518 1518 656 633 1519 1519 655 632 1520 1520 656 633 1521 1521 657 634 1522 1522 655 632 1523 1523 660 635 1524 1524 659 636 1525 1525 658 637 1526 1526 659 636 1527 1527 661 638 1528 1528 658 637 1529 1529 659 636 1530 1530 662 639 1531 1531 661 638 1532 1532 662 639 1533 1533 663 640 1534 1534 661 638 1535 1535 666 455 1536 1536 665 456 1537 1537 664 457 1538 1538 667 458 1539 1539 666 455 1540 1540 664 457 1541 1541 670 459 1542 1542 669 460 1543 1543 668 461 1544 1544 671 462 1545 1545 670 459 1546 1546 668 461 1547 1547 674 463 1548 1548 673 464 1549 1549 672 465 1550 1550 675 466 1551 1551 674 463 1552 1552 672 465 1553 1553 678 467 1554 1554 677 468 1555 1555 676 469 1556 1556 679 470 1557 1557 678 467 1558 1558 676 469 1559 1559 682 471 1560 1560 681 472 1561 1561 680 473 1562 1562 683 474 1563 1563 682 471 1564 1564 680 473 1565 1565 686 641 1566 1566 685 642 1567 1567 684 643 1568 1568 685 642 1569 1569 687 644 1570 1570 684 643 1571 1571 684 643 1572 1572 687 644 1573 1573 688 645 1574 1574 687 644 1575 1575 689 646 1576 1576 688 645 1577 1577 688 647 1578 1578 691 482 1579 1579 690 648 1580 1580 691 482 1581 1581 692 649 1582 1582 690 648 1583 1583 695 650 1584 1584 694 651 1585 1585 693 652 1586 1586 696 653 1587 1587 695 650 1588 1588 693 652 1589 1589 699 654 1590 1590 698 655 1591 1591 697 656 1592 1592 700 657 1593 1593 699 654 1594 1594 697 656 1595 1595 703 658 1596 1596 702 494 1597 1597 701 495 1598 1598 704 659 1599 1599 703 658 1600 1600 701 495 1601 1601 704 659 1602 1602 701 495 1603 1603 705 660 1604 1604 706 661 1605 1605 704 659 1606 1606 705 660 1607 1607 707 662 1608 1608 706 661 1609 1609 705 660 1610 1610 708 500 1611 1611 707 662 1612 1612 705 660 1613 1613 708 500 1614 1614 709 501 1615 1615 707 662 1616 1616 709 501 1617 1617 710 663 1618 1618 707 662 1619 1619 713 664 1620 1620 712 504 1621 1621 711 505 1622 1622 714 665 1623 1623 713 664 1624 1624 711 505 1625 1625 714 665 1626 1626 711 505 1627 1627 715 507 1628 1628 716 666 1629 1629 714 665 1630 1630 715 507 1631 1631 717 667 1632 1632 716 666 1633 1633 715 507 1634 1634 718 510 1635 1635 717 667 1636 1636 715 507 1637 1637 718 510 1638 1638 719 511 1639 1639 717 667 1640 1640 719 511 1641 1641 720 512 1642 1642 717 667 1643 1643 723 668 1644 1644 722 669 1645 1645 721 670 1646 1646 724 671 1647 1647 723 668 1648 1648 721 670 1649 1649 723 668 1650 1650 724 671 1651 1651 725 672 1652 1652 726 673 1653 1653 723 668 1654 1654 725 672 1655 1655 727 674 1656 1656 726 673 1657 1657 725 672 1658 1658 728 675 1659 1659 727 674 1660 1660 725 672 1661 1661 731 676 1662 1662 730 677 1663 1663 729 678 1664 1664 732 679 1665 1665 731 676 1666 1666 729 678 1667 1667 735 680 1668 1668 734 681 1669 1669 733 682 1670 1670 736 683 1671 1671 735 680 1672 1672 733 682 1673 1673 739 684 1674 1674 738 685 1675 1675 737 686 1676 1676 740 687 1677 1677 739 684 1678 1678 737 686 1679 1679 739 684 1680 1680 740 687 1681 1681 741 533 1682 1682 740 687 1683 1683 742 533 1684 1684 741 533 1685 1685 745 688 1686 1686 744 689 1687 1687 743 690 1688 1688 746 691 1689 1689 745 688 1690 1690 743 690 1691 1691 749 692 1692 1692 748 539 1693 1693 747 693 1694 1694 750 694 1695 1695 749 692 1696 1696 747 693 1697 1697 751 695 1698 1698 749 692 1699 1699 750 694 1700 1700 752 543 1701 1701 751 695 1702 1702 750 694 1703 1703 753 696 1704 1704 751 695 1705 1705 752 543 1706 1706 754 697 1707 1707 753 696 1708 1708 752 543 1709 1709 757 698 1710 1710 756 699 1711 1711 755 700 1712 1712 756 699 1713 1713 758 701 1714 1714 755 700 1715 1715 755 700 1716 1716 758 701 1717 1717 759 702 1718 1718 758 701 1719 1719 760 703 1720 1720 759 702 1721 1721 759 702 1722 1722 760 703 1723 1723 761 704 1724 1724 760 703 1725 1725 762 705 1726 1726 761 704 1727 1727 761 704 1728 1728 762 705 1729 1729 763 706 1730 1730 762 705 1731 1731 764 707 1732 1732 763 706 1733 1733 763 706 1734 1734 764 707 1735 1735 765 708 1736 1736 764 707 1737 1737 766 709 1738 1738 765 708 1739 1739 765 708 1740 1740 766 709 1741 1741 767 710 1742 1742 766 709 1743 1743 768 711 1744 1744 767 710 1745 1745 767 710 1746 1746 768 711 1747 1747 769 712 1748 1748 768 711 1749 1749 770 713 1750 1750 769 712 1751 1751 773 562 1752 1752 772 563 1753 1753 771 564 1754 1754 772 563 1755 1755 774 565 1756 1756 771 564 1757 1757 771 564 1758 1758 774 565 1759 1759 775 566 1760 1760 774 565 1761 1761 776 567 1762 1762 775 566 1763 1763 775 566 1764 1764 776 567 1765 1765 777 714 1766 1766 776 567 1767 1767 778 715 1768 1768 777 714 1769 1769 777 714 1770 1770 778 715 1771 1771 779 716 1772 1772 778 715 1773 1773 780 717 1774 1774 779 716 1775 1775 779 716 1776 1776 780 717 1777 1777 781 718 1778 1778 780 717 1779 1779 782 719 1780 1780 781 718 1781 1781 785 720 1782 1782 784 721 1783 1783 783 722 1784 1784 786 723 1785 1785 785 720 1786 1786 783 722 1787 1787 789 724 1788 1788 788 725 1789 1789 787 726 1790 1790 788 725 1791 1791 790 581 1792 1792 787 726 1793 1793 787 726 1794 1794 790 581 1795 1795 791 727 1796 1796 790 581 1797 1797 792 728 1798 1798 791 727 1799 1799 791 727 1800 1800 792 728 1801 1801 793 729 1802 1802 792 728 1803 1803 794 730 1804 1804 793 729 1805 1805 797 731 1806 1806 796 732 1807 1807 795 733 1808 1808 798 734 1809 1809 797 731 1810 1810 795 733 1811 1811 801 590 1812 1812 800 591 1813 1813 799 592 1814 1814 802 593 1815 1815 801 590 1816 1816 799 592 1817 1817 805 735 1818 1818 804 595 1819 1819 803 736 1820 1820 806 737 1821 1821 805 735 1822 1822 803 736 1823 1823 807 738 1824 1824 805 735 1825 1825 806 737 1826 1826 808 739 1827 1827 807 738 1828 1828 806 737 1829 1829 809 600 1830 1830 807 738 1831 1831 808 739 1832 1832 810 601 1833 1833 809 600 1834 1834 808 739 1835 1835 811 740 1836 1836 809 600 1837 1837 810 601 1838 1838 812 741 1839 1839 811 740 1840 1840 810 601 1841 1841 813 742 1842 1842 811 740 1843 1843 812 741 1844 1844 814 743 1845 1845 813 742 1846 1846 812 741 1847 1847 815 744 1848 1848 813 742 1849 1849 814 743 1850 1850 816 745 1851 1851 815 744 1852 1852 814 743 1853 1853 817 608 1854 1854 815 744 1855 1855 816 745 1856 1856 818 609 1857 1857 817 608 1858 1858 816 745 1859 1859 821 610 1860 1860 820 611 1861 1861 819 612 1862 1862 822 613 1863 1863 821 610 1864 1864 819 612 1865 1865 823 746 1866 1866 821 610 1867 1867 822 613 1868 1868 824 747 1869 1869 823 746 1870 1870 822 613 1871 1871 825 748 1872 1872 823 746 1873 1873 824 747 1874 1874 826 749 1875 1875 825 748 1876 1876 824 747 1877 1877 829 750 1878 1878 828 751 1879 1879 827 752 1880 1880 828 751 1881 1881 830 753 1882 1882 827 752 1883 1883 830 753 1884 1884 831 754 1885 1885 827 752 1886 1886 831 754 1887 1887 832 755 1888 1888 827 752 1889 1889 831 754 1890 1890 828 751 1891 1891 832 755 1892 1892 830 753 1893 1893 828 751 1894 1894 833 756 1895 1895 828 751 1896 1896 831 754 1897 1897 833 756 1898 1898 831 754 1899 1899 830 753 1900 1900 834 757 1901 1901 834 757 1902 1902 830 753 1903 1903 833 756 1904 1904 833 756 1905 1905 835 758 1906 1906 834 757 1907 1907 831 754 1908 1908 836 759 1909 1909 833 756 1910 1910 836 759 1911 1911 831 754 1912 1912 834 757 1913 1913 835 758 1914 1914 833 756 1915 1915 836 759 1916 1916 837 760 1917 1917 836 759 1918 1918 834 757 1919 1919 837 760 1920 1920 835 758 1921 1921 836 759 1922 1922 838 761 1923 1923 837 760 1924 1924 834 757 1925 1925 835 758 1926 1926 838 761 1927 1927 834 757 1928 1928 835 758 1929 1929 837 760 1930 1930 839 762 1931 1931 837 760 1932 1932 840 763 1933 1933 839 762 1934 1934 838 761 1935 1935 835 758 1936 1936 841 764 1937 1937 842 765 1938 1938 838 761 1939 1939 841 764 1940 1940 843 766 1941 1941 835 758 1942 1942 839 762 1943 1943 840 763 1944 1944 835 758 1945 1945 844 767 1946 1946 835 758 1947 1947 843 766 1948 1948 844 767 1949 1949 840 763 1950 1950 844 767 1951 1951 839 762 1952 1952 840 763 1953 1953 842 765 1954 1954 845 768 1955 1955 835 758 1956 1956 840 763 1957 1957 845 768 1958 1958 846 769 1959 1959 844 767 1960 1960 843 766 1961 1961 847 770 1962 1962 839 762 1963 1963 844 767 1964 1964 846 769 1965 1965 847 770 1966 1966 844 767 1967 1967 843 766 1968 1968 839 762 1969 1969 848 771 1970 1970 839 762 1971 1971 847 770 1972 1972 848 771 1973 1973 848 771 1974 1974 846 769 1975 1975 843 766 1976 1976 848 771 1977 1977 847 770 1978 1978 849 772 1979 1979 847 770 1980 1980 846 769 1981 1981 849 772 1982 1982 846 769 1983 1983 848 771 1984 1984 850 773 1985 1985 846 769 1986 1986 850 773 1987 1987 849 772 1988 1988 835 758 1989 1989 851 774 1990 1990 841 764 1991 1991 835 758 1992 1992 842 765 1993 1993 852 775 1994 1994 852 775 1995 1995 842 765 1996 1996 841 764 1997 1997 851 774 1998 1998 835 758 1999 1999 852 775 2000 2000 853 776 2001 2001 852 775 2002 2002 841 764 2003 2003 852 775 2004 2004 853 776 2005 2005 851 774 2006 2006 842 765 2007 2007 835 758 2008 2008 854 777 2009 2009 842 765 2010 2010 854 777 2011 2011 845 768 2012 2012 855 778 2013 2013 841 764 2014 2014 851 774 2015 2015 855 778 2016 2016 853 776 2017 2017 841 764 2018 2018 856 779 2019 2019 855 778 2020 2020 851 774 2021 2021 853 776 2022 2022 856 779 2023 2023 851 774 2024 2024 856 779 2025 2025 853 776 2026 2026 857 780 2027 2027 857 780 2028 2028 853 776 2029 2029 858 781 2030 2030 853 776 2031 2031 855 778 2032 2032 858 781 2033 2033 855 778 2034 2034 856 779 2035 2035 858 781 2036 2036 856 779 2037 2037 859 782 2038 2038 858 781 2039 2039 860 783 2040 2040 835 758 2041 2041 845 768 2042 2042 835 758 2043 2043 860 783 2044 2044 854 777 2045 2045 861 784 2046 2046 845 768 2047 2047 854 777 2048 2048 862 785 2049 2049 854 777 2050 2050 860 783 2051 2051 862 785 2052 2052 861 784 2053 2053 854 777 2054 2054 860 783 2055 2055 845 768 2056 2056 863 786 2057 2057 845 768 2058 2058 861 784 2059 2059 863 786 2060 2060 863 786 2061 2061 862 785 2062 2062 860 783 2063 2063 863 786 2064 2064 861 784 2065 2065 864 787 2066 2066 861 784 2067 2067 862 785 2068 2068 864 787 2069 2069 862 785 2070 2070 863 786 2071 2071 865 788 2072 2072 862 785 2073 2073 865 788 2074 2074 864 787 2075 2075 868 789 2076 2076 867 790 2077 2077 866 791 2078 2078 869 792 2079 2079 868 789 2080 2080 866 791 2081 2081 868 789 2082 2082 869 792 2083 2083 870 793 2084 2084 869 792 2085 2085 871 794 2086 2086 870 793 2087 2087 870 793 2088 2088 871 794 2089 2089 872 795 2090 2090 873 796 2091 2091 870 793 2092 2092 872 795 2093 2093 874 797 2094 2094 873 796 2095 2095 872 795 2096 2096 875 798 2097 2097 874 797 2098 2098 872 795 2099 2099 876 799 2100 2100 874 797 2101 2101 875 798 2102 2102 877 800 2103 2103 876 799 2104 2104 875 798 2105 2105 877 800 2106 2106 878 801 2107 2107 876 799 2108 2108 878 801 2109 2109 879 802 2110 2110 876 799 2111 2111 878 801 2112 2112 880 803 2113 2113 879 802 2114 2114 880 803 2115 2115 881 804 2116 2116 879 802 2117 2117 882 805 2118 2118 881 804 2119 2119 880 803 2120 2120 883 806 2121 2121 882 805 2122 2122 880 803 2123 2123 886 807 2124 2124 885 808 2125 2125 884 809 2126 2126 887 810 2127 2127 886 807 2128 2128 884 809 2129 2129 887 810 2130 2130 884 809 2131 2131 888 811 2132 2132 889 812 2133 2133 887 810 2134 2134 888 811 2135 2135 889 812 2136 2136 888 811 2137 2137 890 813 2138 2138 891 814 2139 2139 889 812 2140 2140 890 813 2141 2141 891 814 2142 2142 890 813 2143 2143 892 815 2144 2144 893 816 2145 2145 891 814 2146 2146 892 815 2147 2147 896 817 2148 2148 895 818 2149 2149 894 819 2150 2150 895 818 2151 2151 897 820 2152 2152 894 819 2153 2153 898 821 2154 2154 894 819 2155 2155 897 820 2156 2156 897 820 2157 2157 895 818 2158 2158 899 822 2159 2159 898 821 2160 2160 897 820 2161 2161 899 822 2162 2162 895 818 2163 2163 900 823 2164 2164 899 822 2165 2165 900 823 2166 2166 901 824 2167 2167 899 822 2168 2168 898 821 2169 2169 899 822 2170 2170 902 825 2171 2171 901 824 2172 2172 902 825 2173 2173 899 822 2174 2174 898 821 2175 2175 902 825 2176 2176 903 826 2177 2177 902 825 2178 2178 901 824 2179 2179 903 826 2180 2180 901 824 2181 2181 904 827 2182 2182 903 826 2183 2183 907 828 2184 2184 906 829 2185 2185 905 830 2186 2186 906 829 2187 2187 908 831 2188 2188 905 830 2189 2189 909 832 2190 2190 905 830 2191 2191 908 831 2192 2192 908 831 2193 2193 906 829 2194 2194 910 833 2195 2195 911 834 2196 2196 908 831 2197 2197 910 833 2198 2198 912 835 2199 2199 908 831 2200 2200 911 834 2201 2201 913 836 2202 2202 911 834 2203 2203 910 833 2204 2204 911 834 2205 2205 913 836 2206 2206 914 837 2207 2207 915 838 2208 2208 913 836 2209 2209 910 833 2210 2210 913 836 2211 2211 916 839 2212 2212 914 837 2213 2213 913 836 2214 2214 915 838 2215 2215 916 839 2216 2216 915 838 2217 2217 917 840 2218 2218 916 839 2219 2219 916 839 2220 2220 917 840 2221 2221 918 841 2222 2222 917 840 2223 2223 919 842 2224 2224 918 841 2225 2225 916 839 2226 2226 918 841 2227 2227 920 843 2228 2228 919 842 2229 2229 921 844 2230 2230 918 841 2231 2231 918 841 2232 2232 922 845 2233 2233 920 843 2234 2234 921 844 2235 2235 922 845 2236 2236 918 841 2237 2237 921 844 2238 2238 923 846 2239 2239 922 845 2240 2240 923 846 2241 2241 924 847 2242 2242 922 845 2243 2243 925 848 2244 2244 922 845 2245 2245 924 847 2246 2246 923 846 2247 2247 926 849 2248 2248 924 847 2249 2249 926 849 2250 2250 927 850 2251 2251 924 847 2252 2252 924 847 2253 2253 927 850 2254 2254 928 851 2255 2255 931 852 2256 2256 930 853 2257 2257 929 854 2258 2258 931 852 2259 2259 932 855 2260 2260 930 853 2261 2261 932 855 2262 2262 933 856 2263 2263 930 853 2264 2264 933 856 2265 2265 932 855 2266 2266 934 857 2267 2267 935 858 2268 2268 933 856 2269 2269 934 857 2270 2270 934 857 2271 2271 936 859 2272 2272 935 858 2273 2273 936 859 2274 2274 937 860 2275 2275 935 858 2276 2276 936 859 2277 2277 938 861 2278 2278 937 860 2279 2279 938 861 2280 2280 939 862 2281 2281 937 860 2282 2282 939 862 2283 2283 938 861 2284 2284 940 863 2285 2285 941 864 2286 2286 939 862 2287 2287 940 863 2288 2288 941 864 2289 2289 940 863 2290 2290 942 865 2291 2291 945 866 2292 2292 944 867 2293 2293 943 868 2294 2294 944 867 2295 2295 946 869 2296 2296 943 868 2297 2297 943 868 2298 2298 946 869 2299 2299 947 870 2300 2300 946 869 2301 2301 948 871 2302 2302 947 870 2303 2303 947 870 2304 2304 948 871 2305 2305 949 872 2306 2306 950 873 2307 2307 947 870 2308 2308 949 872 2309 2309 953 874 2310 2310 952 875 2311 2311 951 876 2312 2312 952 875 2313 2313 953 874 2314 2314 954 877 2315 2315 955 878 2316 2316 952 875 2317 2317 954 877 2318 2318 955 878 2319 2319 954 877 2320 2320 956 879 2321 2321 954 877 2322 2322 957 880 2323 2323 956 879 2324 2324 956 879 2325 2325 957 880 2326 2326 958 881 2327 2327 957 880 2328 2328 959 882 2329 2329 958 881 2330 2330 958 881 2331 2331 959 882 2332 2332 960 883 2333 2333 959 882 2334 2334 961 884 2335 2335 960 883 2336 2336 960 883 2337 2337 961 884 2338 2338 962 885 2339 2339 963 886 2340 2340 960 883 2341 2341 962 885 2342 2342 963 886 2343 2343 962 885 2344 2344 964 887 2345 2345 967 888 2346 2346 966 889 2347 2347 965 890 2348 2348 968 891 2349 2349 967 888 2350 2350 965 890 2351 2351 969 892 2352 2352 968 891 2353 2353 965 890 2354 2354 970 893 2355 2355 969 892 2356 2356 965 890 2357 2357 970 893 2358 2358 971 894 2359 2359 969 892 2360 2360 971 894 2361 2361 972 895 2362 2362 969 892 2363 2363 975 896 2364 2364 974 897 2365 2365 973 898 2366 2366 976 899 2367 2367 975 896 2368 2368 973 898 2369 2369 976 899 2370 2370 973 898 2371 2371 977 900 2372 2372 978 901 2373 2373 975 896 2374 2374 976 899 2375 2375 976 899 2376 2376 977 900 2377 2377 979 902 2378 2378 980 903 2379 2379 978 901 2380 2380 976 899 2381 2381 976 899 2382 2382 979 902 2383 2383 981 904 2384 2384 982 905 2385 2385 980 903 2386 2386 976 899 2387 2387 976 899 2388 2388 981 904 2389 2389 983 906 2390 2390 984 907 2391 2391 982 905 2392 2392 976 899 2393 2393 976 899 2394 2394 983 906 2395 2395 985 908 2396 2396 984 907 2397 2397 976 899 2398 2398 985 908 2399 2399 988 909 2400 2400 987 910 2401 2401 986 911 2402 2402 989 912 2403 2403 988 909 2404 2404 986 911 2405 2405 990 913 2406 2406 988 909 2407 2407 989 912 2408 2408 991 914 2409 2409 990 913 2410 2410 989 912 2411 2411 994 915 2412 2412 993 916 2413 2413 992 917 2414 2414 995 918 2415 2415 994 915 2416 2416 992 917 2417 2417 996 919 2418 2418 994 915 2419 2419 995 918 2420 2420 997 920 2421 2421 996 919 2422 2422 995 918 2423 2423 998 921 2424 2424 996 919 2425 2425 997 920 2426 2426 999 922 2427 2427 997 920 2428 2428 995 918 2429 2429 1000 923 2430 2430 998 921 2431 2431 997 920 2432 2432 1001 924 2433 2433 998 921 2434 2434 1000 923 2435 2435 1002 925 2436 2436 1001 924 2437 2437 1000 923 2438 2438 999 922 2439 2439 995 918 2440 2440 1003 926 2441 2441 1004 927 2442 2442 999 922 2443 2443 1003 926 2444 2444 1004 927 2445 2445 1003 926 2446 2446 1005 928 2447 2447 1008 929 2448 2448 1007 930 2449 2449 1006 931 2450 2450 1007 930 2451 2451 1009 932 2452 2452 1006 931 2453 2453 1006 931 2454 2454 1009 932 2455 2455 1010 933 2456 2456 1007 930 2457 2457 1011 934 2458 2458 1009 932 2459 2459 1009 932 2460 2460 1012 935 2461 2461 1010 933 2462 2462 1009 932 2463 2463 1011 934 2464 2464 1012 935 2465 2465 1015 936 2466 2466 1014 937 2467 2467 1013 938 2468 2468 1014 937 2469 2469 1016 939 2470 2470 1013 938 2471 2471 1013 938 2472 2472 1016 939 2473 2473 1017 940 2474 2474 1014 937 2475 2475 1018 941 2476 2476 1016 939 2477 2477 1016 939 2478 2478 1019 942 2479 2479 1017 940 2480 2480 1016 939 2481 2481 1018 941 2482 2482 1019 942 2483 2483 1017 940 2484 2484 1019 942 2485 2485 1020 943 2486 2486 1019 942 2487 2487 1018 941 2488 2488 1021 944 2489 2489 1019 942 2490 2490 1021 944 2491 2491 1020 943 2492 2492 1021 944 2493 2493 1018 941 2494 2494 1022 945 2495 2495 1020 943 2496 2496 1021 944 2497 2497 1023 946 2498 2498 1021 944 2499 2499 1022 945 2500 2500 1023 946 2501 2501 1026 947 2502 2502 1025 948 2503 2503 1024 949 2504 2504 1025 948 2505 2505 1027 950 2506 2506 1024 949 2507 2507 1025 948 2508 2508 1028 951 2509 2509 1027 950 2510 2510 1028 951 2511 2511 1029 952 2512 2512 1027 950 2513 2513 1032 953 2514 2514 1031 954 2515 2515 1030 955 2516 2516 1031 954 2517 2517 1033 956 2518 2518 1030 955 2519 2519 1031 954 2520 2520 1034 957 2521 2521 1033 956 2522 2522 1034 957 2523 2523 1035 958 2524 2524 1033 956 2525 2525 1034 957 2526 2526 1036 959 2527 2527 1035 958 2528 2528 1035 958 2529 2529 1037 960 2530 2530 1033 956 2531 2531 1036 959 2532 2532 1038 961 2533 2533 1035 958 2534 2534 1036 959 2535 2535 1039 962 2536 2536 1038 961 2537 2537 1039 962 2538 2538 1040 963 2539 2539 1038 961 2540 2540 1033 956 2541 2541 1037 960 2542 2542 1041 964 2543 2543 1037 960 2544 2544 1042 965 2545 2545 1041 964 2546 2546 1041 964 2547 2547 1042 965 2548 2548 1043 966 2549 2549 1046 967 2550 2550 1045 968 2551 2551 1044 969 2552 2552 1047 970 2553 2553 1046 967 2554 2554 1044 969 2555 2555 1047 970 2556 2556 1044 969 2557 2557 1048 971 2558 2558 1049 972 2559 2559 1046 967 2560 2560 1047 970 2561 2561 1050 973 2562 2562 1047 970 2563 2563 1048 971 2564 2564 1049 972 2565 2565 1047 970 2566 2566 1050 973 2567 2567 1053 974 2568 2568 1052 975 2569 2569 1051 976 2570 2570 1054 977 2571 2571 1053 974 2572 2572 1051 976 2573 2573 1054 977 2574 2574 1051 976 2575 2575 1055 978 2576 2576 1056 979 2577 2577 1053 974 2578 2578 1054 977 2579 2579 1057 980 2580 2580 1054 977 2581 2581 1055 978 2582 2582 1056 979 2583 2583 1054 977 2584 2584 1057 980 2585 2585 1057 980 2586 2586 1055 978 2587 2587 1058 981 2588 2588 1056 979 2589 2589 1057 980 2590 2590 1059 982 2591 2591 1059 982 2592 2592 1057 980 2593 2593 1058 981 2594 2594 1056 979 2595 2595 1059 982 2596 2596 1060 983 2597 2597 1059 982 2598 2598 1058 981 2599 2599 1061 984 2600 2600 1060 983 2601 2601 1059 982 2602 2602 1061 984 2603 2603 1064 985 2604 2604 1063 986 2605 2605 1062 987 2606 2606 1064 985 2607 2607 1062 987 2608 2608 1065 988 2609 2609 1064 985 2610 2610 1066 989 2611 2611 1063 986 2612 2612 1064 985 2613 2613 1065 988 2614 2614 1067 990 2615 2615 1064 985 2616 2616 1068 991 2617 2617 1066 989 2618 2618 1064 985 2619 2619 1067 990 2620 2620 1069 992 2621 2621 1064 985 2622 2622 1070 993 2623 2623 1068 991 2624 2624 1064 985 2625 2625 1069 992 2626 2626 1070 993 2627 2627 1073 994 2628 2628 1072 995 2629 2629 1071 996 2630 2630 1074 997 2631 2631 1073 994 2632 2632 1071 996 2633 2633 1073 994 2634 2634 1075 998 2635 2635 1072 995 2636 2636 1074 997 2637 2637 1071 996 2638 2638 1076 999 2639 2639 1075 998 2640 2640 1077 1000 2641 2641 1072 995 2642 2642 1078 1001 2643 2643 1074 997 2644 2644 1076 999 2645 2645 1075 998 2646 2646 1079 1002 2647 2647 1077 1000 2648 2648 1078 1001 2649 2649 1076 999 2650 2650 1080 1003 2651 2651 1079 1002 2652 2652 1081 1004 2653 2653 1077 1000 2654 2654 1082 1005 2655 2655 1078 1001 2656 2656 1080 1003 2657 2657 1079 1002 2658 2658 1083 1006 2659 2659 1081 1004 2660 2660 1082 1005 2661 2661 1080 1003 2662 2662 1084 1007 2663 2663 1083 1006 2664 2664 1085 1008 2665 2665 1081 1004 2666 2666 1086 1009 2667 2667 1082 1005 2668 2668 1084 1007 2669 2669 1086 1009 2670 2670 1084 1007 2671 2671 1085 1008 2672 2672 1083 1006 2673 2673 1086 1009 2674 2674 1085 1008 2675 2675 1089 1010 2676 2676 1088 1011 2677 2677 1087 1012 2678 2678 1088 1011 2679 2679 1090 1013 2680 2680 1087 1012 2681 2681 1087 1012 2682 2682 1090 1013 2683 2683 1091 1014 2684 2684 1092 1015 2685 2685 1090 1013 2686 2686 1088 1011 2687 2687 1093 1016 2688 2688 1092 1015 2689 2689 1088 1011 2690 2690 1090 1013 2691 2691 1094 1017 2692 2692 1091 1014 2693 2693 1091 1014 2694 2694 1094 1017 2695 2695 1095 1018 2696 2696 1096 1019 2697 2697 1094 1017 2698 2698 1090 1013 2699 2699 1092 1015 2700 2700 1096 1019 2701 2701 1090 1013 2702 2702 1094 1017 2703 2703 1097 1020 2704 2704 1095 1018 2705 2705 1094 1017 2706 2706 1096 1019 2707 2707 1097 1020 2708 2708 1095 1018 2709 2709 1097 1020 2710 2710 1098 1021 2711 2711 1092 1015 2712 2712 1093 1016 2713 2713 1099 1022 2714 2714 1093 1016 2715 2715 1100 1023 2716 2716 1099 1022 2717 2717 1097 1020 2718 2718 1101 1024 2719 2719 1098 1021 2720 2720 1098 1021 2721 2721 1101 1024 2722 2722 1102 1025 2723 2723 1101 1024 2724 2724 1103 1026 2725 2725 1102 1025 2726 2726 1097 1020 2727 2727 1104 1027 2728 2728 1101 1024 2729 2729 1096 1019 2730 2730 1104 1027 2731 2731 1097 1020 2732 2732 1101 1024 2733 2733 1105 1028 2734 2734 1103 1026 2735 2735 1104 1027 2736 2736 1105 1028 2737 2737 1101 1024 2738 2738 1105 1028 2739 2739 1106 1029 2740 2740 1103 1026 2741 2741 1092 1015 2742 2742 1107 1030 2743 2743 1096 1019 2744 2744 1107 1030 2745 2745 1092 1015 2746 2746 1099 1022 2747 2747 1107 1030 2748 2748 1108 1031 2749 2749 1096 1019 2750 2750 1107 1030 2751 2751 1099 1022 2752 2752 1108 1031 2753 2753 1096 1019 2754 2754 1108 1031 2755 2755 1104 1027 2756 2756 1106 1029 2757 2757 1105 1028 2758 2758 1109 1032 2759 2759 1110 1033 2760 2760 1106 1029 2761 2761 1109 1032 2762 2762 1099 1022 2763 2763 1111 1034 2764 2764 1108 1031 2765 2765 1099 1022 2766 2766 1100 1023 2767 2767 1111 1034 2768 2768 1112 1035 2769 2769 1105 1028 2770 2770 1104 1027 2771 2771 1105 1028 2772 2772 1112 1035 2773 2773 1109 1032 2774 2774 1108 1031 2775 2775 1113 1036 2776 2776 1104 1027 2777 2777 1113 1036 2778 2778 1112 1035 2779 2779 1104 1027 2780 2780 1108 1031 2781 2781 1111 1034 2782 2782 1113 1036 2783 2783 1109 1032 2784 2784 1112 1035 2785 2785 1113 1036 2786 2786 1111 1034 2787 2787 1114 1037 2788 2788 1113 1036 2789 2789 1114 1037 2790 2790 1109 1032 2791 2791 1113 1036 2792 2792 1110 1033 2793 2793 1109 1032 2794 2794 1114 1037 2795 2795 1111 1034 2796 2796 1100 1023 2797 2797 1114 1037 2798 2798 1100 1023 2799 2799 1110 1033 2800 2800 1114 1037 2801 2801 1100 1023 2802 2802 1115 1038 2803 2803 1110 1033 2804 2804 1115 1038 2805 2805 1100 1023 2806 2806 1116 1039 2807 2807 1100 1023 2808 2808 1117 1040 2809 2809 1116 1039 2810 2810 1116 1039 2811 2811 1117 1040 2812 2812 1118 1041 2813 2813 1117 1040 2814 2814 1119 1042 2815 2815 1118 1041 2816 2816 1118 1041 2817 2817 1119 1042 2818 2818 1120 1043 2819 2819 1121 1044 2820 2820 1118 1041 2821 2821 1120 1043 2822 2822 1122 1045 2823 2823 1118 1041 2824 2824 1121 1044 2825 2825 1116 1039 2826 2826 1118 1041 2827 2827 1122 1045 2828 2828 1123 1046 2829 2829 1122 1045 2830 2830 1121 1044 2831 2831 1124 1047 2832 2832 1116 1039 2833 2833 1122 1045 2834 2834 1124 1047 2835 2835 1115 1038 2836 2836 1116 1039 2837 2837 1125 1048 2838 2838 1122 1045 2839 2839 1123 1046 2840 2840 1124 1047 2841 2841 1122 1045 2842 2842 1125 1048 2843 2843 1126 1049 2844 2844 1125 1048 2845 2845 1123 1046 2846 2846 1115 1038 2847 2847 1124 1047 2848 2848 1127 1050 2849 2849 1127 1050 2850 2850 1124 1047 2851 2851 1125 1048 2852 2852 1115 1038 2853 2853 1128 1051 2854 2854 1110 1033 2855 2855 1115 1038 2856 2856 1127 1050 2857 2857 1128 1051 2858 2858 1125 1048 2859 2859 1126 1049 2860 2860 1129 1052 2861 2861 1126 1049 2862 2862 1130 1053 2863 2863 1129 1052 2864 2864 1127 1050 2865 2865 1125 1048 2866 2866 1131 1054 2867 2867 1127 1050 2868 2868 1131 1054 2869 2869 1128 1051 2870 2870 1125 1048 2871 2871 1129 1052 2872 2872 1131 1054 2873 2873 1110 1033 2874 2874 1128 1051 2875 2875 1132 1055 2876 2876 1133 1056 2877 2877 1110 1033 2878 2878 1132 1055 2879 2879 1134 1057 2880 2880 1128 1051 2881 2881 1131 1054 2882 2882 1134 1057 2883 2883 1131 1054 2884 2884 1129 1052 2885 2885 1128 1051 2886 2886 1134 1057 2887 2887 1132 1055 2888 2888 1135 1058 2889 2889 1129 1052 2890 2890 1130 1053 2891 2891 1135 1058 2892 2892 1134 1057 2893 2893 1129 1052 2894 2894 1132 1055 2895 2895 1134 1057 2896 2896 1135 1058 2897 2897 1136 1059 2898 2898 1135 1058 2899 2899 1130 1053 2900 2900 1133 1056 2901 2901 1132 1055 2902 2902 1137 1060 2903 2903 1137 1060 2904 2904 1132 1055 2905 2905 1135 1058 2906 2906 1137 1060 2907 2907 1135 1058 2908 2908 1136 1059 2909 2909 1138 1061 2910 2910 1133 1056 2911 2911 1137 1060 2912 2912 1139 1062 2913 2913 1137 1060 2914 2914 1136 1059 2915 2915 1138 1061 2916 2916 1137 1060 2917 2917 1139 1062 2918 2918 1140 1063 2919 2919 1138 1061 2920 2920 1139 1062 2921 2921 1143 1064 2922 2922 1142 1065 2923 2923 1141 1066 2924 2924 1143 1067 2925 2925 1145 1068 2926 2926 1144 1069 2927 2927 1146 1070 2928 2928 1143 1067 2929 2929 1144 1069 2930 2930 1149 1071 2931 2931 1148 1072 2932 2932 1147 1073 2933 2933 1150 1074 2934 2934 1149 1071 2935 2935 1147 1073 2936 2936 1153 1075 2937 2937 1152 1076 2938 2938 1151 1077 2939 2939 1154 1078 2940 2940 1153 1075 2941 2941 1151 1077 2942 2942 1157 1079 2943 2943 1156 1080 2944 2944 1155 1081 2945 2945 1158 1082 2946 2946 1157 1079 2947 2947 1155 1081 2948 2948 1161 1083 2949 2949 1160 1084 2950 2950 1159 1085 2951 2951 1162 1086 2952 2952 1161 1083 2953 2953 1159 1085 2954 2954 1165 1087 2955 2955 1164 1088 2956 2956 1163 1089 2957 2957 1166 1090 2958 2958 1165 1087 2959 2959 1163 1089 2960 2960 1169 1091 2961 2961 1168 1092 2962 2962 1167 1093 2963 2963 1170 1094 2964 2964 1169 1091 2965 2965 1167 1093 2966 2966 1173 1095 2967 2967 1172 1096 2968 2968 1171 1097 2969 2969 1171 1097 2970 2970 1172 1096 2971 2971 1174 1098 2972 2972 1175 1099 2973 2973 1171 1097 2974 2974 1174 1098 2975 2975 1178 1100 2976 2976 1177 1101 2977 2977 1176 1102 2978 2978 1179 1103 2979 2979 1178 1100 2980 2980 1176 1102 2981 2981 1180 1104 2982 2982 1179 1103 2983 2983 1176 1102 2984 2984 1180 1104 2985 2985 1176 1102 2986 2986 1181 1105 2987 2987 1180 1104 2988 2988 1181 1105 2989 2989 1182 1106 2990 2990 1180 1104 2991 2991 1182 1106 2992 2992 1183 1107 2993 2993 1182 1106 2994 2994 1184 1108 2995 2995 1183 1107 2996 2996 1187 1109 2997 2997 1186 1110 2998 2998 1185 1111 2999 2999 1186 1110 3000 3000 1188 1112 3001 3001 1185 1111 3002 3002 1186 1110 3003 3003 1189 1113 3004 3004 1188 1112 3005 3005 1189 1113 3006 3006 1190 1114 3007 3007 1188 1112 3008 3008 1189 1113 3009 3009 1191 1115 3010 3010 1190 1114 3011 3011 1191 1115 3012 3012 1192 1116 3013 3013 1190 1114 3014 3014 1191 1115 3015 3015 1193 1117 3016 3016 1192 1116 3017 3017 1191 1115 3018 3018 1194 1118 3019 3019 1193 1117 3020 3020 1191 1115 3021 3021 1195 1119 3022 3022 1194 1118 3023 3023 1195 1119 3024 3024 1196 1120 3025 3025 1194 1118 3026 3026 1195 1119 3027 3027 1197 1121 3028 3028 1196 1120 3029 3029 1197 1121 3030 3030 1198 1122 3031 3031 1196 1120 3032 3032 1197 1121 3033 3033 1199 1123 3034 3034 1198 1122 3035 3035 1197 1121 3036 3036 1200 1124 3037 3037 1199 1123 3038 3038 1200 1124 3039 3039 1201 1125 3040 3040 1199 1123 3041 3041 1204 1126 3042 3042 1203 1127 3043 3043 1202 1128 3044 3044 1204 1126 3045 3045 1202 1128 3046 3046 1205 1129 3047 3047 1206 1130 3048 3048 1204 1126 3049 3049 1205 1129 3050 3050 1206 1130 3051 3051 1205 1129 3052 3052 1207 1131 3053 3053 1206 1130 3054 3054 1207 1131 3055 3055 1208 1132 3056 3056 1209 1133 3057 3057 1206 1130 3058 3058 1208 1132 3059 3059 1208 1132 3060 3060 1210 1134 3061 3061 1209 1133 3062 3062 1210 1134 3063 3063 1211 1135 3064 3064 1209 1133 3065 3065 1210 1134 3066 3066 1212 1136 3067 3067 1211 1135 3068 3068 1211 1135 3069 3069 1212 1136 3070 3070 1213 1137 3071 3071 1211 1135 3072 3072 1213 1137 3073 3073 1214 1138 3074 3074 1213 1137 3075 3075 1215 1139 3076 3076 1214 1138 3077 3077 1214 1138 3078 3078 1215 1139 3079 3079 1216 1140 3080 3080 1216 1140 3081 3081 1217 1141 3082 3082 1214 1138 3083 3083 1217 1141 3084 3084 1218 1142 3085 3085 1214 1138 3086 3086 1218 1142 3087 3087 1217 1141 3088 3088 1219 1143 3089 3089 1222 1144 3090 3090 1221 1145 3091 3091 1220 1146 3092 3092 1223 1147 3093 3093 1222 1144 3094 3094 1220 1146 3095 3095 1220 1146 3096 3096 1221 1145 3097 3097 1224 1148 3098 3098 1225 1149 3099 3099 1222 1144 3100 3100 1223 1147 3101 3101 1221 1145 3102 3102 1226 1150 3103 3103 1224 1148 3104 3104 1227 1151 3105 3105 1225 1149 3106 3106 1223 1147 3107 3107 1224 1148 3108 3108 1226 1150 3109 3109 1228 1152 3110 3110 1229 1153 3111 3111 1225 1149 3112 3112 1227 1151 3113 3113 1226 1150 3114 3114 1230 1154 3115 3115 1228 1152 3116 3116 1231 1155 3117 3117 1229 1153 3118 3118 1227 1151 3119 3119 1228 1152 3120 3120 1230 1154 3121 3121 1232 1156 3122 3122 1233 1157 3123 3123 1229 1153 3124 3124 1231 1155 3125 3125 1230 1154 3126 3126 1234 1158 3127 3127 1232 1156 3128 3128 1235 1159 3129 3129 1233 1157 3130 3130 1231 1155 3131 3131 1232 1156 3132 3132 1234 1158 3133 3133 1236 1160 3134 3134 1237 1161 3135 3135 1233 1157 3136 3136 1235 1159 3137 3137 1234 1158 3138 3138 1238 1162 3139 3139 1236 1160 3140 3140 1239 1163 3141 3141 1237 1161 3142 3142 1235 1159 3143 3143 1236 1160 3144 3144 1238 1162 3145 3145 1240 1164 3146 3146 1241 1165 3147 3147 1237 1161 3148 3148 1239 1163 3149 3149 1238 1162 3150 3150 1242 1166 3151 3151 1240 1164 3152 3152 1243 1167 3153 3153 1241 1165 3154 3154 1239 1163 3155 3155 1240 1164 3156 3156 1242 1166 3157 3157 1244 1168 3158 3158 1245 1169 3159 3159 1241 1165 3160 3160 1243 1167 3161 3161 1242 1166 3162 3162 1246 1170 3163 3163 1244 1168 3164 3164 1247 1171 3165 3165 1245 1169 3166 3166 1243 1167 3167 3167 1244 1168 3168 3168 1246 1170 3169 3169 1248 1172 3170 3170 1249 1173 3171 3171 1245 1169 3172 3172 1247 1171 3173 3173 1246 1170 3174 3174 1250 1174 3175 3175 1248 1172 3176 3176 1251 1175 3177 3177 1249 1173 3178 3178 1247 1171 3179 3179 1248 1172 3180 3180 1250 1174 3181 3181 1252 1176 3182 3182 1253 1177 3183 3183 1249 1173 3184 3184 1251 1175 3185 3185 1250 1174 3186 3186 1254 1178 3187 3187 1252 1176 3188 3188 1255 1179 3189 3189 1253 1177 3190 3190 1251 1175 3191 3191 1252 1176 3192 3192 1254 1178 3193 3193 1256 1180 3194 3194 1257 1181 3195 3195 1253 1177 3196 3196 1255 1179 3197 3197 1254 1178 3198 3198 1258 1182 3199 3199 1256 1180 3200 3200 1259 1183 3201 3201 1257 1181 3202 3202 1255 1179 3203 3203 1256 1180 3204 3204 1258 1182 3205 3205 1260 1184 3206 3206 1261 1185 3207 3207 1257 1181 3208 3208 1259 1183 3209 3209 1258 1182 3210 3210 1262 1186 3211 3211 1260 1184 3212 3212 1263 1187 3213 3213 1261 1185 3214 3214 1259 1183 3215 3215 1260 1184 3216 3216 1262 1186 3217 3217 1263 1187 3218 3218 1262 1186 3219 3219 1261 1185 3220 3220 1263 1187 3221 3221 1266 1188 3222 3222 1265 1189 3223 3223 1264 1190 3224 3224 1265 1189 3225 3225 1266 1188 3226 3226 1267 1191 3227 3227 1266 1188 3228 3228 1268 1192 3229 3229 1267 1191 3230 3230 1267 1191 3231 3231 1268 1192 3232 3232 1269 1193 3233 3233 1265 1189 3234 3234 1267 1191 3235 3235 1270 1194 3236 3236 1265 1189 3237 3237 1270 1194 3238 3238 1271 1195 3239 3239 1272 1196 3240 3240 1267 1191 3241 3241 1269 1193 3242 3242 1272 1196 3243 3243 1269 1193 3244 3244 1273 1197 3245 3245 1267 1191 3246 3246 1274 1198 3247 3247 1270 1194 3248 3248 1274 1198 3249 3249 1267 1191 3250 3250 1272 1196 3251 3251 1275 1199 3252 3252 1272 1196 3253 3253 1273 1197 3254 3254 1275 1199 3255 3255 1273 1197 3256 3256 1276 1200 3257 3257 1277 1201 3258 3258 1274 1198 3259 3259 1272 1196 3260 3260 1272 1196 3261 3261 1275 1199 3262 3262 1277 1201 3263 3263 1270 1194 3264 3264 1274 1198 3265 3265 1278 1202 3266 3266 1278 1202 3267 3267 1274 1198 3268 3268 1277 1201 3269 3269 1279 1203 3270 3270 1270 1194 3271 3271 1278 1202 3272 3272 1279 1203 3273 3273 1280 1204 3274 3274 1270 1194 3275 3275 1281 1205 3276 3276 1275 1199 3277 3277 1276 1200 3278 3278 1275 1199 3279 3279 1282 1206 3280 3280 1277 1201 3281 3281 1275 1199 3282 3282 1281 1205 3283 3283 1282 1206 3284 3284 1283 1207 3285 3285 1278 1202 3286 3286 1277 1201 3287 3287 1277 1201 3288 3288 1282 1206 3289 3289 1283 1207 3290 3290 1281 1205 3291 3291 1276 1200 3292 3292 1284 1208 3293 3293 1276 1200 3294 3294 1285 1209 3295 3295 1284 1208 3296 3296 1285 1209 3297 3297 1286 1210 3298 3298 1284 1208 3299 3299 1286 1210 3300 3300 1287 1211 3301 3301 1284 1208 3302 3302 1284 1208 3303 3303 1287 1211 3304 3304 1288 1212 3305 3305 1281 1205 3306 3306 1284 1208 3307 3307 1288 1212 3308 3308 1287 1211 3309 3309 1289 1213 3310 3310 1288 1212 3311 3311 1281 1205 3312 3312 1290 1214 3313 3313 1282 1206 3314 3314 1290 1214 3315 3315 1281 1205 3316 3316 1288 1212 3317 3317 1288 1212 3318 3318 1289 1213 3319 3319 1291 1215 3320 3320 1290 1214 3321 3321 1288 1212 3322 3322 1291 1215 3323 3323 1289 1213 3324 3324 1292 1216 3325 3325 1291 1215 3326 3326 1282 1206 3327 3327 1293 1217 3328 3328 1283 1207 3329 3329 1282 1206 3330 3330 1290 1214 3331 3331 1293 1217 3332 3332 1283 1207 3333 3333 1294 1218 3334 3334 1278 1202 3335 3335 1294 1218 3336 3336 1283 1207 3337 3337 1293 1217 3338 3338 1294 1218 3339 3339 1295 1219 3340 3340 1278 1202 3341 3341 1279 1203 3342 3342 1278 1202 3343 3343 1295 1219 3344 3344 1296 1220 3345 3345 1279 1203 3346 3346 1295 1219 3347 3347 1296 1220 3348 3348 1297 1221 3349 3349 1279 1203 3350 3350 1298 1222 3351 3351 1294 1218 3352 3352 1293 1217 3353 3353 1299 1223 3354 3354 1298 1222 3355 3355 1293 1217 3356 3356 1290 1214 3357 3357 1300 1224 3358 3358 1293 1217 3359 3359 1300 1224 3360 3360 1299 1223 3361 3361 1293 1217 3362 3362 1300 1224 3363 3363 1290 1214 3364 3364 1291 1215 3365 3365 1299 1223 3366 3366 1300 1224 3367 3367 1301 1225 3368 3368 1300 1224 3369 3369 1291 1215 3370 3370 1301 1225 3371 3371 1291 1215 3372 3372 1292 1216 3373 3373 1301 1225 3374 3374 1292 1216 3375 3375 1302 1226 3376 3376 1301 1225 3377 3377</p>
        </triangles>
      </mesh>
    </geometry>
  </library_geometries>
  <library_controllers>
    <controller id="MonkeyRig_Monkey_FlatSkin_EngineerMonkey_DoubleGun-skin" name="MonkeyRig:Monkey">
      <skin source="#FlatSkin_EngineerMonkey_DoubleGun-mesh">
        <bind_shape_matrix>0.9900543 -2.65853e-8 -2.80571e-9 3.60785e-8 6.19906e-9 0.9900543 -3.55271e-15 -1.49012e-8 -3.00341e-9 -4.09804e-9 0.9248863 -2.23517e-8 0 0 0 1</bind_shape_matrix>
        <source id="MonkeyRig_Monkey_FlatSkin_EngineerMonkey_DoubleGun-skin-joints">
          <Name_array id="MonkeyRig_Monkey_FlatSkin_EngineerMonkey_DoubleGun-skin-joints-array" count="26">MonkeyRig_MonkeyJnt_Root MonkeyRig_MonkeyJnt_Spine01 MonkeyRig_MonkeyJnt_Spine02 MonkeyRig_MonkeyJnt_Head MonkeyRig_MonkeyJnt_Shoulder_L MonkeyRig_MonkeyJnt_Arm_L MonkeyRig_MonkeyJnt_Hand_L MonkeyRig_MonkeyJnt_Fingers_L MonkeyRig_Propjectile_L Propjectile_L MonkeyRig_MonkeyJnt_Shoulder_R MonkeyRig_MonkeyJnt_Arm_R MonkeyRig_MonkeyJnt_Hand_R MonkeyRig_MonkeyJnt_Fingers_R MonkeyRig_Propjectile_R Propjectile_R MonkeyRig_MonkeyJnt_Tail01 MonkeyRig_MonkeyJnt_Tail02 MonkeyRig_MonkeyJnt_Tail03 MonkeyRig_MonkeyJnt_Tail04 MonkeyRig_MonkeyJnt_Thigh_L MonkeyRig_MonkeyJnt_Calf_L MonkeyRig_MonkeyJnt_Foot_L MonkeyRig_MonkeyJnt_Thigh_R MonkeyRig_MonkeyJnt_Calf_R MonkeyRig_MonkeyJnt_Foot_R</Name_array>
          <technique_common>
            <accessor source="#MonkeyRig_Monkey_FlatSkin_EngineerMonkey_DoubleGun-skin-joints-array" count="26" stride="1">
              <param name="JOINT" type="name"/>
            </accessor>
          </technique_common>
        </source>
        <source id="MonkeyRig_Monkey_FlatSkin_EngineerMonkey_DoubleGun-skin-bind_poses">
          <float_array id="MonkeyRig_Monkey_FlatSkin_EngineerMonkey_DoubleGun-skin-bind_poses-array" count="416">0 0 1 -4.979732 -1 0 0 0.002924025 0 -1 0 0 0 0 0 1 0.01204729 0 0.9999275 -7.014376 -0.9999275 0 0.01204729 -0.08182883 0 -1 0 0 0 0 0 1 -0.02940237 -1.94709e-7 0.9996727 -9.843739 0.9995682 0 0.02939492 -0.3272065 0 1 1.94642e-7 -1.48621e-6 0 0 0 1 0 -1.31155e-7 1.000105 -11.58788 1 0 -1.05511e-5 -0.002559065 0 1 1.31127e-7 -1.01286e-6 0 0 0 1 0.9997425 0 -0.0227214 -1.671396 0.02270871 0 0.9998463 -9.998442 0 -1 0 0.005975663 0 0 0 1 0.9987218 0 -0.05056822 -3.912918 0.0505526 0 0.9988252 -10.09987 0 -1 0 -0.002105712 0 0 0 1 0.9995679 0 0.02939903 -7.334949 -0.0294063 0 0.9996722 -9.773264 0 -1 0 -0.002105712 0 0 0 1 0.998619 0 -0.05255889 -8.928763 0.0525431 0 0.9987226 -10.68025 0 -1 0 -0.002105712 0 0 0 1 0 -1 0 1.575635 1 0 -1.03555e-5 0.2261894 0 0 1.000104 -2.368727 0 0 0 1 0 -1 0 -3.164365 1 0 -1.03481e-5 0.2261912 0 0 1.000104 -2.368727 0 0 0 1 0.9997425 0 -0.02272152 2.04847 0.02270853 0 0.9998468 -9.91675 0 -1 0 0 0 0 0 1 0.9987219 0 -0.05056816 4.838975 0.05055224 0 0.9988259 -9.658307 0 -1 0 0 0 0 0 1 0.9995679 0 0.02939903 6.768042 -0.0294066 0 0.9996729 -10.18957 0 -1 0 0 0 0 0 1 0.9986191 0 -0.05255883 9.997134 0.05254268 0 0.9987232 -9.685876 0 -1 0 0 0 0 0 1 0 0 1.000105 -2.345176 -1 0 1.06704e-5 0.2331956 0 -1 0 2.278723 0 0 0 1 0 0 1.000105 -2.358353 -1 0 1.07077e-5 0.2308414 0 -1 0 -2.436963 0 0 0 1 0 0.937011 -0.3492999 0.4475184 0 0.3492999 0.9370111 -6.29159 1 0 0 -7.30964e-4 0 0 0 1 -0.174583 0.940819 -0.2904832 -5.86469 0 0.2950139 0.955493 -6.096048 0.9846425 0.1668129 -0.05150437 -0.7655401 0 0 0 1 -0.1745764 0.9381963 -0.2988494 -9.203454 -0.001530468 0.3032513 0.9529095 -6.540843 0.9846425 0.1668129 -0.05150455 -3.787656 0 0 0 1 0.9846426 0.1668129 -0.05150425 -6.860395 0.05150443 0.004328787 0.9986639 -3.469996 0.1668129 -0.9859792 -0.004329264 7.547952 0 0 0 1 -6.1578e-5 -0.1710677 -0.9852592 4.894102 1.99079e-5 -0.9852594 0.1710677 -0.8355094 -1 -9.04264e-6 6.40435e-5 1.680769 0 0 0 1 -6.44321e-5 0.2088392 -0.9779511 3.003826 4.50591e-6 0.9779504 0.2088385 -0.3072667 1 9.01156e-6 -6.39198e-5 -1.680769 0 0 0 1 -3.85196e-6 -0.9333419 -0.3589895 0.4647588 0.3589788 -0.3350633 0.8711311 -1.510645 -0.9333459 -0.1288662 0.3350512 1.219862 0 0 0 1 -1.6393e-4 -0.1710584 -0.9852609 4.89373 -5.22356e-4 -0.9852606 0.1710583 -0.8363039 -0.9999998 5.42535e-4 7.2195e-5 -1.675605 0 0 0 1 4.25536e-5 0.2088292 -0.9779508 3.003778 5.45813e-4 0.9779516 0.2088302 -0.3063361 0.9999999 -5.42502e-4 -7.24008e-5 1.675605 0 0 0 1 0 -0.933345 -0.3589801 0.4647397 0.3589801 -0.3350517 0.871132 -0.3057897 -0.9333451 -0.1288665 0.335052 -1.912747 0 0 0 1</float_array>
          <technique_common>
            <accessor source="#MonkeyRig_Monkey_FlatSkin_EngineerMonkey_DoubleGun-skin-bind_poses-array" count="26" stride="16">
              <param name="TRANSFORM" type="float4x4"/>
            </accessor>
          </technique_common>
        </source>
        <source id="MonkeyRig_Monkey_FlatSkin_EngineerMonkey_DoubleGun-skin-weights">
          <float_array id="MonkeyRig_Monkey_FlatSkin_EngineerMonkey_DoubleGun-skin-weights-array" count="2378">0.2965411 0.6145989 0.08309483 0.005765199 0.4656116 0.04064714 0.4656116 0.02812969 0.2445448 0.001129686 0.7346486 0.01967674 0.4938723 0.2140895 0.1456189 0.1464192 0.4406582 0.4369968 0.06105786 0.06128716 0.3121027 0.3091754 0.06661909 0.3121027 0.2905778 0.005579769 0.6215075 0.08233493 0.02583044 0.1418164 0.4630458 0.3693073 0.4656295 0.04053628 0.4656295 0.02820473 0.2462286 0.001145899 0.7326156 0.02000987 0.3127393 0.3075832 0.06693834 0.3127393 0.02556473 0.1262514 0.4571088 0.3910749 0.05227959 0.5829121 0.3130313 0.051777 0.01817262 0.4971185 0.480526 0.004182815 0.01503145 0.4910688 0.4895201 0.004379451 0.3800473 0.383923 0.1129322 0.1230977 0.3121027 0.3091754 0.06661909 0.3121027 0.02583044 0.1418164 0.4630458 0.3693073 0.04343444 0.2127487 0.4206336 0.3231834 0.3604209 0.2170464 0.06211173 0.3604209 0.4656116 0.04064714 0.4656116 0.02812969 0.4876598 0.01418346 0.4876598 0.01049679 0.3012129 0.689753 0.009034037 0.2445448 0.001129686 0.7346486 0.01967674 0.3542217 0.5928676 0.04900246 0.003908157 0.4353593 0.09433001 0.4265564 0.04375439 0.3601713 0.3530821 0.05775845 0.2289881 0.4352993 0.09391319 0.4270244 0.04376292 0.3210351 0.003338456 0.6292951 0.0463314 0.2965411 0.6145989 0.08309483 0.005765199 0.2905778 0.005579769 0.6215075 0.08233493 0.3596419 0.3526042 0.05754095 0.2302129 0.04388827 0.1958419 0.4180727 0.3421971 0.02818316 0.4829691 0.4805597 0.008288025 0.0323221 0.4871454 0.4729172 0.007615149 0.3922873 0.3969557 0.1007447 0.1100122 0.01817262 0.4971185 0.480526 0.004182815 0.3800473 0.383923 0.1129322 0.1230977 0.3127393 0.3075832 0.06693834 0.3127393 0.04388827 0.1958419 0.4180727 0.3421971 0.02556473 0.1262514 0.4571088 0.3910749 0.360843 0.2160334 0.06228059 0.360843 0.3596419 0.3526042 0.05754095 0.2302129 0.4352993 0.09391319 0.4270244 0.04376292 0.4656295 0.04053628 0.4656295 0.02820473 0.4875681 0.01425766 0.4875681 0.01060611 0.3210351 0.003338456 0.6292951 0.0463314 0.3081787 0.682035 0.009786307 0.2462286 0.001145899 0.7326156 0.02000987 0.01503145 0.4910688 0.4895201 0.004379451 0.02818316 0.4829691 0.4805597 0.008288025 0.3922873 0.3969557 0.1007447 0.1100122 0.3800473 0.383923 0.1129322 0.1230977 0.006079733 0.0532214 0.4263899 0.5143089 0.006471276 0.0514487 0.4093269 0.5327532 0.01713532 0.3788074 0.5327338 0.07132357 0.02128851 0.4791859 0.4791941 0.02033144 0.05863183 0.539391 0.3897687 0.01220828 0.02583044 0.1418164 0.4630458 0.3693073 0.04343444 0.2127487 0.4206336 0.3231834 0.01817262 0.4971185 0.480526 0.004182815 0.01245838 0.4922802 0.4861265 0.009134948 0.008216977 0.4857714 0.5060116 0.0323221 0.4871454 0.4729172 0.007615149 0.010589 0.3621645 0.5825083 0.04473811 0.002269089 0.01961696 0.4617583 0.5163557 0.0349099 0.6429697 0.3169515 0.005168914 0.04343444 0.2127487 0.4206336 0.3231834 0.05863183 0.539391 0.3897687 0.01220828 0.01713532 0.3788074 0.5327338 0.07132357 0.006471276 0.0514487 0.4093269 0.5327532 0.008978426 0.02318841 0.07385188 0.8939812 0.02494376 0.02189594 0.04842776 0.9047325 0.02085757 0.08034723 0.0497899 0.8490052 0.06678014 0.06678014 0.4332199 0.4332199 0.01111191 0.02321505 0.4828365 0.4828365 0.0502873 0.8456459 0.0213223 0.08274447 0.02182888 0.04829359 0.9047676 0.02510976 0.02272856 0.07262593 0.8957986 0.008846879 0.4313277 0.4313277 0.06867235 0.06867235 0.02309226 0.4828779 0.4828779 0.01115173 0.005827963 0.04967409 0.428605 0.5158929 0.01635372 0.3623293 0.5494448 0.07187205 0.006154835 0.04793202 0.4109619 0.5349513 0.01982855 0.4783285 0.4816662 0.02017676 0.05128979 0.526256 0.4108017 0.01165252 0.02556473 0.1262514 0.4571088 0.3910749 0.04388827 0.1958419 0.4180727 0.3421971 0.01503145 0.4910688 0.4895201 0.004379451 0.01128089 0.489523 0.4902925 0.008903563 0.007511913 0.4885988 0.5038892 0.02818316 0.4829691 0.4805597 0.008288025 0.009998142 0.3396784 0.6055887 0.04473471 0.002134203 0.01797515 0.465471 0.5144197 0.02954888 0.617662 0.3479266 0.004862427 0.04388827 0.1958419 0.4180727 0.3421971 0.05128979 0.526256 0.4108017 0.01165252 0.01635372 0.3623293 0.5494448 0.07187205 0.006154835 0.04793202 0.4109619 0.5349513 0.003533959 0.01917046 0.4006614 0.5766341 0.001918435 0.009957909 0.5715364 0.4165872 0.03715908 0.03715908 0.4628409 0.4628409 0.661332 0.3386679 0.05558949 0.02496033 0.04941469 0.8700354 0.006995022 0.3294062 0.6635988 0.007496178 0.03372251 0.07746738 0.8813139 0.00586766 0.01775497 0.4881887 0.4881887 0.01111191 0.02321505 0.4828365 0.4828365 0.06678014 0.06678014 0.4332199 0.4332199 0.008978426 0.02318841 0.07385188 0.8939812 0.02085757 0.08034723 0.0497899 0.8490052 0.02494376 0.02189594 0.04842776 0.9047325 0.02039635 0.02447372 0.04594069 0.9091892 0.01984149 0.402131 0.5742777 0.003749847 0.4614765 0.4614765 0.03852349 0.03852349 0.0104714 0.5689397 0.4185205 0.00206834 0.02531576 0.05004554 0.8671784 0.05746024 0.006805121 0.3272118 0.6659831 0.6669144 0.3330857 0.03304934 0.07613366 0.8834398 0.007377207 0.01762306 0.4882495 0.4882495 0.005877912 0.02309226 0.4828779 0.4828779 0.01115173 0.4313277 0.4313277 0.06867235 0.06867235 0.02272856 0.07262593 0.8957986 0.008846879 0.0502873 0.8456459 0.0213223 0.08274447 0.02182888 0.04829359 0.9047676 0.02510976 0.02440398 0.04576486 0.9088821 0.02094906 0.00160402 0.2257977 0.7569004 0.01569795 0.003533959 0.01917046 0.4006614 0.5766341 0.006995022 0.3294062 0.6635988 0.661332 0.3386679 0.003766775 0.2765149 0.6852666 0.03445172 0.001918435 0.009957909 0.5715364 0.4165872 0.005773484 0.3732873 0.6054807 0.01545846 0.01331651 0.516932 0.4648488 0.00490278 0.3210351 0.003338456 0.6292951 0.0463314 0.2905778 0.005579769 0.6215075 0.08233493 0.2462286 0.001145899 0.7326156 0.02000987 0.00507915 0.5786781 0.414524 0.001718759 0.3081787 0.682035 0.009786307 0.002766847 0.3449255 0.6444576 0.007849991 0.001918435 0.009957909 0.5715364 0.4165872 0.3210351 0.003338456 0.6292951 0.0463314 0.005773484 0.3732873 0.6054807 0.01545846 0.00155729 0.2231079 0.7600428 0.01529198 0.006805121 0.3272118 0.6659831 0.01984149 0.402131 0.5742777 0.003749847 0.6669144 0.3330857 0.003912627 0.2793199 0.6813305 0.03543692 0.0104714 0.5689397 0.4185205 0.00206834 0.006038129 0.3754069 0.6025137 0.01604127 0.01391428 0.5158995 0.4650857 0.005100488 0.3542217 0.5928676 0.04900246 0.003908157 0.2965411 0.6145989 0.08309483 0.005765199 0.2445448 0.001129686 0.7346486 0.01967674 0.00489217 0.5805544 0.4129011 0.001652359 0.3012129 0.689753 0.009034037 0.002667129 0.3423635 0.6473883 0.007581055 0.0104714 0.5689397 0.4185205 0.00206834 0.3542217 0.5928676 0.04900246 0.003908157 0.006038129 0.3754069 0.6025137 0.01604127 0.5 0.5 0.5 0.5 0.5 0.5 0.5 0.5 0.5721907 0.4278094 0.5 0.5 0.5 0.5 0.5 0.5 0.5 0.5 0.5 0.5 0.5 0.5 0.5 0.5 0.5 0.5 0.5 0.5 0.5 0.5 0.5 0.5 0.5 0.5 0.5 0.5 0.509117 0.4908831 0.5 0.5 0.5 0.5 0.5 0.5 0.5 0.5 0.5 0.5 0.5731318 0.4268682 0.5 0.5 0.5 0.5 0.5 0.5 0.5 0.5 0.5 0.5 0.5 0.5 0.5 0.5 0.5 0.5 0.5 0.5 0.5 0.5 0.5 0.5 0.5 0.5 0.5092422 0.4907578 0.5 0.5 0.5 0.5 0.5 0.5 0.5 0.5 0.5 0.5 0.509117 0.4908831 0.5 0.5 0.5195899 0.4804102 0.5 0.5 0.5 0.5 0.6495967 0.3504033 0.5010904 0.4989096 0.5015564 0.4984437 0.6714708 0.3285292 0.6495967 0.3504033 0.5015564 0.4984437 0.5010904 0.4989096 0.509117 0.4908831 0.5 0.5 0.5 0.5 0.5 0.5 0.5 0.5 0.5 0.5 0.8819867 0.1180133 0.5028994 0.4971006 0.509117 0.4908831 0.8768199 0.1231802 0.5028994 0.4971006 0.8819867 0.1180133 0.943033 0.05696702 0.5 0.5 0.8768199 0.1231802 0.509117 0.4908831 0.5 0.5 0.5195899 0.4804102 0.6495967 0.3504033 0.8713855 0.1286145 0.6714708 0.3285292 0.943033 0.05696702 0.8713855 0.1286145 0.6495967 0.3504033 0.943033 0.05696702 0.5 0.5 0.5 0.5 0.5721907 0.4278094 0.6714708 0.3285292 0.5 0.5 0.5 0.5 0.5 0.5 0.5 0.5 0.5 0.5 0.5 0.5 0.8768199 0.1231802 0.8713855 0.1286145 0.8964563 0.1035436 0.9101772 0.08982282 0.8819867 0.1180133 0.9184683 0.0815317 0.9475968 0.05240321 0.943033 0.05696702 0.8713855 0.1286145 0.943033 0.05696702 0.9475968 0.05240321 0.8964563 0.1035436 0.5 0.5 0.5 0.5 0.5 0.5 0.5 0.5 0.5 0.5 0.5 0.5 0.5 0.5 0.5 0.5 0.5 0.5 0.5 0.5 0.5 0.5 0.5 0.5 0.5 0.5 0.5 0.5 0.5 0.5 0.5 0.5 0.5 0.5 0.5 0.5 0.5 0.5 0.5721907 0.4278094 0.6714708 0.3285292 0.5010904 0.4989096 0.5 0.5 0.5 0.5 0.5 0.5 0.5 0.5 0.5 0.5 0.5 0.5 0.5028994 0.4971006 0.5 0.5 0.509117 0.4908831 0.5 0.5 0.5 0.5 0.5 0.5 0.5 0.5 0.5 0.5 0.5092422 0.4907578 0.5 0.5 0.5197509 0.4802491 0.5 0.5 0.5 0.5 0.6499841 0.3500159 0.5011262 0.4988737 0.5015844 0.4984156 0.6723311 0.3276689 0.5011262 0.4988737 0.5015844 0.4984156 0.6499841 0.3500159 0.5092422 0.4907578 0.5 0.5 0.5 0.5 0.5 0.5 0.5 0.5 0.5 0.5 0.8821788 0.1178212 0.8774103 0.1225897 0.5092422 0.4907578 0.5030398 0.4969602 0.5030398 0.4969602 0.5 0.5 0.9435269 0.05647319 0.8821788 0.1178212 0.8774103 0.1225897 0.5 0.5 0.5092422 0.4907578 0.5197509 0.4802491 0.6499841 0.3500159 0.8722326 0.1277674 0.6723311 0.3276689 0.6499841 0.3500159 0.8722326 0.1277674 0.9435269 0.05647319 0.9435269 0.05647319 0.5 0.5 0.5 0.5 0.5731318 0.4268682 0.6723311 0.3276689 0.5 0.5 0.5 0.5 0.5 0.5 0.5 0.5 0.5 0.5 0.5 0.5 0.8774103 0.1225897 0.8981137 0.1018862 0.8722326 0.1277674 0.9116021 0.08839786 0.8821788 0.1178212 0.9196195 0.08038049 0.9489023 0.05109781 0.9435269 0.05647319 0.8722326 0.1277674 0.8981137 0.1018862 0.9489023 0.05109781 0.9435269 0.05647319 0.5 0.5 0.5 0.5 0.5 0.5 0.5 0.5 0.5 0.5 0.5 0.5 0.5 0.5 0.5 0.5 0.5 0.5 0.5 0.5 0.5 0.5 0.5 0.5 0.5 0.5 0.5 0.5 0.5 0.5 0.5 0.5 0.5 0.5 0.5 0.5 0.5 0.5 0.5731318 0.4268682 0.5 0.5 0.5011262 0.4988737 0.6723311 0.3276689 0.5 0.5 0.5 0.5 0.5 0.5 0.5 0.5 0.5 0.5 0.5030398 0.4969602 0.5 0.5 0.5092422 0.4907578 0.9911238 0.008876144 0.9803549 0.01964509 0.9891961 0.01080387 0.9931871 0.00681287 0.998239 0.0017609 0.9963874 0.003612577 0.9964894 0.003510653 0.9891961 0.01080387 0.9919933 0.008006691 0.9931871 0.00681287 0.998239 0.0017609 0.9780288 0.02197116 0.9803549 0.01964509 0.9911238 0.008876144 0.9939966 0.006003439 0.9963874 0.003612577 1 0.988806 0.01119393 0.9833891 0.0166108 1 0.9910893 0.008910655 1 1 0.9877294 0.01227056 1 0.9833891 0.0166108 0.9877294 0.01227056 1 1 0.9910893 0.008910655 0.988806 0.01119393 1 1 1 1 1 1 1 1 1 1 1 1 1 1 1 1 1 1 1 1 1 1 1 1 1 1 1 1 1 1 1 1 1 1 1 1 1 1 1 1 1 1 1 1 1 0.7964633 0.2035366 0.9801834 0.01981651 0.9423651 0.05763494 0.8949818 0.1050183 0.7232001 0.2767999 0.8319484 0.1680516 0.7089423 0.2910577 0.8319484 0.1680516 0.8177072 0.1822928 0.7553296 0.2446705 0.8606245 0.1393755 0.8177072 0.1822928 0.7089423 0.2910577 0.8720489 0.127951 0.9461238 0.05387616 0.8606245 0.1393755 0.7553296 0.2446705 0.5480085 0.4519916 0.5499384 0.4500616 0.5324929 0.4675071 0.5264393 0.4735608 0.5414623 0.4585377 0.5222518 0.4777482 0.5103906 0.4896093 0.5133844 0.4866157 0.508477 0.4915229 0.507717 0.492283 0.9777972 0.02220284 0.961629 0.03837102 0.9576048 0.04239511 0.9693042 0.03069585 0.993942 0.006057977 0.988317 0.01168298 0.9904127 0.009587287 0.9946938 0.005306124 0.9948464 0.005153656 0.9922839 0.007716119 0.9556937 0.04430633 0.9854339 0.014566 0.9864209 0.01357907 0.958392 0.04160803 0.9213974 0.07860261 0.9711427 0.02885729 0.9597491 0.04025089 0.8975086 0.1024914 0.9854339 0.014566 0.9556937 0.04430633 0.9423651 0.05763494 0.9801834 0.01981651 0.9461238 0.05387616 0.8720489 0.127951 0.8975086 0.1024914 0.9597491 0.04025089 0.52973 0.47027 0.5135871 0.4864129 0.5116547 0.4883453 0.5791993 0.4208007 0.5131817 0.4868183 0.8345107 0.1654893 0.5672667 0.4327333 0.8345107 0.1654893 0.5131817 0.4868183 0.5182628 0.4817372 0.7103421 0.289658 0.5264393 0.4735608 0.5324929 0.4675071 0.7429769 0.2570232 0.5499384 0.4500616 0.8148121 0.1851878 0.5480085 0.4519916 0.8082118 0.1917881 0.6836979 0.3163021 0.5264393 0.4735608 0.7103421 0.289658 0.5222518 0.4777482 0.5976215 0.4023784 0.5103906 0.4896093 0.5745028 0.4254972 0.507717 0.492283 0.5812129 0.4187871 0.508477 0.4915229 0.6219304 0.3780696 0.5133844 0.4866157 0.7816506 0.2183494 0.5414623 0.4585377 0.8082118 0.1917881 0.5480085 0.4519916 0.8949818 0.1050183 0.993942 0.006057977 0.9801834 0.01981651 0.9777972 0.02220284 0.8319484 0.1680516 0.961629 0.03837102 0.8177072 0.1822928 0.9576048 0.04239511 0.8606245 0.1393755 0.9693042 0.03069585 0.9461238 0.05387616 0.988317 0.01168298 0.9904127 0.009587287 0.988317 0.01168298 0.9461238 0.05387616 0.9597491 0.04025089 0.9711427 0.02885729 0.9904127 0.009587287 0.9597491 0.04025089 0.9922839 0.007716119 0.9864209 0.01357907 0.9948464 0.005153656 0.9854339 0.014566 0.9946938 0.005306124 0.993942 0.006057977 0.9946938 0.005306124 0.9854339 0.014566 0.9801834 0.01981651 0.9803549 0.01964509 0.9780288 0.02197116 0.9919933 0.008006691 0.9891961 0.01080387 0.9556937 0.04430633 0.8082118 0.1917881 0.7816506 0.2183494 0.9423651 0.05763494 0.6219304 0.3780696 0.7964633 0.2035366 0.5812129 0.4187871 0.7232001 0.2767999 0.5745028 0.4254972 0.7089423 0.2910577 0.5976215 0.4023784 0.7553296 0.2446705 0.6836979 0.3163021 0.8720489 0.127951 0.7103421 0.289658 0.8975086 0.1024914 0.8975086 0.1024914 0.7103421 0.289658 0.7429769 0.2570232 0.9213974 0.07860261 0.8148121 0.1851878 0.958392 0.04160803 0.8082118 0.1917881 0.9556937 0.04430633 0.9965746 0.0034253 0.9727042 0.0272957 0.9532702 0.04672974 0.9944761 0.00552392 0.998373 0.001626908 1 0.9956361 0.004363954 0.9532702 0.04672974 0.9458786 0.05412137 0.9944761 0.00552392 0.998373 0.001626908 0.9781731 0.02182686 0.9727042 0.0272957 0.9965746 0.0034253 0.9982992 0.001700758 1 1 0.9712966 0.02870345 0.9806442 0.01935571 1 0.9869323 0.01306766 1 1 0.9914354 0.008564591 1 0.9806442 0.01935571 0.9914354 0.008564591 1 1 0.9869323 0.01306766 0.9712966 0.02870345 1 1 1 1 1 1 1 1 1 1 1 1 1 1 1 1 1 1 1 1 1 1 1 1 1 1 1 1 1 1 1 1 1 1 1 1 1 1 1 1 1 1 1 1 1 0.7040448 0.2959552 0.8216441 0.1783559 0.8216441 0.1783559 0.7040448 0.2959552 0.665618 0.334382 0.665618 0.334382 0.6783084 0.3216916 0.665618 0.334382 0.6783084 0.3216916 0.7448356 0.2551645 0.7448356 0.2551645 0.6783084 0.3216916 0.6783084 0.3216916 0.9114577 0.08854228 0.9114577 0.08854228 0.7448356 0.2551645 0.7448356 0.2551645 0.5 0.5 0.5 0.5 0.5 0.5 0.5 0.5 0.5 0.5 0.5 0.5 0.5 0.5 0.5 0.5 0.5 0.5 0.5 0.5 0.9675108 0.03248918 0.9531568 0.04684311 0.9584525 0.04154747 0.9785495 0.02145051 0.9904534 0.009546577 0.996753 0.003246963 0.997336 0.002663969 0.9926822 0.007317721 0.9947019 0.005298018 0.9973978 0.002602159 0.8498409 0.1501591 0.9458786 0.05412137 0.9458786 0.05412137 0.8787356 0.1212644 0.930455 0.06954491 0.9781731 0.02182686 0.9781731 0.02182686 0.9280399 0.07196003 0.9458786 0.05412137 0.8498409 0.1501591 0.8216441 0.1783559 0.8216441 0.1783559 0.9114577 0.08854228 0.9114577 0.08854228 0.9280399 0.07196003 0.9781731 0.02182686 0.5 0.5 0.5 0.5 0.5 0.5 0.5 0.5 0.5 0.5 0.5 0.5 0.5 0.5 0.5 0.5 0.5 0.5 0.5 0.5 0.5 0.5 0.5 0.5 0.5 0.5 0.5 0.5 0.5 0.5 0.5 0.5 0.5 0.5 0.5 0.5 0.5 0.5 0.5 0.5 0.5 0.5 0.5 0.5 0.5 0.5 0.5 0.5 0.5 0.5 0.5 0.5 0.5 0.5 0.5 0.5 0.5 0.5 0.5 0.5 0.5 0.5 0.5 0.5 0.5 0.5 0.5 0.5 0.7040448 0.2959552 0.9904534 0.009546577 0.8216441 0.1783559 0.9675108 0.03248918 0.665618 0.334382 0.9531568 0.04684311 0.6783084 0.3216916 0.9584525 0.04154747 0.7448356 0.2551645 0.9785495 0.02145051 0.9114577 0.08854228 0.996753 0.003246963 0.997336 0.002663969 0.996753 0.003246963 0.9114577 0.08854228 0.9781731 0.02182686 0.9781731 0.02182686 0.997336 0.002663969 0.9781731 0.02182686 0.9973978 0.002602159 0.9458786 0.05412137 0.9947019 0.005298018 0.9458786 0.05412137 0.9926822 0.007317721 0.9904534 0.009546577 0.9926822 0.007317721 0.9458786 0.05412137 0.8216441 0.1783559 0.9727042 0.0272957 0.9781731 0.02182686 0.9458786 0.05412137 0.9532702 0.04672974 0.8498409 0.1501591 0.5 0.5 0.5 0.5 0.8216441 0.1783559 0.5 0.5 0.7040448 0.2959552 0.5 0.5 0.665618 0.334382 0.5 0.5 0.6783084 0.3216916 0.5 0.5 0.7448356 0.2551645 0.5 0.5 0.9114577 0.08854228 0.5 0.5 0.9280399 0.07196003 0.9280399 0.07196003 0.5 0.5 0.5 0.5 0.930455 0.06954491 0.5 0.5 0.8787356 0.1212644 0.5 0.5 0.8498409 0.1501591 1 1 1 1 1 1 1 1 1 1 1 1 1 1 1 1 1 1 1 1 1 1 1 1 1 1 1 1 1 1 1 1 1 1 1 1 1 1 1 1 1 1 1 1 1 1 1 1 1 1 1 1 1 1 1 1 1 1 1 1 1 1 1 1 1 1 1 1 1 1 1 1 1 1 1 1 1 1 1 1 1 1 1 1 1 1 1 1 1 1 1 1 1 1 1 1 1 1 1 1 1 1 1 1 1 1 1 1 1 1 1 1 1 1 1 1 1 1 1 1 1 1 1 1 1 1 1 1 1 1 1 1 1 1 1 1 1 1 1 1 1 1 1 1 1 1 1 1 1 1 1 1 1 1 1 1 1 1 1 1 1 1 1 1 1 1 1 1 1 1 1 1 1 1 1 1 1 1 1 1 1 1 1 1 1 1 1 1 1 1 1 1 1 1 1 1 1 1 1 1 1 1 1 1 1 1 1 1 1 1 1 1 1 1 1 1 1 1 1 1 1 1 1 1 1 1 1 1 1 1 1 1 1 1 1 1 1 1 1 1 1 1 1 1 1 1 1 1 1 1 1 1 1 1 1 1 1 1 1 1 1 1 1 1 1 1 1 1 1 1 1 1 1 1 1 1 1 1 1 1 1 1 1 1 1 1 1 1 1 1 1 1 1 1 1 1 1 1 1 1 1 1 1 1 1 1 1 1 1 1 1 1 1 1 1 1 1 1 1 1 1 1 1 1 1 1 1 1 1 1 1 1 1 1 1 1 1 1 1 1 1 1 1 1 1 1 1 1 1 1 1 1 1 1 1 1 1 1 1 1 1 1 1 1 1 1 1 1 1 1 1 1 1 1 1 1 1 1 1 1 1 1 1 1 1 1 1 1 1 1 1 1 1 1 1 1 1 1 1 1 1 1 1 1 1 1 1 1 1 1 1 1 1 1 1 1 1 1 1 1 1 1 1 1 1 1 1 1 1 1 1 1 1 1 1 1 1 0.5 0.5 0.001093626 0.009553372 0.6304368 0.3589163 0.00190711 0.9559823 0.0421105 0.002710998 0.2955709 0.6806272 0.02109086 0.01018273 0.9898173 0.6934995 0.3065004 0.006117284 0.6543112 0.3395715 0.5 0.5 0.5 0.5 1 0.004155814 0.3053513 0.658434 0.03205883 0.02395284 0.8960368 0.07835513 0.00165522 0.6678671 0.3321329 0.5 0.5 0.03483134 0.9619187 0.003249824 0.9935861 0.006413936 0.5 0.5 0.5001387 0.4998614 0.05126672 0.8435571 0.1022571 0.002919018 0.001456856 0.7663744 0.2311481 0.00102061 0.9950796 0.004920423 0.9986345 0.001365542 1 1 0.9959437 0.004056274 0.9986161 0.0013839 0.5343158 0.4656842 1 0.9988792 0.001120865 0.005631446 0.9882342 0.006134331 0.6934995 0.3065004 0.01018273 0.9898173 0.00190711 0.9559823 0.0421105 0.5 0.5 1 0.6678671 0.3321329 0.723904 0.2760961 0.9986345 0.001365542 1</float_array>
          <technique_common>
            <accessor source="#MonkeyRig_Monkey_FlatSkin_EngineerMonkey_DoubleGun-skin-weights-array" count="2378" stride="1">
              <param name="WEIGHT" type="float"/>
            </accessor>
          </technique_common>
        </source>
        <joints>
          <input semantic="JOINT" source="#MonkeyRig_Monkey_FlatSkin_EngineerMonkey_DoubleGun-skin-joints"/>
          <input semantic="INV_BIND_MATRIX" source="#MonkeyRig_Monkey_FlatSkin_EngineerMonkey_DoubleGun-skin-bind_poses"/>
        </joints>
        <vertex_weights count="1303">
          <input semantic="JOINT" source="#MonkeyRig_Monkey_FlatSkin_EngineerMonkey_DoubleGun-skin-joints" offset="0"/>
          <input semantic="WEIGHT" source="#MonkeyRig_Monkey_FlatSkin_EngineerMonkey_DoubleGun-skin-weights" offset="1"/>
          <vcount>4 4 4 4 4 4 4 4 4 4 4 4 4 4 4 4 4 4 4 4 4 4 3 4 4 4 4 4 4 4 4 4 4 4 4 4 4 4 4 4 4 4 4 4 4 4 4 3 4 4 4 4 4 4 4 4 4 4 4 4 4 4 3 4 4 4 4 4 4 4 4 4 4 4 4 4 4 4 4 4 4 4 4 4 4 4 4 4 4 4 3 4 4 4 4 4 4 4 4 4 4 4 2 4 3 4 4 4 4 4 4 4 4 4 4 4 4 3 2 4 4 4 4 4 4 4 4 4 4 3 2 4 4 4 4 4 4 4 4 3 4 4 4 4 4 3 4 2 4 4 4 4 4 4 4 4 3 4 4 4 4 2 2 2 2 2 2 2 2 2 2 2 2 2 2 2 2 2 2 2 2 2 2 2 2 2 2 2 2 2 2 2 2 2 2 2 2 2 2 2 2 2 2 2 2 2 2 2 2 2 2 2 2 2 2 2 2 2 2 2 2 2 2 2 2 2 2 2 2 2 2 2 2 2 2 2 2 2 2 2 2 2 2 2 2 2 2 2 2 2 2 2 2 2 2 2 2 2 2 2 2 2 2 2 2 2 2 2 2 2 2 2 2 2 2 2 2 2 2 2 2 2 2 2 2 2 2 2 2 2 2 2 2 2 2 2 2 2 2 2 2 2 2 2 2 2 2 2 2 2 2 2 2 2 2 2 2 2 2 2 2 2 2 2 2 2 2 2 2 2 2 2 2 2 2 2 2 2 2 2 2 2 2 2 2 2 2 2 2 2 2 2 2 2 2 2 2 2 2 2 2 2 2 2 2 2 2 2 2 2 2 2 2 2 2 2 2 2 2 2 2 2 2 2 2 2 2 2 2 2 2 2 2 2 2 2 2 2 2 2 2 2 2 2 2 1 2 2 1 2 1 1 2 1 2 2 1 1 2 2 1 1 1 1 1 1 1 1 1 1 1 1 1 1 1 1 1 1 1 1 1 1 1 1 1 1 1 1 1 1 1 1 1 1 1 1 1 1 1 1 1 1 1 1 1 2 2 2 2 2 2 2 2 2 2 2 2 2 2 2 2 2 2 2 2 2 2 2 2 2 2 2 2 2 2 2 2 2 2 2 2 2 2 2 2 2 2 2 2 2 2 2 2 2 2 2 2 2 2 2 2 2 2 2 2 2 2 2 2 2 2 2 2 2 2 2 2 2 2 2 2 2 2 2 2 2 2 2 2 2 2 2 2 2 2 2 2 2 2 2 2 2 2 2 2 2 2 2 2 2 2 2 2 2 2 2 2 2 2 2 2 2 2 2 2 2 2 2 2 2 2 2 2 2 2 2 2 2 2 2 2 2 2 2 2 2 2 2 2 2 2 2 2 1 2 2 2 2 2 2 2 2 2 1 1 2 2 1 2 1 1 2 1 2 2 1 1 2 2 1 1 1 1 1 1 1 1 1 1 1 1 1 1 1 1 1 1 1 1 1 1 1 1 1 1 1 1 1 1 1 1 1 1 1 1 1 1 1 1 1 1 1 1 1 2 2 2 2 2 2 2 2 2 2 2 2 2 2 2 2 2 2 2 2 2 2 2 2 2 2 2 2 2 2 2 2 2 2 2 2 2 2 2 2 2 2 2 2 2 2 2 2 2 2 2 2 2 2 2 2 2 2 2 2 2 2 2 2 2 2 2 2 2 2 2 2 2 2 2 2 2 2 2 2 2 2 2 2 2 2 2 2 2 2 2 2 2 2 2 2 2 2 2 2 2 2 2 2 2 2 2 2 2 2 2 2 2 2 2 2 2 2 2 2 2 2 2 2 2 2 2 2 2 2 2 2 2 2 2 2 2 2 2 2 2 2 2 1 1 1 1 1 1 1 1 1 1 1 1 1 1 1 1 1 1 1 1 1 1 1 1 1 1 1 1 1 1 1 1 1 1 1 1 1 1 1 1 1 1 1 1 1 1 1 1 1 1 1 1 1 1 1 1 1 1 1 1 1 1 1 1 1 1 1 1 1 1 1 1 1 1 1 1 1 1 1 1 1 1 1 1 1 1 1 1 1 1 1 1 1 1 1 1 1 1 1 1 1 1 1 1 1 1 1 1 1 1 1 1 1 1 1 1 1 1 1 1 1 1 1 1 1 1 1 1 1 1 1 1 1 1 1 1 1 1 1 1 1 1 1 1 1 1 1 1 1 1 1 1 1 1 1 1 1 1 1 1 1 1 1 1 1 1 1 1 1 1 1 1 1 1 1 1 1 1 1 1 1 1 1 1 1 1 1 1 1 1 1 1 1 1 1 1 1 1 1 1 1 1 1 1 1 1 1 1 1 1 1 1 1 1 1 1 1 1 1 1 1 1 1 1 1 1 1 1 1 1 1 1 1 1 1 1 1 1 1 1 1 1 1 1 1 1 1 1 1 1 1 1 1 1 1 1 1 1 1 1 1 1 1 1 1 1 1 1 1 1 1 1 1 1 1 1 1 1 1 1 1 1 1 1 1 1 1 1 1 1 1 1 1 1 1 1 1 1 1 1 1 1 1 1 1 1 1 1 1 1 1 1 1 1 1 1 1 1 1 1 1 1 1 1 1 1 1 1 1 1 1 1 1 1 1 1 1 1 1 1 1 1 1 1 1 1 1 1 1 1 1 1 1 1 1 1 1 1 1 1 1 1 1 1 1 1 1 1 1 1 1 1 1 1 1 1 1 1 1 1 1 1 1 1 1 1 1 1 1 1 1 1 1 1 1 1 1 1 1 1 1 1 1 1 1 1 1 1 1 1 1 1 1 1 1 1 1 1 1 1 1 1 1 1 1 1 1 1 1 1 1 1 1 1 1 1 1 2 4 3 4 2 2 3 2 2 1 4 4 2 2 3 2 2 2 4 4 2 2 1 1 2 2 2 1 2 3 2 2 3 2 1 2 2 2 1 </vcount>
          <v>0 0 20 1 21 2 23 3 0 4 1 5 20 6 21 7 0 8 1 9 20 10 21 11 0 12 1 13 20 14 23 15 0 16 1 17 20 18 23 19 0 20 1 21 2 22 20 23 0 24 20 25 23 26 24 27 0 28 1 29 2 30 4 31 0 32 1 33 23 34 24 35 0 36 1 37 23 38 24 39 0 40 1 41 10 42 23 43 0 44 1 45 2 46 10 47 0 48 1 49 2 50 10 51 1 52 2 53 4 54 5 55 1 56 2 57 10 58 11 59 1 60 2 61 4 62 10 63 0 64 1 65 2 66 20 67 0 68 1 69 2 70 4 71 0 72 1 73 2 74 4 75 0 76 1 77 4 78 20 79 0 80 1 81 20 82 21 83 0 84 1 85 20 86 21 87 0 88 20 89 21 90 0 91 1 92 20 93 21 94 0 95 20 96 21 97 23 98 0 99 1 100 20 101 21 102 0 103 1 104 2 105 20 106 0 107 1 108 23 109 24 110 0 111 20 112 23 113 24 114 0 115 20 116 21 117 23 118 0 119 20 120 23 121 24 122 0 123 1 124 2 125 23 126 0 127 1 128 2 129 10 130 1 131 2 132 10 133 11 134 1 135 2 136 4 137 5 138 1 139 2 140 4 141 10 142 1 143 2 144 4 145 5 146 1 147 2 148 4 149 10 150 0 151 1 152 10 153 23 154 0 155 1 156 2 157 10 158 0 159 1 160 2 161 10 162 0 163 1 164 10 165 23 166 0 167 1 168 2 169 23 170 0 171 1 172 23 173 24 174 0 175 1 176 23 177 24 178 0 179 1 180 23 181 24 182 0 183 20 184 23 185 24 186 0 187 23 188 24 189 0 190 1 191 23 192 24 193 1 194 2 195 10 196 11 197 1 198 2 199 10 200 11 201 1 202 2 203 4 204 10 205 1 206 2 207 4 208 10 209 2 210 4 211 5 212 6 213 2 214 4 215 5 216 6 217 2 218 4 219 5 220 6 221 2 222 4 223 5 224 6 225 2 226 4 227 5 228 6 229 0 230 1 231 2 232 4 233 0 234 1 235 2 236 4 237 1 238 2 239 4 240 5 241 2 242 4 243 5 244 6 245 4 246 5 247 6 248 1 249 2 250 4 251 5 252 2 253 4 254 5 255 6 256 2 257 4 258 5 259 6 260 2 261 4 262 5 263 6 264 0 265 1 266 2 267 4 268 2 269 4 270 5 271 6 272 2 273 4 274 5 275 6 276 2 277 4 278 5 279 6 280 22 281 23 282 24 283 25 284 22 285 23 286 24 287 25 288 21 289 22 290 24 291 25 292 21 293 22 294 24 295 25 296 22 297 23 298 24 299 25 300 21 301 22 302 24 303 25 304 20 305 21 306 22 307 25 308 20 309 21 310 22 311 25 312 21 313 22 314 24 315 25 316 20 317 21 318 22 319 25 320 2 321 10 322 11 323 12 324 2 325 10 326 11 327 12 328 2 329 10 330 11 331 12 332 2 333 10 334 11 335 12 336 2 337 10 338 11 339 12 340 0 341 1 342 2 343 10 344 0 345 1 346 2 347 10 348 1 349 2 350 10 351 11 352 2 353 10 354 11 355 12 356 10 357 11 358 12 359 1 360 2 361 10 362 11 363 2 364 10 365 11 366 12 367 2 368 10 369 11 370 12 371 2 372 10 373 11 374 12 375 0 376 1 377 2 378 10 379 2 380 10 381 11 382 12 383 2 384 10 385 11 386 12 387 2 388 10 389 11 390 12 391 22 392 23 393 24 394 25 395 21 396 23 397 24 398 25 399 21 400 22 401 24 402 25 403 24 404 25 405 22 406 23 407 24 408 25 409 23 410 24 411 25 412 22 413 23 414 24 415 25 416 22 417 23 418 24 419 25 420 22 421 23 422 24 423 25 424 21 425 22 426 24 427 25 428 22 429 23 430 24 431 25 432 21 433 22 434 24 435 25 436 22 437 23 438 24 439 25 440 22 441 23 442 24 443 25 444 20 445 21 446 22 447 25 448 21 449 22 450 24 451 25 452 20 453 21 454 22 455 24 456 20 457 21 458 22 459 25 460 20 461 21 462 22 463 21 464 22 465 20 466 21 467 22 468 25 469 20 470 21 471 22 472 25 473 20 474 21 475 22 476 25 477 21 478 22 479 24 480 25 481 20 482 21 483 22 484 25 485 21 486 22 487 24 488 25 489 20 490 21 491 22 492 25 493 20 494 21 495 22 496 25 497 0 498 23 499 24 500 25 501 22 502 23 503 24 504 25 505 23 506 24 507 25 508 24 509 25 510 0 511 23 512 24 513 25 514 21 515 23 516 24 517 25 518 0 519 23 520 24 521 25 522 0 523 23 524 24 525 25 526 0 527 20 528 23 529 24 530 0 531 20 532 23 533 24 534 0 535 1 536 23 537 24 538 0 539 23 540 24 541 25 542 0 543 23 544 24 545 0 546 23 547 24 548 25 549 21 550 23 551 24 552 25 553 0 554 20 555 23 556 24 557 0 558 23 559 24 560 25 561 0 562 20 563 21 564 22 565 20 566 21 567 22 568 20 569 21 570 22 571 25 572 21 573 22 574 0 575 20 576 21 577 22 578 20 579 21 580 22 581 24 582 0 583 20 584 21 585 22 586 0 587 20 588 21 589 22 590 0 591 20 592 21 593 23 594 0 595 20 596 21 597 23 598 0 599 1 600 20 601 21 602 0 603 20 604 21 605 22 606 0 607 20 608 21 609 0 610 20 611 21 612 22 613 20 614 21 615 22 616 24 617 0 618 20 619 21 620 23 621 0 622 20 623 21 624 22 625 12 626 13 627 12 628 13 629 12 630 13 631 12 632 13 633 12 634 13 635 12 636 13 637 12 638 13 639 12 640 13 641 12 642 13 643 12 644 13 645 12 646 13 647 12 648 13 649 12 650 13 651 12 652 13 653 12 654 13 655 12 656 13 657 12 658 13 659 12 660 13 661 12 662 13 663 6 664 7 665 6 666 7 667 6 668 7 669 6 670 7 671 6 672 7 673 6 674 7 675 6 676 7 677 6 678 7 679 6 680 7 681 6 682 7 683 6 684 7 685 6 686 7 687 6 688 7 689 6 690 7 691 6 692 7 693 6 694 7 695 6 696 7 697 6 698 7 699 6 700 7 701 12 702 13 703 12 704 13 705 12 706 13 707 12 708 13 709 12 710 13 711 12 712 13 713 12 714 13 715 12 716 13 717 12 718 13 719 12 720 13 721 12 722 13 723 12 724 13 725 12 726 13 727 12 728 13 729 12 730 13 731 12 732 13 733 12 734 13 735 12 736 13 737 12 738 13 739 12 740 13 741 12 742 13 743 12 744 13 745 12 746 13 747 12 748 13 749 12 750 13 751 12 752 13 753 12 754 13 755 12 756 13 757 12 758 13 759 12 760 13 761 12 762 13 763 12 764 13 765 12 766 13 767 12 768 13 769 12 770 13 771 12 772 13 773 12 774 13 775 12 776 13 777 12 778 13 779 12 780 13 781 12 782 13 783 12 784 13 785 12 786 13 787 12 788 13 789 12 790 13 791 12 792 13 793 12 794 13 795 12 796 13 797 12 798 13 799 12 800 13 801 12 802 13 803 12 804 13 805 12 806 13 807 12 808 13 809 12 810 13 811 12 812 13 813 12 814 13 815 12 816 13 817 12 818 13 819 12 820 13 821 12 822 13 823 12 824 13 825 12 826 13 827 12 828 13 829 12 830 13 831 12 832 13 833 12 834 13 835 12 836 13 837 12 838 13 839 12 840 13 841 12 842 13 843 12 844 13 845 12 846 13 847 12 848 13 849 12 850 13 851 12 852 13 853 12 854 13 855 12 856 13 857 12 858 13 859 12 860 13 861 12 862 13 863 12 864 13 865 12 866 13 867 12 868 13 869 12 870 13 871 12 872 13 873 12 874 13 875 12 876 13 877 12 878 13 879 12 880 13 881 12 882 13 883 12 884 13 885 12 886 13 887 12 888 13 889 12 890 13 891 6 892 7 893 6 894 7 895 6 896 7 897 6 898 7 899 6 900 7 901 6 902 7 903 6 904 7 905 6 906 7 907 6 908 7 909 6 910 7 911 6 912 7 913 6 914 7 915 6 916 7 917 6 918 7 919 6 920 7 921 6 922 7 923 6 924 7 925 6 926 7 927 6 928 7 929 6 930 7 931 6 932 7 933 6 934 7 935 6 936 7 937 6 938 7 939 6 940 7 941 6 942 7 943 6 944 7 945 6 946 7 947 6 948 7 949 6 950 7 951 6 952 7 953 6 954 7 955 6 956 7 957 6 958 7 959 6 960 7 961 6 962 7 963 6 964 7 965 6 966 7 967 6 968 7 969 6 970 7 971 6 972 7 973 6 974 7 975 6 976 7 977 6 978 7 979 6 980 7 981 6 982 7 983 6 984 7 985 6 986 7 987 6 988 7 989 6 990 7 991 6 992 7 993 6 994 7 995 6 996 7 997 6 998 7 999 6 1000 7 1001 6 1002 7 1003 6 1004 7 1005 6 1006 7 1007 6 1008 7 1009 6 1010 7 1011 6 1012 7 1013 6 1014 7 1015 6 1016 7 1017 6 1018 7 1019 6 1020 7 1021 6 1022 7 1023 6 1024 7 1025 6 1026 7 1027 6 1028 7 1029 6 1030 7 1031 6 1032 7 1033 6 1034 7 1035 6 1036 7 1037 6 1038 7 1039 6 1040 7 1041 6 1042 7 1043 6 1044 7 1045 6 1046 7 1047 6 1048 7 1049 6 1050 7 1051 6 1052 7 1053 6 1054 7 1055 6 1056 7 1057 6 1058 7 1059 6 1060 7 1061 6 1062 7 1063 6 1064 7 1065 6 1066 7 1067 6 1068 7 1069 6 1070 7 1071 6 1072 7 1073 6 1074 7 1075 6 1076 7 1077 6 1078 7 1079 6 1080 7 1081 8 1082 9 1083 8 1084 9 1085 8 1086 9 1087 8 1088 9 1089 8 1090 9 1091 8 1092 9 1093 8 1094 9 1095 8 1096 9 1097 8 1098 9 1099 8 1100 9 1101 8 1102 9 1103 8 1104 9 1105 8 1106 9 1107 8 1108 9 1109 8 1110 9 1111 8 1112 9 1113 8 1114 8 1115 9 1116 8 1117 9 1118 8 1119 8 1120 9 1121 8 1122 8 1123 8 1124 9 1125 8 1126 8 1127 9 1128 8 1129 9 1130 8 1131 8 1132 8 1133 9 1134 8 1135 9 1136 8 1137 8 1138 8 1139 8 1140 8 1141 8 1142 8 1143 8 1144 8 1145 8 1146 8 1147 8 1148 8 1149 8 1150 8 1151 8 1152 8 1153 8 1154 8 1155 8 1156 8 1157 8 1158 8 1159 8 1160 8 1161 8 1162 8 1163 8 1164 8 1165 8 1166 8 1167 8 1168 8 1169 8 1170 8 1171 8 1172 8 1173 8 1174 8 1175 8 1176 8 1177 8 1178 8 1179 8 1180 8 1181 8 1182 9 1183 8 1184 9 1185 8 1186 9 1187 8 1188 9 1189 8 1190 9 1191 8 1192 9 1193 8 1194 9 1195 8 1196 9 1197 8 1198 9 1199 8 1200 9 1201 8 1202 9 1203 8 1204 9 1205 8 1206 9 1207 8 1208 9 1209 8 1210 9 1211 8 1212 9 1213 8 1214 9 1215 8 1216 9 1217 8 1218 9 1219 8 1220 9 1221 8 1222 9 1223 8 1224 9 1225 8 1226 9 1227 8 1228 9 1229 8 1230 9 1231 8 1232 9 1233 8 1234 9 1235 8 1236 9 1237 8 1238 9 1239 8 1240 9 1241 8 1242 9 1243 8 1244 9 1245 8 1246 9 1247 8 1248 9 1249 8 1250 9 1251 8 1252 9 1253 8 1254 9 1255 8 1256 9 1257 8 1258 9 1259 8 1260 9 1261 8 1262 9 1263 8 1264 9 1265 8 1266 9 1267 8 1268 9 1269 8 1270 9 1271 8 1272 9 1273 8 1274 9 1275 8 1276 9 1277 8 1278 9 1279 8 1280 9 1281 8 1282 9 1283 8 1284 9 1285 8 1286 9 1287 8 1288 9 1289 8 1290 9 1291 8 1292 9 1293 8 1294 9 1295 8 1296 9 1297 8 1298 9 1299 8 1300 9 1301 8 1302 9 1303 8 1304 9 1305 8 1306 9 1307 8 1308 9 1309 8 1310 9 1311 8 1312 9 1313 8 1314 9 1315 8 1316 9 1317 8 1318 9 1319 8 1320 9 1321 8 1322 9 1323 8 1324 9 1325 8 1326 9 1327 8 1328 9 1329 8 1330 9 1331 8 1332 9 1333 8 1334 9 1335 8 1336 9 1337 8 1338 9 1339 8 1340 9 1341 8 1342 9 1343 8 1344 9 1345 8 1346 9 1347 8 1348 9 1349 8 1350 9 1351 8 1352 9 1353 8 1354 9 1355 8 1356 9 1357 8 1358 9 1359 8 1360 9 1361 8 1362 9 1363 8 1364 9 1365 8 1366 9 1367 8 1368 9 1369 8 1370 9 1371 8 1372 9 1373 8 1374 9 1375 8 1376 9 1377 8 1378 9 1379 8 1380 9 1381 8 1382 9 1383 8 1384 9 1385 8 1386 9 1387 8 1388 9 1389 8 1390 9 1391 8 1392 9 1393 8 1394 9 1395 8 1396 9 1397 8 1398 9 1399 8 1400 9 1401 8 1402 9 1403 8 1404 9 1405 8 1406 9 1407 8 1408 9 1409 8 1410 9 1411 8 1412 9 1413 8 1414 9 1415 8 1416 9 1417 8 1418 9 1419 8 1420 9 1421 8 1422 9 1423 8 1424 9 1425 8 1426 9 1427 8 1428 9 1429 8 1430 9 1431 8 1432 9 1433 8 1434 9 1435 8 1436 9 1437 8 1438 9 1439 8 1440 9 1441 8 1442 9 1443 8 1444 9 1445 8 1446 9 1447 8 1448 9 1449 8 1450 9 1451 8 1452 9 1453 8 1454 9 1455 8 1456 9 1457 8 1458 9 1459 8 1460 9 1461 8 1462 9 1463 8 1464 9 1465 8 1466 9 1467 14 1468 15 1469 14 1470 15 1471 14 1472 15 1473 14 1474 15 1475 14 1476 15 1477 14 1478 14 1479 15 1480 14 1481 15 1482 14 1483 15 1484 14 1485 15 1486 14 1487 15 1488 14 1489 15 1490 14 1491 15 1492 14 1493 15 1494 14 1495 15 1496 14 1497 14 1498 14 1499 15 1500 14 1501 15 1502 14 1503 14 1504 15 1505 14 1506 14 1507 14 1508 15 1509 14 1510 14 1511 15 1512 14 1513 15 1514 14 1515 14 1516 14 1517 15 1518 14 1519 15 1520 14 1521 14 1522 14 1523 14 1524 14 1525 14 1526 14 1527 14 1528 14 1529 14 1530 14 1531 14 1532 14 1533 14 1534 14 1535 14 1536 14 1537 14 1538 14 1539 14 1540 14 1541 14 1542 14 1543 14 1544 14 1545 14 1546 14 1547 14 1548 14 1549 14 1550 14 1551 14 1552 14 1553 14 1554 14 1555 14 1556 14 1557 14 1558 14 1559 14 1560 14 1561 14 1562 14 1563 14 1564 14 1565 14 1566 15 1567 14 1568 15 1569 14 1570 15 1571 14 1572 15 1573 14 1574 15 1575 14 1576 15 1577 14 1578 15 1579 14 1580 15 1581 14 1582 15 1583 14 1584 15 1585 14 1586 15 1587 14 1588 15 1589 14 1590 15 1591 14 1592 15 1593 14 1594 15 1595 14 1596 15 1597 14 1598 15 1599 14 1600 15 1601 14 1602 15 1603 14 1604 15 1605 14 1606 15 1607 14 1608 15 1609 14 1610 15 1611 14 1612 15 1613 14 1614 15 1615 14 1616 15 1617 14 1618 15 1619 14 1620 15 1621 14 1622 15 1623 14 1624 15 1625 14 1626 15 1627 14 1628 15 1629 14 1630 15 1631 14 1632 15 1633 14 1634 15 1635 14 1636 15 1637 14 1638 15 1639 14 1640 15 1641 14 1642 15 1643 14 1644 15 1645 14 1646 15 1647 14 1648 15 1649 14 1650 15 1651 14 1652 15 1653 14 1654 15 1655 14 1656 15 1657 14 1658 15 1659 14 1660 15 1661 14 1662 15 1663 14 1664 15 1665 14 1666 15 1667 14 1668 15 1669 14 1670 15 1671 14 1672 15 1673 14 1674 15 1675 14 1676 15 1677 14 1678 15 1679 14 1680 15 1681 14 1682 15 1683 14 1684 15 1685 14 1686 15 1687 14 1688 15 1689 14 1690 15 1691 14 1692 15 1693 14 1694 15 1695 14 1696 15 1697 14 1698 15 1699 14 1700 15 1701 14 1702 15 1703 14 1704 15 1705 14 1706 15 1707 14 1708 15 1709 14 1710 15 1711 14 1712 15 1713 14 1714 15 1715 14 1716 15 1717 14 1718 15 1719 14 1720 15 1721 14 1722 15 1723 14 1724 15 1725 14 1726 15 1727 14 1728 15 1729 14 1730 15 1731 14 1732 15 1733 14 1734 15 1735 14 1736 15 1737 14 1738 15 1739 14 1740 15 1741 14 1742 15 1743 14 1744 15 1745 14 1746 15 1747 14 1748 15 1749 14 1750 15 1751 14 1752 15 1753 14 1754 15 1755 14 1756 15 1757 14 1758 15 1759 14 1760 15 1761 14 1762 15 1763 14 1764 15 1765 14 1766 15 1767 14 1768 15 1769 14 1770 15 1771 14 1772 15 1773 14 1774 15 1775 14 1776 15 1777 14 1778 15 1779 14 1780 15 1781 14 1782 15 1783 14 1784 15 1785 14 1786 15 1787 14 1788 15 1789 14 1790 15 1791 14 1792 15 1793 14 1794 15 1795 14 1796 15 1797 14 1798 15 1799 14 1800 15 1801 14 1802 15 1803 14 1804 15 1805 14 1806 15 1807 14 1808 15 1809 14 1810 15 1811 14 1812 15 1813 14 1814 15 1815 14 1816 15 1817 14 1818 15 1819 14 1820 15 1821 14 1822 15 1823 14 1824 15 1825 14 1826 15 1827 14 1828 15 1829 14 1830 15 1831 14 1832 15 1833 14 1834 15 1835 14 1836 15 1837 14 1838 15 1839 14 1840 15 1841 14 1842 15 1843 14 1844 15 1845 14 1846 15 1847 14 1848 15 1849 14 1850 15 1851 3 1852 3 1853 3 1854 3 1855 3 1856 3 1857 3 1858 3 1859 3 1860 3 1861 3 1862 3 1863 3 1864 3 1865 3 1866 3 1867 3 1868 3 1869 3 1870 3 1871 3 1872 3 1873 3 1874 3 1875 3 1876 3 1877 3 1878 3 1879 3 1880 3 1881 3 1882 3 1883 3 1884 3 1885 3 1886 3 1887 3 1888 3 1889 3 1890 3 1891 3 1892 3 1893 3 1894 3 1895 3 1896 3 1897 3 1898 3 1899 3 1900 3 1901 3 1902 3 1903 3 1904 3 1905 3 1906 3 1907 3 1908 3 1909 3 1910 3 1911 3 1912 3 1913 3 1914 3 1915 3 1916 3 1917 3 1918 3 1919 3 1920 3 1921 3 1922 3 1923 3 1924 3 1925 3 1926 3 1927 3 1928 3 1929 3 1930 3 1931 3 1932 3 1933 3 1934 3 1935 3 1936 3 1937 3 1938 3 1939 3 1940 3 1941 3 1942 3 1943 3 1944 3 1945 3 1946 3 1947 3 1948 3 1949 3 1950 3 1951 3 1952 3 1953 3 1954 3 1955 3 1956 3 1957 3 1958 3 1959 3 1960 3 1961 3 1962 3 1963 3 1964 3 1965 3 1966 3 1967 3 1968 3 1969 3 1970 3 1971 3 1972 3 1973 3 1974 3 1975 3 1976 3 1977 3 1978 3 1979 3 1980 3 1981 3 1982 3 1983 3 1984 3 1985 3 1986 3 1987 3 1988 3 1989 3 1990 3 1991 3 1992 3 1993 3 1994 3 1995 3 1996 3 1997 3 1998 3 1999 3 2000 3 2001 3 2002 3 2003 3 2004 3 2005 3 2006 3 2007 3 2008 3 2009 3 2010 3 2011 3 2012 3 2013 3 2014 3 2015 3 2016 3 2017 3 2018 3 2019 3 2020 3 2021 3 2022 3 2023 3 2024 3 2025 3 2026 3 2027 3 2028 3 2029 3 2030 3 2031 3 2032 3 2033 3 2034 3 2035 3 2036 3 2037 3 2038 3 2039 3 2040 3 2041 3 2042 3 2043 3 2044 3 2045 3 2046 3 2047 3 2048 3 2049 3 2050 3 2051 3 2052 3 2053 3 2054 3 2055 3 2056 3 2057 3 2058 3 2059 3 2060 3 2061 3 2062 3 2063 3 2064 3 2065 3 2066 3 2067 3 2068 3 2069 3 2070 3 2071 3 2072 3 2073 3 2074 3 2075 3 2076 3 2077 3 2078 3 2079 3 2080 3 2081 3 2082 3 2083 3 2084 3 2085 3 2086 3 2087 3 2088 3 2089 3 2090 3 2091 3 2092 3 2093 3 2094 3 2095 3 2096 3 2097 3 2098 3 2099 3 2100 3 2101 3 2102 3 2103 3 2104 3 2105 3 2106 3 2107 3 2108 3 2109 3 2110 3 2111 3 2112 3 2113 3 2114 3 2115 3 2116 3 2117 3 2118 3 2119 3 2120 3 2121 3 2122 3 2123 3 2124 3 2125 3 2126 3 2127 3 2128 3 2129 3 2130 3 2131 3 2132 3 2133 3 2134 3 2135 3 2136 3 2137 3 2138 3 2139 3 2140 3 2141 3 2142 3 2143 3 2144 3 2145 3 2146 3 2147 3 2148 3 2149 3 2150 3 2151 3 2152 3 2153 3 2154 3 2155 3 2156 3 2157 3 2158 3 2159 3 2160 3 2161 3 2162 3 2163 3 2164 3 2165 3 2166 3 2167 3 2168 3 2169 3 2170 3 2171 3 2172 3 2173 3 2174 3 2175 3 2176 3 2177 3 2178 3 2179 3 2180 3 2181 3 2182 3 2183 3 2184 3 2185 3 2186 3 2187 3 2188 3 2189 3 2190 3 2191 3 2192 3 2193 3 2194 3 2195 3 2196 3 2197 3 2198 3 2199 3 2200 3 2201 3 2202 3 2203 3 2204 3 2205 3 2206 3 2207 3 2208 3 2209 3 2210 3 2211 3 2212 3 2213 3 2214 3 2215 3 2216 3 2217 3 2218 3 2219 3 2220 3 2221 3 2222 3 2223 3 2224 3 2225 3 2226 3 2227 3 2228 3 2229 3 2230 3 2231 3 2232 3 2233 3 2234 3 2235 3 2236 3 2237 3 2238 3 2239 3 2240 3 2241 3 2242 3 2243 3 2244 3 2245 3 2246 3 2247 3 2248 3 2249 3 2250 3 2251 3 2252 3 2253 3 2254 3 2255 3 2256 3 2257 3 2258 3 2259 3 2260 3 2261 3 2262 3 2263 3 2264 3 2265 3 2266 3 2267 3 2268 3 2269 3 2270 3 2271 3 2272 3 2273 3 2274 3 2275 3 2276 3 2277 3 2278 3 2279 3 2280 3 2281 3 2282 3 2283 3 2284 3 2285 3 2286 3 2287 3 2288 18 2289 19 2290 16 2291 17 2292 18 2293 19 2294 17 2295 18 2296 19 2297 16 2298 17 2299 18 2300 19 2301 17 2302 18 2303 17 2304 18 2305 17 2306 18 2307 19 2308 18 2309 19 2310 17 2311 18 2312 17 2313 16 2314 17 2315 18 2316 19 2317 16 2318 17 2319 18 2320 19 2321 16 2322 17 2323 17 2324 18 2325 17 2326 18 2327 19 2328 18 2329 19 2330 18 2331 19 2332 16 2333 17 2334 16 2335 17 2336 18 2337 19 2338 16 2339 17 2340 18 2341 19 2342 16 2343 17 2344 16 2345 17 2346 16 2347 16 2348 16 2349 17 2350 16 2351 17 2352 16 2353 17 2354 16 2355 16 2356 17 2357 16 2358 17 2359 18 2360 17 2361 18 2362 17 2363 18 2364 17 2365 18 2366 19 2367 18 2368 19 2369 17 2370 16 2371 17 2372 16 2373 17 2374 16 2375 17 2376 16 2377</v>
        </vertex_weights>
      </skin>
    </controller>
  </library_controllers>
  <library_visual_scenes>
    <visual_scene id="Scene" name="Scene">
      <node id="MonkeyRig_Monkey" name="MonkeyRig:Monkey" type="NODE">
        <matrix sid="transform">1 0 0 0 0 -4.37114e-8 -1 0 0 1 -4.37114e-8 0 0 0 0 1</matrix>
        <node id="MonkeyRig_Monkey_MonkeyRig_NonkeyableGrp" name="MonkeyRig:NonkeyableGrp" sid="MonkeyRig_NonkeyableGrp" type="JOINT">
          <matrix sid="transform">1 0 0 0 0 1 0 0 0 0 1 0 0 0 0 1</matrix>
          <node id="MonkeyRig_Monkey_MonkeyRig_MonkeyJnt_Root" name="MonkeyRig:MonkeyJnt_Root" sid="MonkeyRig_MonkeyJnt_Root" type="JOINT">
            <matrix sid="transform">0 -1 0 0.002924044 1 0 0 4.979732 0 0 1 0 0 0 0 1</matrix>
            <node id="MonkeyRig_Monkey_MonkeyRig_MonkeyJnt_Spine01" name="MonkeyRig:MonkeyJnt_Spine01" sid="MonkeyRig_MonkeyJnt_Spine01" type="JOINT">
              <matrix sid="transform">0.9999274 0.01204733 0 2.03512 -0.01204733 0.9999274 0 2.42472e-4 0 0 1 -3.09086e-15 0 0 0 1</matrix>
              <node id="MonkeyRig_Monkey_MonkeyRig_MonkeyJnt_Spine02" name="MonkeyRig:MonkeyJnt_Spine02" sid="MonkeyRig_MonkeyJnt_Spine02" type="JOINT">
                <matrix sid="transform">0.9990364 0.0414393 1.50866e-7 2.833436 0.04143061 -0.9991409 6.25716e-9 -9.22196e-4 1.5098e-7 0 -1 6.39489e-16 0 0 0 1</matrix>
                <node id="MonkeyRig_Monkey_MonkeyRig_MonkeyJnt_Head" name="MonkeyRig:MonkeyJnt_Head" sid="MonkeyRig_MonkeyJnt_Head" type="JOINT">
                  <matrix sid="transform">0.9995677 -0.02940243 -6.36108e-8 1.739058 0.02940244 0.9995677 2.56996e-9 0.01606342 6.35078e-8 -4.43916e-9 1 2.62563e-7 0 0 0 1</matrix>
                  <extra>
                    <technique profile="blender">
                      <layer sid="layer" type="string">0</layer>
                      <roll sid="roll" type="float">3.141593</roll>
                      <tip_x sid="tip_x" type="float">1.82208</tip_x>
                      <tip_y sid="tip_y" type="float">0</tip_y>
                      <tip_z sid="tip_z" type="float">0</tip_z>
                    </technique>
                  </extra>
                </node>
                <node id="MonkeyRig_Monkey_MonkeyRig_MonkeyJnt_Shoulder_L" name="MonkeyRig:MonkeyJnt_Shoulder_L" sid="MonkeyRig_MonkeyJnt_Shoulder_L" type="JOINT">
                  <matrix sid="transform">-0.05209373 0.9986426 1.50895e-7 0.05406284 0.9986423 0.05209358 -1.0607e-10 1.862775 -7.96663e-9 1.50685e-7 -1 0.005975702 0 0 0 1</matrix>
                  <node id="MonkeyRig_Monkey_MonkeyRig_MonkeyJnt_Arm_L" name="MonkeyRig:MonkeyJnt_Arm_L" sid="MonkeyRig_MonkeyJnt_Arm_L" type="JOINT">
                    <matrix sid="transform">0.9996119 0.02785989 9.57254e-11 2.521384 -0.0278599 0.9996119 -2.66795e-12 -0.01150703 -9.57625e-11 0 1 0.008081459 0 0 0 1</matrix>
                    <node id="MonkeyRig_Monkey_MonkeyRig_MonkeyJnt_Hand_L" name="MonkeyRig:MonkeyJnt_Hand_L" sid="MonkeyRig_MonkeyJnt_Hand_L" type="JOINT">
                      <matrix sid="transform">0.9968029 -0.0798995 2.53455e-12 2.617701 0.0798995 0.9968029 9.29783e-11 0.2282076 -9.95537e-12 -9.24785e-11 1 -7.48978e-10 0 0 0 1</matrix>
                      <node id="MonkeyRig_Monkey_MonkeyRig_MonkeyJnt_Fingers_L" name="MonkeyRig:MonkeyJnt_Fingers_L" sid="MonkeyRig_MonkeyJnt_Fingers_L" type="JOINT">
                        <matrix sid="transform">0.9966417 0.08188611 -2.58419e-12 2.438392 -0.08188611 0.9966416 2.67973e-13 0.1399727 2.59746e-12 -5.54664e-14 1 -6.62159e-12 0 0 0 1</matrix>
                        <extra>
                          <technique profile="blender">
                            <layer sid="layer" type="string">0</layer>
                            <roll sid="roll" type="float">0</roll>
                            <tip_x sid="tip_x" type="float">0.3439627</tip_x>
                            <tip_y sid="tip_y" type="float">6.53529</tip_y>
                            <tip_z sid="tip_z" type="float">0</tip_z>
                          </technique>
                        </extra>
                      </node>
                      <node id="MonkeyRig_Monkey_MonkeyRig_Propjectile_L" name="MonkeyRig:Propjectile_L" sid="MonkeyRig_Propjectile_L" type="JOINT">
                        <matrix sid="transform">4.09782e-8 0.9995674 0.02940635 -7.491385 4.25498e-8 -0.02940634 0.9995675 -7.398911 0.9999999 0 -4.37114e-8 -1.577741 0 0 0 1</matrix>
                        <node id="MonkeyRig_Monkey_Propjectile_L" name="Propjectile_L" sid="Propjectile_L" type="JOINT">
                          <matrix sid="transform">0.9999999 0 4.54747e-12 4.74 0 1 -7.45149e-9 -1.89245e-6 -4.55103e-12 7.45136e-9 0.9999999 0 0 0 0 1</matrix>
                          <extra>
                            <technique profile="blender">
                              <layer sid="layer" type="string">0</layer>
                              <roll sid="roll" type="float">-1.570796</roll>
                              <tip_x sid="tip_x" type="float">4.740001</tip_x>
                              <tip_y sid="tip_y" type="float">0</tip_y>
                              <tip_z sid="tip_z" type="float">0</tip_z>
                            </technique>
                          </extra>
                        </node>
                        <extra>
                          <technique profile="blender">
                            <layer sid="layer" type="string">0</layer>
                            <roll sid="roll" type="float">-1.570796</roll>
                            <tip_x sid="tip_x" type="float">4.740002</tip_x>
                            <tip_y sid="tip_y" type="float">0</tip_y>
                            <tip_z sid="tip_z" type="float">0</tip_z>
                          </technique>
                        </extra>
                      </node>
                      <extra>
                        <technique profile="blender">
                          <layer sid="layer" type="string">0</layer>
                          <roll sid="roll" type="float">0</roll>
                          <tip_x sid="tip_x" type="float">-0.1923975</tip_x>
                          <tip_y sid="tip_y" type="float">6.541505</tip_y>
                          <tip_z sid="tip_z" type="float">0</tip_z>
                        </technique>
                      </extra>
                    </node>
                    <extra>
                      <technique profile="blender">
                        <layer sid="layer" type="string">0</layer>
                        <roll sid="roll" type="float">0</roll>
                        <tip_x sid="tip_x" type="float">0.1328744</tip_x>
                        <tip_y sid="tip_y" type="float">2.624269</tip_y>
                        <tip_z sid="tip_z" type="float">0</tip_z>
                      </technique>
                    </extra>
                  </node>
                  <extra>
                    <technique profile="blender">
                      <layer sid="layer" type="string">0</layer>
                      <roll sid="roll" type="float">0</roll>
                      <tip_x sid="tip_x" type="float">0.05729031</tip_x>
                      <tip_y sid="tip_y" type="float">2.520772</tip_y>
                      <tip_z sid="tip_z" type="float">0</tip_z>
                    </technique>
                  </extra>
                </node>
                <node id="MonkeyRig_Monkey_MonkeyRig_MonkeyJnt_Shoulder_R" name="MonkeyRig:MonkeyJnt_Shoulder_R" sid="MonkeyRig_MonkeyJnt_Shoulder_R" type="JOINT">
                  <matrix sid="transform">-0.05209351 0.998642 1.50981e-7 0.166256 0.9986423 0.05209368 -1.5817e-11 -1.856295 -7.8809e-9 1.50775e-7 -1 2.51013e-8 0 0 0 1</matrix>
                  <node id="MonkeyRig_Monkey_MonkeyRig_MonkeyJnt_Arm_R" name="MonkeyRig:MonkeyJnt_Arm_R" sid="MonkeyRig_MonkeyJnt_Arm_R" type="JOINT">
                    <matrix sid="transform">0.9996119 0.02785972 1.26532e-11 -2.51955 -0.02785972 0.9996118 1.02442e-13 -0.1273813 -1.26455e-11 -4.54918e-13 1 3.99017e-11 0 0 0 1</matrix>
                    <node id="MonkeyRig_Monkey_MonkeyRig_MonkeyJnt_Hand_R" name="MonkeyRig:MonkeyJnt_Hand_R" sid="MonkeyRig_MonkeyJnt_Hand_R" type="JOINT">
                      <matrix sid="transform">0.996803 -0.07989939 2.52956e-12 -2.72157 0.0798994 0.996803 -5.14658e-14 -0.04207039 -2.51736e-12 2.53412e-13 1 8.65814e-12 0 0 0 1</matrix>
                      <node id="MonkeyRig_Monkey_MonkeyRig_MonkeyJnt_Fingers_R" name="MonkeyRig:MonkeyJnt_Fingers_R" sid="MonkeyRig_MonkeyJnt_Fingers_R" type="JOINT">
                        <matrix sid="transform">0.9966417 0.08188597 -2.57941e-12 -2.402381 -0.08188596 0.9966416 2.64854e-13 0.2823954 2.59244e-12 -5.27468e-14 1 1.54229e-12 0 0 0 1</matrix>
                        <extra>
                          <technique profile="blender">
                            <layer sid="layer" type="string">0</layer>
                            <roll sid="roll" type="float">0</roll>
                            <tip_x sid="tip_x" type="float">0.3476086</tip_x>
                            <tip_y sid="tip_y" type="float">6.604564</tip_y>
                            <tip_z sid="tip_z" type="float">0</tip_z>
                          </technique>
                        </extra>
                      </node>
                      <node id="MonkeyRig_Monkey_MonkeyRig_Propjectile_R" name="MonkeyRig:Propjectile_R" sid="MonkeyRig_Propjectile_R" type="JOINT">
                        <matrix sid="transform">0.02940661 -0.9995675 9.30503e-13 7.0701 0.9995676 0.02940657 3.1629e-11 -7.852271 -3.16427e-11 0 1 -2.278723 0 0 0 1</matrix>
                        <node id="MonkeyRig_Monkey_Propjectile_R" name="Propjectile_R" sid="Propjectile_R" type="JOINT">
                          <matrix sid="transform">0.9999999 3.73263e-8 3.32373e-15 0.01317716 -3.73257e-8 0.9999999 0 0.002354145 -3.32373e-15 0 1 4.715686 0 0 0 1</matrix>
                          <extra>
                            <technique profile="blender">
                              <layer sid="layer" type="string">0</layer>
                              <roll sid="roll" type="float">0</roll>
                              <tip_x sid="tip_x" type="float">-4.715706</tip_x>
                              <tip_y sid="tip_y" type="float">0</tip_y>
                              <tip_z sid="tip_z" type="float">0</tip_z>
                            </technique>
                          </extra>
                        </node>
                        <extra>
                          <technique profile="blender">
                            <layer sid="layer" type="string">0</layer>
                            <roll sid="roll" type="float">0</roll>
                            <tip_x sid="tip_x" type="float">-4.715707</tip_x>
                            <tip_y sid="tip_y" type="float">0</tip_y>
                            <tip_z sid="tip_z" type="float">0</tip_z>
                          </technique>
                        </extra>
                      </node>
                      <extra>
                        <technique profile="blender">
                          <layer sid="layer" type="string">0</layer>
                          <roll sid="roll" type="float">0</roll>
                          <tip_x sid="tip_x" type="float">-0.1944365</tip_x>
                          <tip_y sid="tip_y" type="float">6.610846</tip_y>
                          <tip_z sid="tip_z" type="float">0</tip_z>
                        </technique>
                      </extra>
                    </node>
                    <extra>
                      <technique profile="blender">
                        <layer sid="layer" type="string">0</layer>
                        <roll sid="roll" type="float">0</roll>
                        <tip_x sid="tip_x" type="float">0.1376409</tip_x>
                        <tip_y sid="tip_y" type="float">2.71841</tip_y>
                        <tip_z sid="tip_z" type="float">0</tip_z>
                      </technique>
                    </extra>
                  </node>
                  <extra>
                    <technique profile="blender">
                      <layer sid="layer" type="string">0</layer>
                      <roll sid="roll" type="float">0</roll>
                      <tip_x sid="tip_x" type="float">0.05732083</tip_x>
                      <tip_y sid="tip_y" type="float">2.522116</tip_y>
                      <tip_z sid="tip_z" type="float">0</tip_z>
                    </technique>
                  </extra>
                </node>
                <extra>
                  <technique profile="blender">
                    <layer sid="layer" type="string">0</layer>
                    <roll sid="roll" type="float">3.141593</roll>
                    <tip_x sid="tip_x" type="float">1.821292</tip_x>
                    <tip_y sid="tip_y" type="float">0.05356788</tip_y>
                    <tip_z sid="tip_z" type="float">0</tip_z>
                  </technique>
                </extra>
              </node>
              <extra>
                <technique profile="blender">
                  <layer sid="layer" type="string">0</layer>
                  <tip_x sid="tip_x" type="float">-2.833231</tip_x>
                  <tip_y sid="tip_y" type="float">0.03413534</tip_y>
                  <tip_z sid="tip_z" type="float">0</tip_z>
                </technique>
              </extra>
            </node>
            <node id="MonkeyRig_Monkey_MonkeyRig_MonkeyJnt_Tail01" name="MonkeyRig:MonkeyJnt_Tail01" sid="MonkeyRig_MonkeyJnt_Tail01" type="JOINT">
              <matrix sid="transform">-0.3492999 0.9370109 -2.98023e-8 1.071875 -2.98023e-8 0 -1 0.002193093 -0.9370109 -0.3492999 2.98023e-8 -1.778322 0 0 0 1</matrix>
              <node id="MonkeyRig_Monkey_MonkeyRig_MonkeyJnt_Tail02" name="MonkeyRig:MonkeyJnt_Tail02" sid="MonkeyRig_MonkeyJnt_Tail02" type="JOINT">
                <matrix sid="transform">0.9830234 -0.05732238 0.174296 5.996637 0.05644199 0.9983557 0.01000754 0.1331098 -0.1745831 -2.48076e-8 0.9846424 -0.2708237 0 0 0 1</matrix>
                <node id="MonkeyRig_Monkey_MonkeyRig_MonkeyJnt_Tail03" name="MonkeyRig:MonkeyJnt_Tail03" sid="MonkeyRig_MonkeyJnt_Tail03" type="JOINT">
                  <matrix sid="transform">0.9999617 0.008767605 7.45058e-8 3.395756 -0.008767605 0.9999617 -1.60187e-7 0.3638511 -5.96046e-8 1.60187e-7 1 3.022116 0 0 0 1</matrix>
                  <node id="MonkeyRig_Monkey_MonkeyRig_MonkeyJnt_Tail04" name="MonkeyRig:MonkeyJnt_Tail04" sid="MonkeyRig_MonkeyJnt_Tail04" type="JOINT">
                    <matrix sid="transform">-1.04308e-7 -0.30338 -0.9528695 -3.063967 2.23517e-7 0.9528692 -0.3033801 -0.9444902 0.9999999 -2.69676e-7 0 3.072738 0 0 0 1</matrix>
                    <extra>
                      <technique profile="blender">
                        <layer sid="layer" type="string">0</layer>
                        <roll sid="roll" type="float">0.1677095</roll>
                        <tip_x sid="tip_x" type="float">0.2287263</tip_x>
                        <tip_y sid="tip_y" type="float">4.434973</tip_y>
                        <tip_z sid="tip_z" type="float">-0.01922416</tip_z>
                      </technique>
                    </extra>
                  </node>
                  <extra>
                    <technique profile="blender">
                      <layer sid="layer" type="string">0</layer>
                      <roll sid="roll" type="float">1.74651</roll>
                      <tip_x sid="tip_x" type="float">-0.006797313</tip_x>
                      <tip_y sid="tip_y" type="float">4.231783</tip_y>
                      <tip_z sid="tip_z" type="float">-1.346711</tip_z>
                    </technique>
                  </extra>
                </node>
                <extra>
                  <technique profile="blender">
                    <layer sid="layer" type="string">0</layer>
                    <roll sid="roll" type="float">1.746279</roll>
                    <tip_x sid="tip_x" type="float">-1.19209e-7</tip_x>
                    <tip_y sid="tip_y" type="float">4.357377</tip_y>
                    <tip_z sid="tip_z" type="float">-1.345365</tip_z>
                  </technique>
                </extra>
              </node>
              <extra>
                <technique profile="blender">
                  <layer sid="layer" type="string">0</layer>
                  <roll sid="roll" type="float">1.570796</roll>
                  <tip_x sid="tip_x" type="float">0</tip_x>
                  <tip_y sid="tip_y" type="float">5.626023</tip_y>
                  <tip_z sid="tip_z" type="float">-2.097275</tip_z>
                </technique>
              </extra>
            </node>
            <node id="MonkeyRig_Monkey_MonkeyRig_MonkeyJnt_Thigh_L" name="MonkeyRig:MonkeyJnt_Thigh_L" sid="MonkeyRig_MonkeyJnt_Thigh_L" type="JOINT">
              <matrix sid="transform">-0.9852594 0.1710678 6.40759e-5 -0.01495075 6.15525e-5 -1.98651e-5 0.9999999 -1.678162 0.1710678 0.9852592 9.0804e-6 -0.01404529 0 0 0 1</matrix>
              <node id="MonkeyRig_Monkey_MonkeyRig_MonkeyJnt_Calf_L" name="MonkeyRig:MonkeyJnt_Calf_L" sid="MonkeyRig_MonkeyJnt_Calf_L" type="JOINT">
                <matrix sid="transform">0.9278079 -0.3730562 -1.16489e-7 1.992501 -0.3730555 -0.9278086 5.17612e-8 -4.17233e-7 -1.27405e-7 -4.56657e-9 -1 -1.19209e-7 0 0 0 1</matrix>
                <node id="MonkeyRig_Monkey_MonkeyRig_MonkeyJnt_Foot_L" name="MonkeyRig:MonkeyJnt_Foot_L" sid="MonkeyRig_MonkeyJnt_Foot_L" type="JOINT">
                  <matrix sid="transform">0.156156 -0.9219185 -0.3545152 1.97102 -0.9877323 -0.1457472 -0.05605728 5.36442e-7 1.05798e-5 0.3589196 -0.9333683 6.55651e-6 0 0 0 1</matrix>
                  <extra>
                    <technique profile="blender">
                      <layer sid="layer" type="string">0</layer>
                      <roll sid="roll" type="float">-1.501873</roll>
                      <tip_x sid="tip_x" type="float">0.7075533</tip_x>
                      <tip_y sid="tip_y" type="float">1.717012</tip_y>
                      <tip_z sid="tip_z" type="float">0.6604136</tip_z>
                    </technique>
                  </extra>
                </node>
                <extra>
                  <technique profile="blender">
                    <layer sid="layer" type="string">0</layer>
                    <roll sid="roll" type="float">1.570857</roll>
                    <tip_x sid="tip_x" type="float">8.9407e-6</tip_x>
                    <tip_y sid="tip_y" type="float">0.4116249</tip_y>
                    <tip_z sid="tip_z" type="float">-1.927556</tip_z>
                  </technique>
                </extra>
              </node>
              <extra>
                <technique profile="blender">
                  <layer sid="layer" type="string">0</layer>
                  <roll sid="roll" type="float">-1.570841</roll>
                  <tip_x sid="tip_x" type="float">3.94583e-5</tip_x>
                  <tip_y sid="tip_y" type="float">0.3408527</tip_y>
                  <tip_z sid="tip_z" type="float">1.96313</tip_z>
                </technique>
              </extra>
            </node>
            <node id="MonkeyRig_Monkey_MonkeyRig_MonkeyJnt_Thigh_R" name="MonkeyRig:MonkeyJnt_Thigh_R" sid="MonkeyRig_MonkeyJnt_Thigh_R" type="JOINT">
              <matrix sid="transform">-0.9852609 0.1710585 7.21607e-5 -0.01495314 1.63936e-4 5.22189e-4 0.9999999 1.678163 0.1710584 0.9852609 -5.42698e-4 -0.01404515 0 0 0 1</matrix>
              <node id="MonkeyRig_Monkey_MonkeyRig_MonkeyJnt_Calf_R" name="MonkeyRig:MonkeyJnt_Calf_R" sid="MonkeyRig_MonkeyJnt_Calf_R" type="JOINT">
                <matrix sid="transform">0.927817 -0.3730386 1.97164e-7 1.992498 -0.3730396 -0.927816 -6.73463e-8 8.9407e-7 2.08092e-7 -1.10595e-8 -1 -3.57628e-7 0 0 0 1</matrix>
                <node id="MonkeyRig_Monkey_MonkeyRig_MonkeyJnt_Foot_R" name="MonkeyRig:MonkeyJnt_Foot_R" sid="MonkeyRig_MonkeyJnt_Foot_R" type="JOINT">
                  <matrix sid="transform">0.1561549 -0.9218802 -0.3546161 1.971014 -0.9877325 -0.1455504 -0.05656593 -1.65403e-6 5.32359e-4 0.3590989 -0.9332995 3.57628e-7 0 0 0 1</matrix>
                  <extra>
                    <technique profile="blender">
                      <layer sid="layer" type="string">0</layer>
                      <roll sid="roll" type="float">-1.501871</roll>
                      <tip_x sid="tip_x" type="float">0.7075549</tip_x>
                      <tip_y sid="tip_y" type="float">1.717018</tip_y>
                      <tip_z sid="tip_z" type="float">0.6603942</tip_z>
                    </technique>
                  </extra>
                </node>
                <extra>
                  <technique profile="blender">
                    <layer sid="layer" type="string">0</layer>
                    <roll sid="roll" type="float">1.570312</roll>
                    <tip_x sid="tip_x" type="float">0.001075506</tip_x>
                    <tip_y sid="tip_y" type="float">0.4116063</tip_y>
                    <tip_z sid="tip_z" type="float">-1.927559</tip_z>
                  </technique>
                </extra>
              </node>
              <extra>
                <technique profile="blender">
                  <layer sid="layer" type="string">0</layer>
                  <roll sid="roll" type="float">-1.5714</roll>
                  <tip_x sid="tip_x" type="float">-0.001040458</tip_x>
                  <tip_y sid="tip_y" type="float">0.3408337</tip_y>
                  <tip_z sid="tip_z" type="float">1.96313</tip_z>
                </technique>
              </extra>
            </node>
            <extra>
              <technique profile="blender">
                <layer sid="layer" type="string">0</layer>
                <tip_x sid="tip_x" type="float">-1.867019</tip_x>
                <tip_y sid="tip_y" type="float">0</tip_y>
                <tip_z sid="tip_z" type="float">0</tip_z>
              </technique>
            </extra>
          </node>
          <extra>
            <technique profile="blender">
              <layer sid="layer" type="string">0</layer>
              <tip_x sid="tip_x" type="float">0</tip_x>
              <tip_y sid="tip_y" type="float">4.979732</tip_y>
              <tip_z sid="tip_z" type="float">0</tip_z>
            </technique>
          </extra>
        </node>
        <node id="FlatSkin_EngineerMonkey_DoubleGun" name="FlatSkin_EngineerMonkey_DoubleGun" type="NODE">
          <matrix sid="transform">1 0 0 0 0 1 0 0 0 0 1 0 0 0 0 1</matrix>
          <instance_controller url="#MonkeyRig_Monkey_FlatSkin_EngineerMonkey_DoubleGun-skin">
            <skeleton>#MonkeyRig_Monkey_MonkeyRig_NonkeyableGrp</skeleton>
            <bind_material>
              <technique_common>
                <instance_material symbol="_8994D4EB4F0760DF56863A95591D8EC-material" target="#_8994D4EB4F0760DF56863A95591D8EC-material">
                  <bind_vertex_input semantic="UV0" input_semantic="TEXCOORD" input_set="0"/>
                </instance_material>
              </technique_common>
            </bind_material>
          </instance_controller>
        </node>
      </node>
    </visual_scene>
  </library_visual_scenes>
  <scene>
    <instance_visual_scene url="#Scene"/>
  </scene>
</COLLADA>